Username,Pick a player,Pick a player,Pick a player,Pick a player,Pick a player,Pick a player,Pick a player,Pick a player,Pick a player,Pick a player,Verification word
fubaguy,Slammy Davis Jr.,Emilia Skovgaard,Artur Skoglund,Kasey Karlsson,Shooter Quickhands,Akira Morgana,Lava Lemur,Robbie Schuurmans,Temur Gorgashvili,Samie Parker,meow
schotte74,Slammy Davis Jr.,Emilia Skovgaard,Artur Skoglund,Temur Gorgashvili,Akira Morgana,Samie Parker,Robbie Schuurmans,Kasey Karlsson,Logan Wright,Toivo Kosonen Jr,pickpickpick
Log Wolverine Hunts,Slammy Davis Jr.,Emilia Skovgaard,Artur Skoglund,Temur Gorgashvili,Colton,Samie Parker,Akira Morgana,Robbie Schuurmans,Kasey Karlsson,Shooter Quickhands,goodluckinthedraft
Ronniewalker,Robbie Schuurmans,Slammy Davis Jr.,Artur Skoglund,Temur Gorgashvili,Akira Morgana,Kasey Karlsson,Shooter Quickhands,Logan Wright,Toivo Kosonen Jr,Midlife Crisis,Burp!
Gifter of Bikes,Slammy Davis Jr.,Emilia Skovgaard,Artur Skoglund,Temur Gorgashvili,Akira Morgana,Robbie Schuurmans,Shooter Quickhands,Colton,Samie Parker,Lava Lemur,Crisis
scudmuffin19,Emilia Skovgaard,Samie Parker,Lava Lemur,Toivo Kosonen Jr,Artur Skoglund,Slammy Davis Jr.,Aleksanders Jakovlevs,Ryan Wolf,Kasey Karlsson,Shooter Quickhands,scud
laynr.h,Emilia Skovgaard,Slammy Davis Jr.,Temur Gorgashvili,Shooter Quickhands,Robbie Schuurmans,Aleksanders Jakovlevs,Mustrum Ridcully,Parker T,Noot Noot,XBL,Submit
Casey,Akira Morgana,Slammy Davis Jr.,Lava Lemur,Shooter Quickhands,Aleksanders Jakovlevs,Kasey Karlsson,Artur Skoglund,Temur Gorgashvili,franklin scamps,Colton,HeyListen
Skeezer,Slammy Davis Jr.,Emilia Skovgaard,Dale Cooper,Shooter Quickhands,Colton,Alex Wyke,Kasey Karlsson,Alan Bay,Akira Morgana,Dov Reboh,Jackson
Lem,Slammy Davis Jr.,Emilia Skovgaard,Artur Skoglund,Temur Gorgashvili,Akira Morgana,Samie Parker,Lava Lemur,Shooter Quickhands,Toivo Kosonen Jr,Logan Wright,Lem
Just-Here-To-not-Get-Fined,Slammy Davis Jr.,Artur Skoglund,Samie Parker,Kasey Karlsson,Shooter Quickhands,Logan Wright,Aleksanders Jakovlevs,Temur Gorgashvili,Akira Morgana,Lava Lemur,Cookies
amjohnson,Artur Skoglund,Akira Morgana,Kasey Karlsson,Robbie Schuurmans,Shooter Quickhands,franklin scamps,Lava Lemur,Vumion Stitcherson,Spiky Sal O'Leary,Llanfairpwllgwyng....gogogoch Resident,chop
captainsb,Slammy Davis Jr.,Lava Lemur,Artur Skoglund,Temur Gorgashvili,Akira Morgana,Robbie Schuurmans,Kasey Karlsson,Shooter Quickhands,Samie Parker,Logan Wright,Lemur
GabeyD,Slammy Davis Jr.,Emilia Skovgaard,Lava Lemur,Artur Skoglund,Temur Gorgashvili,Shooter Quickhands,Akira Morgana,Kasey Karlsson,Robbie Schuurmans,Samie Parker,HUZZAH
Colton_MC,Temur Gorgashvili,Kasey Karlsson,Slammy Davis Jr.,Colton,Akira Morgana,Samie Parker,Emilia Skovgaard,Lava Lemur,Toivo Kosonen Jr,Logan Wright,Avalanche
Jakesdy,Slammy Davis Jr.,Emilia Skovgaard,Artur Skoglund,Temur Gorgashvili,Lava Lemur,Akira Morgana,Samie Parker,Robbie Schuurmans,Kasey Karlsson,Colton,BAP
Dman2213,Artur Skoglund,Slammy Davis Jr.,Shooter Quickhands,Lava Lemur,Colton,franklin scamps,Emilia Skovgaard,Logan Wright,Akira Morgana,Midlife Crisis,tiger
TomServo,Slammy Davis Jr.,Artur Skoglund,Emilia Skovgaard,Temur Gorgashvili,Akira Morgana,Samie Parker,Shooter Quickhands,Colton,Parker T,Logan Wright,Guppy
Forsucksfake,Slammy Davis Jr.,Emilia Skovgaard,Artur Skoglund,Kasey Karlsson,Lava Lemur,Rocky Rainier,franklin scamps,Temur Gorgashvili,Akira Morgana,Colton,Rainier
anuragb,Slammy Davis Jr.,Emilia Skovgaard,Artur Skoglund,Temur Gorgashvili,Colton,Akira Morgana,Samie Parker,Robbie Schuurmans,Kasey Karlsson,Shooter Quickhands,S85 Mock Draft Top 10 Done
Banackock,Slammy Davis Jr.,Emilia Skovgaard,Artur Skoglund,Kasey Karlsson,Lava Lemur,Colton,Akira Morgana,Shooter Quickhands,franklin scamps,Temur Gorgashvili,LION
Lorenzion,Slammy Davis Jr.,Emilia Skovgaard,Artur Skoglund,Temur Gorgashvili,Colton,Lava Lemur,Samie Parker,Akira Morgana,Robbie Schuurmans,Shooter Quickhands,Draftables
thatguy131,Slammy Davis Jr.,Artur Skoglund,Kasey Karlsson,Shooter Quickhands,Temur Gorgashvili,Colton,Samie Parker,Lava Lemur,Akira Morgana,Aleksanders Jakovlevs,rawr
Jorec,,,,,,,,,,,.
Prayl07,Slammy Davis Jr.,ronnakritt,Logan Wright,Spiky Sal O'Leary,Samie Parker,Noot Noot,Akira Morgana,Temur Gorgashvili,Aleksanders Jakovlevs,Llanfairpwllgwyng....gogogoch Resident,Railman
Degradation,Slammy Davis Jr.,Artur Skoglund,Lava Lemur,Logan Wright,Shooter Quickhands,Samie Parker,Akira Morgana,Temur Gorgashvili,Kasey Karlsson,Robbie Schuurmans,Tabulation
TheLokiWild,Alex Buffenbarger III,Rat King,Buggy D. Backup,Clortus Skeertch,Otto Kalashnikov,Akira Morgana,Petrov Semenov,Alessandro Garbanzo,Wolfgang Hennessy,Calvin Booter,Bum
ihatereyson,Slammy Davis Jr.,Artur Skoglund,Kasey Karlsson,Temur Gorgashvili,Akira Morgana,Robbie Schuurmans,Shooter Quickhands,Logan Wright,Rocky Rainier,Samie Parker,popcorn
NessleKrunk,Artur Skoglund,Akira Morgana,Kasey Karlsson,Shooter Quickhands,Slammy Davis Jr.,franklin scamps,Robbie Schuurmans,Spiky Sal O'Leary,Toivo Kosonen Jr,Samie Parker,Krunk
JamesT,Slammy Davis Jr.,Artur Skoglund,Akira Morgana,Kasey Karlsson,Shooter Quickhands,Robbie Schuurmans,Temur Gorgashvili,Samie Parker,Lava Lemur,Logan Wright,BTS
BXM,Slammy Davis Jr.,Toivo Kosonen Jr,Emilia Skovgaard,Temur Gorgashvili,Artur Skoglund,Samie Parker,Shooter Quickhands,Pinto Tavares,Logan Wright,Ryan Wolf,BXM
Ashes,Slammy Davis Jr.,Akira Morgana,Emilia Skovgaard,Shooter Quickhands,Kasey Karlsson,Temur Gorgashvili,Lava Lemur,Robbie Schuurmans,Mustrum Ridcully,Aleksanders Jakovlevs,burgem
Fantobens,Artur Skoglund,Akira Morgana,Shooter Quickhands,Kasey Karlsson,Slammy Davis Jr.,franklin scamps,Aleksanders Jakovlevs,Toivo Kosonen Jr,Spiky Sal O'Leary,Temur Gorgashvili,Yeah
Rojjter,Slammy Davis Jr.,Artur Skoglund,Akira Morgana,Kasey Karlsson,Temur Gorgashvili,Lava Lemur,Logan Wright,Shooter Quickhands,Robbie Schuurmans,Temur Gorgashvili,JamesT
Vumion,Kasey Karlsson,Ryan Wolf,Emilia Skovgaard,Shooter Quickhands,Logan Wright,Vumion Stitcherson,Lava Lemur,Samie Parker,Slammy Davis Jr.,Rat King,Toast
Spyal,Akira Morgana,Shooter Quickhands,Slammy Davis Jr.,Lava Lemur,Artur Skoglund,Samie Parker,Colton,Logan Wright,Temur Gorgashvili,Kasey Karlsson,Spyal
FingolfinandRingil,Slammy Davis Jr.,Emilia Skovgaard,Artur Skoglund,Temur Gorgashvili,Shooter Quickhands,Akira Morgana,Lava Lemur,Samie Parker,Robbie Schuurmans,Toivo Kosonen Jr,Bazooka
bjkman,Slammy Davis Jr.,Artur Skoglund,Emilia Skovgaard,Temur Gorgashvili,Lava Lemur,Kasey Karlsson,Akira Morgana,Shooter Quickhands,Robbie Schuurmans,Logan Wright,Bosh!
Norm McDangles,Akira Morgana,Samie Parker,Shooter Quickhands,Colton,Lava Lemur,Slammy Davis Jr.,Temur Gorgashvili,Artur Skoglund,Kasey Karlsson,Logan Wright,potato
Shiamus,Slammy Davis Jr.,Emilia Skovgaard,Artur Skoglund,Temur Gorgashvili,Colton,Lava Lemur,Akira Morgana,Samie Parker,Robbie Schuurmans,Kasey Karlsson,done
Wrehkz,Slammy Davis Jr.,Artur Skoglund,Akira Morgana,Kasey Karlsson,Temur Gorgashvili,Lava Lemur,Logan Wright,Shooter Quickhands,Robbie Schuurmans,Colton,Achoo
Dziadek93,Slammy Davis Jr.,Artur Skoglund,Temur Gorgashvili,Colton,Lava Lemur,Akira Morgana,Robbie Schuurmans,Kasey Karlsson,Shooter Quickhands,Aleksanders Jakovlevs,Done.
Slashacm,Artur Skoglund,Akira Morgana,Slammy Davis Jr.,Samie Parker,Lava Lemur,Robbie Schuurmans,Kasey Karlsson,Toivo Kosonen Jr,Logan Wright,Shooter Quickhands,Beets
rlg91,Akira Morgana,Artur Skoglund,Slammy Davis Jr.,Shooter Quickhands,Temur Gorgashvili,Kasey Karlsson,Samie Parker,Lava Lemur,Robbie Schuurmans,Logan Wright,sloop
steveoiscool,Slammy Davis Jr.,Artur Skoglund,Akira Morgana,Kasey Karlsson,Shooter Quickhands,Robbie Schuurmans,Temur Gorgashvili,Colton,Lava Lemur,Logan Wright,sven
puolivalmiste,Slammy Davis Jr.,Akira Morgana,Artur Skoglund,Shooter Quickhands,Temur Gorgashvili,Kasey Karlsson,Lava Lemur,Robbie Schuurmans,Samie Parker,Toivo Kosonen Jr,semivarmaplaceholder
Chris-McZehrl,Robbie Schuurmans,Slammy Davis Jr.,Shooter Quickhands,Akira Morgana,Artur Skoglund,Temur Gorgashvili,Kasey Karlsson,Logan Wright,Toivo Kosonen Jr,Aleksanders Jakovlevs,Kopitar
Tate,Slammy Davis Jr.,Artur Skoglund,Akira Morgana,Kasey Karlsson,Shooter Quickhands,Robbie Schuurmans,Temur Gorgashvili,Colton,Lava Lemur,Logan Wright,Bananas
visceralpotamus,Slammy Davis Jr.,Artur Skoglund,Akira Morgana,Kasey Karlsson,Shooter Quickhands,Robbie Schuurmans,Temur Gorgashvili,Colton,Lava Lemur,Logan Wright,penne
Joriel,Slammy Davis Jr.,Colton,Emilia Skovgaard,Lava Lemur,Artur Skoglund,Kasey Karlsson,Robbie Schuurmans,Shooter Quickhands,Llanfairpwllgwyng....gogogoch Resident,Vumion Stitcherson,Justice
Le Thrill,Shooter Quickhands,Aleksanders Jakovlevs,Artur Skoglund,Temur Gorgashvili,Lava Lemur,Slammy Davis Jr.,Emilia Skovgaard,Kasey Karlsson,Akira Morgana,Colton,Yinzer
Bubba Tree,Slammy Davis Jr.,Artur Skoglund,Emilia Skovgaard,Temur Gorgashvili,Lava Lemur,Kasey Karlsson,Akira Morgana,Shooter Quickhands,Robbie Schuurmans,Colton,ayo
Bluedog25123,Samie Parker,Slammy Davis Jr.,Akira Morgana,Artur Skoglund,Shooter Quickhands,Robbie Schuurmans,Colton,Rocky Rainier,Ryan Wolf,Lava Lemur,Joker
Jiggly_333,Slammy Davis Jr.,Emilia Skovgaard,Artur Skoglund,Temur Gorgashvili,Shooter Quickhands,Kasey Karlsson,Akira Morgana,Robbie Schuurmans,Lava Lemur,Logan Wright,anyo
Stamkos Is My Dad,Slammy Davis Jr.,Akira Morgana,Artur Skoglund,Shooter Quickhands,Temur Gorgashvili,Kasey Karlsson,Lava Lemur,Robbie Schuurmans,Samie Parker,Toivo Kosonen Jr,Argo
icewindoo,Slammy Davis Jr.,Kasey Karlsson,Artur Skoglund,Temur Gorgashvili,Robbie Schuurmans,Logan Wright,Toivo Kosonen Jr,Shooter Quickhands,Akira Morgana,Samie Parker,blackalicious
JBeckQuest,Slammy Davis Jr.,Artur Skoglund,Akira Morgana,Kasey Karlsson,Temur Gorgashvili,Lava Lemur,Logan Wright,Shooter Quickhands,Robbie Schuurmans,Rat King,snipe
spidey,Slammy Davis Jr.,Artur Skoglund,Temur Gorgashvili,Kasey Karlsson,Logan Wright,franklin scamps,Llanfairpwllgwyng....gogogoch Resident,Aleksanders Jakovlevs,Toivo Kosonen Jr,Rocky Rainier,Excelsior
itzsmalls,Slammy Davis Jr.,Emilia Skovgaard,Artur Skoglund,Kasey Karlsson,Lava Lemur,Rocky Rainier,franklin scamps,Temur Gorgashvili,Akira Morgana,Colton,skattebo
GHamss,Slammy Davis Jr.,Artur Skoglund,Akira Morgana,Kasey Karlsson,Shooter Quickhands,Robbie Schuurmans,Temur Gorgashvili,Logan Wright,Lava Lemur,Colton,Kraken
jason97,Rocky Rainier,Toivo Kosonen Jr,Aleksanders Jakovlevs,Llanfairpwllgwyng....gogogoch Resident,franklin scamps,Logan Wright,Kasey Karlsson,Temur Gorgashvili,Artur Skoglund,Slammy Davis Jr.,monarchs
Arkz,Slammy Davis Jr.,Artur Skoglund,Akira Morgana,Kasey Karlsson,Shooter Quickhands,Robbie Schuurmans,Temur Gorgashvili,Colton,Lava Lemur,Logan Groulx,Verification
Carpy48,Slammy Davis Jr.,Toivo Kosonen Jr,Logan Wright,Artur Skoglund,Kasey Karlsson,Robbie Schuurmans,Akira Morgana,Temur Gorgashvili,Shooter Quickhands,Aleksanders Jakovlevs,coffee
Durodo,Robbie Schuurmans,Slammy Davis Jr.,,Shooter Quickhands,Artur Skoglund,Akira Morgana,Temur Gorgashvili,Kasey Karlsson,Logan Wright,Toivo Kosonen Jr,Drafty
marshi,Slammy Davis Jr.,Artur Skoglund,Akira Morgana,Kasey Karlsson,Shooter Quickhands,Robbie Schuurmans,Temur Gorgashvili,Toivo Kosonen Jr,Lava Lemur,Logan Wright,blub
bluesfan55,Slammy Davis Jr.,Artur Skoglund,Temur Gorgashvili,Kasey Karlsson,Logan Wright,franklin scamps,Llanfairpwllgwyng....gogogoch Resident,Aleksanders Jakovlevs,Toivo Kosonen Jr,Rocky Rainier,jinkies
Deli,Slammy Davis Jr.,Artur Skoglund,Temur Gorgashvili,Kasey Karlsson,Logan Wright,franklin scamps,Llanfairpwllgwyng....gogogoch Resident,Aleksanders Jakovlevs,Toivo Kosonen Jr,Rocky Rainier,real
RoyRivers,Shooter Quickhands,Aleksanders Jakovlevs,Artur Skoglund,Temur Gorgashvili,Lava Lemur,Slammy Davis Jr.,Emilia Skovgaard,Kasey Karlsson,Akira Morgana,Colton,ColdWar
Nol15736,Slammy Davis Jr.,Artur Skoglund,Temur Gorgashvili,Kasey Karlsson,Logan Wright,franklin scamps,Llanfairpwllgwyng....gogogoch Resident,Aleksanders Jakovlevs,Toivo Kosonen Jr,Rocky Rainier,Psyduck
Bfine,Slammy Davis Jr.,Robbie Schuurmans,Artur Skoglund,Kasey Karlsson,Shooter Quickhands,Logan Wright,Toivo Kosonen Jr,Akira Morgana,Samie Parker,Lava Lemur,Sota
JuOSu,Slammy Davis Jr.,Artur Skoglund,Lava Lemur,Samie Parker,Shooter Quickhands,Kasey Karlsson,Akira Morgana,Robbie Schuurmans,Logan Wright,Temur Gorgashvili,sloths
Tmoney6996,Slammy Davis Jr.,Artur Skoglund,Lava Lemur,Samie Parker,Shooter Quickhands,Kasey Karlsson,Akira Morgana,Robbie Schuurmans,Logan Wright,Temur Gorgashvili,Tmoney6996
notoriousTRON,Slammy Davis Jr.,Emilia Skovgaard,Artur Skoglund,Temur Gorgashvili,Colton,Lava Lemur,Akira Morgana,Samie Parker,Kasey Karlsson,Robbie Schuurmans,apples
moreorless89,Slammy Davis Jr.,Samie Parker,Lava Lemur,Artur Skoglund,Kasey Karlsson,Akira Morgana,Robbie Schuurmans,Temur Gorgashvili,franklin scamps,Midlife Crisis,less
AJW,Artur Skoglund,Aleksanders Jakovlevs,franklin scamps,Logan Wright,Toivo Kosonen Jr,Rocky Rainier,Llanfairpwllgwyng....gogogoch Resident,Slammy Davis Jr.,Kasey Karlsson,Temur Gorgashvili,Hi
Pelochyta,Artur Skoglund,Akira Morgana,Slammy Davis Jr.,Samie Parker,Lava Lemur,Robbie Schuurmans,Kasey Karlsson,Toivo Kosonen Jr,Logan Wright,Shooter Quickhands,Wagibald
McAl95,Slammy Davis Jr.,Artur Skoglund,Akira Morgana,Kasey Karlsson,Shooter Quickhands,franklin scamps,Samie Parker,Colton,Toivo Kosonen Jr,Logan Wright,buck
iRockstar,Artur Skoglund,Slammy Davis Jr.,Lava Lemur,Samie Parker,Shooter Quickhands,Kasey Karlsson,Akira Morgana,Robbie Schuurmans,Logan Groulx,Temur Gorgashvili,Hockey
Jumbo,Kasey Karlsson,Lava Lemur,Slammy Davis Jr.,Artur Skoglund,Akira Morgana,Shooter Quickhands,Robbie Schuurmans,Temur Gorgashvili,Toivo Kosonen Jr,Aleksanders Jakovlevs,JUMBO
ColonelSaunders,Slammy Davis Jr.,Spiky Sal O'Leary,Artur Skoglund,Kasey Karlsson,Emilia Skovgaard,franklin scamps,Vumion Stitcherson,Akira Morgana,Lava Lemur,Shooter Quickhands,ChickenMan
5ympathies,Slammy Davis Jr.,Artur Skoglund,Akira Morgana,Kasey Karlsson,Shooter Quickhands,Robbie Schuurmans,Temur Gorgashvili,Toivo Kosonen Jr,Lava Lemur,Logan Wright,clapper
karlssens,Slammy Davis Jr.,Emilia Skovgaard,Shooter Quickhands,Temur Gorgashvili,Kasey Karlsson,Akira Morgana,Artur Skoglund,Robbie Schuurmans,Lava Lemur,Logan Wright,karl
Cycro,Artur Skoglund,Akira Morgana,Slammy Davis Jr.,Samie Parker,Lava Lemur,Robbie Schuurmans,Kasey Karlsson,Toivo Kosonen Jr,Logan Wright,Shooter Quickhands,Sportsball
La Chris,Slammy Davis Jr.,Artur Skoglund,Temur Gorgashvili,Kasey Karlsson,Logan Wright,Akira Morgana,Llanfairpwllgwyng....gogogoch Resident,franklin scamps,Aleksanders Jakovlevs,Shooter Quickhands,La Chris
xenosthelegend,Artur Skoglund,Akira Morgana,Slammy Davis Jr.,Samie Parker,Lava Lemur,Robbie Schuurmans,Kasey Karlsson,Toivo Kosonen Jr,Logan Wright,Shooter Quickhands,⢸⣿⣿⣿⣿⣿⣿⣿⣿⣿⡿⠗⣪⣵⣶⠞⣃⣄⡻⠇⣿⣿⣿⣿⣿⣶⣿⡇⣿⣿ ⢸⣿⣿⣿⣿⣿⣿⣿⣿⡿⢡⣾⣿⣿⠁⠚⠧⠿⠛⠜⢸⣿⣿⣿⣿⡏⣿⡇⣿⣿ ⢸⣿⣿⣿⣿⣿⣿⣿⣿⡇⣿⡿⣛⣋⢅⣤⣷⡯⣥⣒⠎⣙⡛⠿⠿⠿⢋⡇⣿⣿ ⢨⣭⣭⣭⣭⣭⣭⣭⣭⢡⣴⣾⠏⣴⣯⣍⠻⣿⣮⠻⢷⣌⢻⣧⢰⣶⡟⡅⣿⣿ ⢸⣿⣿⣿⣿⣿⣿⡿⣥⣾⣿⠇⣾⢿⣧⣤⣤⣌⡟⢳⠿⠛⠀⣿⠸⢋⣼⣧⣛⣻ ⢈⣉⣉⣉⣉⣉⢉⠁⣿⣿⠏⣾⢟⣨⣛⠻⣛⣻⡻⣿⣶⣮⢐⢡⣾⡈⣿⣿⣿⣿ ⢀⣠⣤⣶⣶⡶⢒⠀⠿⡿⢸⡏⠼⢢⡩⣅⠈⢹⣿⢿⡛⢗⢸⢘⣟⣣⣛⣛⣛⣛ ⢸⣿⣿⣿⡿⣣⣿⢿⡷⣭⠘⡀⠐⣻⣷⠪⣛⠦⣤⣤⣬⡤⢠⡈⢼⣇⣿⣿⣿⣿ ⢸⣿⣿⡟⣰⣿⣿⣦⡛⢷⣾⣿⠡⣿⣿⣿⣶⣿⣷⣶⠶⣶⣆⢩⢸⣿⣿⣿⣿⣿ ⢸⣿⣿⢱⣿⣿⣿⣿⣿⡦⠙⣿⣟⠹⣿⣿⣿⣿⣯⣷⣿⣿⢣⣿⡇⢿⣿⣿⣿⣿ ⢸⣿⡏⣿⣿⣿⣿⣿⠟⣵⣷⠹⣿⣷⣤⣉⣥⣛⠘⣋⠛⢣⣿⣿⡇⣠⡹⣿⣿⣿ ⢸⣿⣧⠻⣿⣿⡿⢋⣾⣿⣿⣧⠹⠿⡿⠿⢿⣿⠿⢋⣔⣻⠿⣫⣾⣿⣿⡌⢿⣿
thepyroalpaca,Slammy Davis Jr.,Akira Morgana,Artur Skoglund,Kasey Karlsson,Temur Gorgashvili,Lava Lemur,Logan Wright,Shooter Quickhands,Robbie Schuurmans,Noot Noot,pyro
ZootTX,Slammy Davis Jr.,Artur Skoglund,Akira Morgana,Kasey Karlsson,Temur Gorgashvili,Shooter Quickhands,Lava Lemur,Robbie Schuurmans,Logan Wright,Samie Parker,pats
FaraDian,Emilia Skovgaard,Slammy Davis Jr.,Akira Morgana,Artur Skoglund,Kasey Karlsson,Lava Lemur,Shooter Quickhands,Temur Gorgashvili,Robbie Schuurmans,Toivo Kosonen Jr,whatever
Huck24,Slammy Davis Jr.,Artur Skoglund,Akira Morgana,Kasey Karlsson,Shooter Quickhands,Robbie Schuurmans,Temur Gorgashvili,Toivo Kosonen Jr,Lava Lemur,Logan Wright,Friday
Zag,Slammy Davis Jr.,Artur Skoglund,Temur Gorgashvili,Kasey Karlsson,Logan Wright,franklin scamps,Llanfairpwllgwyng....gogogoch Resident,Aleksanders Jakovlevs,Toivo Kosonen Jr,Rocky Rainier,What
Muerto,Slammy Davis Jr.,Temur Gorgashvili,Kasey Karlsson,Shooter Quickhands,Lava Lemur,Toivo Kosonen Jr,Alessandro Garbanzo,franklin scamps,Robbie Schuurmans,Llanfairpwllgwyng....gogogoch Resident,skyrim
Ferdad,Slammy Davis Jr.,Artur Skoglund,Akira Morgana,Kasey Karlsson,Shooter Quickhands,Robbie Schuurmans,Temur Gorgashvili,Toivo Kosonen Jr,Logan Wright,Lava Lemur,asdf
roquefort,Slammy Davis Jr.,Artur Skoglund,Akira Morgana,Kasey Karlsson,Temur Gorgashvili,Shooter Quickhands,Lava Lemur,Robbie Schuurmans,Logan Wright,Samie Parker,rats
caspwad,Slammy Davis Jr.,Artur Skoglund,Temur Gorgashvili,Kasey Karlsson,Logan Wright,franklin scamps,Llanfairpwllgwyng....gogogoch Resident,Aleksanders Jakovlevs,Toivo Kosonen Jr,Rocky Rainier,Money
Sburbine,Slammy Davis Jr.,Artur Skoglund,Akira Morgana,Kasey Karlsson,Shooter Quickhands,Robbie Schuurmans,Temur Gorgashvili,Toivo Kosonen Jr,Lava Lemur,Logan Wright,sburb
Keven,Akira Morgana,Artur Skoglund,Kasey Karlsson,Robbie Schuurmans,Shooter Quickhands,Lava Lemur,Temur Gorgashvili,Slammy Davis Jr.,Samie Parker,Logan Wright,mistake
NorwegianDemon,Slammy Davis Jr.,Artur Skoglund,Kasey Karlsson,Akira Morgana,Temur Gorgashvili,Shooter Quickhands,Lava Lemur,Robbie Schuurmans,Logan Wright,Samie Parker,norway
FuriousChicken,Slammy Davis Jr.,Emilia Skovgaard,Artur Skoglund,Shooter Quickhands,Kasey Karlsson,Robbie Schuurmans,Samie Parker,Temur Gorgashvili,Logan Wright,franklin scamps,Chickenwing
mattebleu,Slammy Davis Jr.,Artur Skoglund,Temur Gorgashvili,Kasey Karlsson,Logan Wright,franklin scamps,Llanfairpwllgwyng....gogogoch Resident,Aleksanders Jakovlevs,Toivo Kosonen Jr,Rocky Rainier,ducky
anywheresoundsnice,Slammy Davis Jr.,Artur Skoglund,Akira Morgana,Kasey Karlsson,Shooter Quickhands,Robbie Schuurmans,Temur Gorgashvili,Toivo Kosonen Jr,Lava Lemur,Logan Wright,Original
theevilisback,Slammy Davis Jr.,Artur Skoglund,Temur Gorgashvili,Kasey Karlsson,Logan Wright,Llanfairpwllgwyng....gogogoch Resident,Emilia Skovgaard,Toivo Kosonen Jr,Aleksanders Jakovlevs,Rocky Rainier,Evil
downer,Slammy Davis Jr.,Artur Skoglund,Kasey Karlsson,Temur Gorgashvili,Shooter Quickhands,Lava Lemur,Robbie Schuurmans,Logan Wright,Samie Parker,Akira Morgana,downer
LtBlackgrizzly,Slammy Davis Jr.,Artur Skoglund,Emilia Skovgaard,Temur Gorgashvili,Colton,franklin scamps,Vumion Stitcherson,Ryan Wolf,Noot Noot,Rocky Rainier,Grizzly
Dash,Slammy Davis Jr.,Akira Morgana,Artur Skoglund,Shooter Quickhands,Temur Gorgashvili,Kasey Karlsson,Robbie Schuurmans,Lava Lemur,Samie Parker,Toivo Kosonen Jr,Dash
Summerstood,Kasey Karlsson,Akira Morgana,Lava Lemur,Artur Skoglund,Shooter Quickhands,Temur Gorgashvili,Logan Wright,Slammy Davis Jr.,Robbie Schuurmans,Colton,TPEEEE
SpartanGibbles,Artur Skoglund,Slammy Davis Jr.,Emilia Skovgaard,Kasey Karlsson,Logan Wright,Lava Lemur,Temur Gorgashvili,Samie Parker,Akira Morgana,Shooter Quickhands,drafty
ShadowFenix,Akira Morgana,Artur Skoglund,Kasey Karlsson,Robbie Schuurmans,Shooter Quickhands,Lava Lemur,Temur Gorgashvili,Slammy Davis Jr.,Samie Parker,Logan Wright,protoss
retuperkele,Emilia Skovgaard,Lava Lemur,Samie Parker,Slammy Davis Jr.,Robbie Schuurmans,franklin scamps,Kasey Karlsson,Akira Morgana,Ryan Wolf,Shooter Quickhands,perkele
Gaia Mormont,Slammy Davis Jr.,Akira Morgana,Artur Skoglund,Shooter Quickhands,Lava Lemur,Kasey Karlsson,Alessandro Garbanzo,Temur Gorgashvili,Samie Parker,Aleksanders Jakovlevs,Cosmo
Dangles13,Slammy Davis Jr.,Emilia Skovgaard,Artur Skoglund,Kasey Karlsson,Lava Lemur,Akira Morgana,Shooter Quickhands,Temur Gorgashvili,Colton,Robbie Schuurmans,Please
Kalakar,Slammy Davis Jr.,Artur Skoglund,Akira Morgana,Kasey Karlsson,Shooter Quickhands,Robbie Schuurmans,Temur Gorgashvili,Toivo Kosonen Jr,Lava Lemur,Logan Groulx,bob
LGRW613,Slammy Davis Jr.,Artur Skoglund,Lava Lemur,Samie Parker,Shooter Quickhands,Kasey Karlsson,Akira Morgana,Robbie Schuurmans,Logan Wright,Temur Gorgashvili,donut
Jexter,Slammy Davis Jr.,Emilia Skovgaard,Akira Morgana,Artur Skoglund,Kasey Karlsson,Logan Wright,Shooter Quickhands,Robbie Schuurmans,Temur Gorgashvili,Lava Lemur,Cheese
MattyIce,Slammy Davis Jr.,Emilia Skovgaard,Artur Skoglund,Temur Gorgashvili,Lava Lemur,Samie Parker,Shooter Quickhands,Kasey Karlsson,Akira Morgana,Toivo Kosonen Jr,Matty
bobdigi9,Slammy Davis Jr.,Artur Skoglund,Emilia Skovgaard,Shooter Quickhands,Kasey Karlsson,Logan Wright,Robbie Schuurmans,Temur Gorgashvili,Lava Lemur,Toivo Kosonen Jr,mozart
Vulfzilla,Slammy Davis Jr.,Artur Skoglund,Akira Morgana,Kasey Karlsson,Temur Gorgashvili,Shooter Quickhands,Lava Lemur,Robbie Schuurmans,Logan Wright,Samie Parker,shampoo
TipToasty,Slammy Davis Jr.,Artur Skoglund,Akira Morgana,Kasey Karlsson,Temur Gorgashvili,Shooter Quickhands,Lava Lemur,Robbie Schuurmans,Logan Wright,Samie Parker,Stuff
Rancidbudgie,Artur Skoglund,Akira Morgana,Lava Lemur,Logan Wright,Robbie Schuurmans,Slammy Davis Jr.,Samie Parker,Aleksanders Jakovlevs,Shooter Quickhands,Temur Gorgashvili,Berserkers
Operation Ivy,Artur Skoglund,Slammy Davis Jr.,Kasey Karlsson,Temur Gorgashvili,Lava Lemur,Shooter Quickhands,Robbie Schuurmans,Logan Wright,Akira Morgana,Samie Parker,Ivy
Ricer13,Slammy Davis Jr.,Artur Skoglund,Akira Morgana,Kasey Karlsson,Temur Gorgashvili,Shooter Quickhands,Lava Lemur,Robbie Schuurmans,Logan Wright,Samie Parker,Rice
toivo,Slammy Davis Jr.,Emilia Skovgaard,Temur Gorgashvili,Robbie Schuurmans,Shooter Quickhands,Kasey Karlsson,Robbie Schuurmans,Samie Parker,Logan Wright,Toivo Kosonen Jr,posted
Louchyz,Slammy Davis Jr.,Emilia Skovgaard,Artur Skoglund,Akira Morgana,Temur Gorgashvili,Kasey Karlsson,Lava Lemur,Aleksanders Jakovlevs,Samie Parker,Logan Wright,Platoon
Troy_McClure03,Slammy Davis Jr.,Artur Skoglund,Akira Morgana,Kasey Karlsson,Temur Gorgashvili,Shooter Quickhands,Lava Lemur,Robbie Schuurmans,Logan Wright,Samie Parker,Applw
leviadan,Artur Skoglund,Akira Morgana,Kasey Karlsson,Robbie Schuurmans,Lava Lemur,Shooter Quickhands,Slammy Davis Jr.,Temur Gorgashvili,Samie Parker,Logan Wright,bang
lime,Slammy Davis Jr.,Emilia Skovgaard,Shooter Quickhands,Artur Skoglund,Lava Lemur,Logan Wright,Kasey Karlsson,Akira Morgana,Temur Gorgashvili,Robbie Schuurmans,lime
Nobody,Slammy Davis Jr.,Artur Skoglund,Akira Morgana,Kasey Karlsson,Shooter Quickhands,Lava Lemur,Robbie Schuurmans,Temur Gorgashvili,Colton,Toivo Kosonen Jr,word
vbottas17,Slammy Davis Jr.,Emilia Skovgaard,Alessandro Garbanzo,Toivo Kosonen Jr,Artur Skoglund,Akira Morgana,Kasey Karlsson,Lava Lemur,Samie Parker,Temur Gorgashvili,Senna
CptSquall,Slammy Davis Jr.,Emilia Skovgaard,Artur Skoglund,Kasey Karlsson,Lava Lemur,Colton,Akira Morgana,Shooter Quickhands,franklin scamps,Temur Gorgashvili,Squallification
Ragnar,Slammy Davis Jr.,Artur Skoglund,Akira Morgana,Kasey Karlsson,Temur Gorgashvili,Shooter Quickhands,Lava Lemur,Robbie Schuurmans,Logan Wright,Samie Parker,Rags
Magenta,Slammy Davis Jr.,Logan Wright,Artur Skoglund,Akira Morgana,Lava Lemur,Kasey Karlsson,Temur Gorgashvili,Toivo Kosonen Jr,Robbie Schuurmans,Shooter Quickhands,Sound
Hazwi,Slammy Davis Jr.,Emilia Skovgaard,Artur Skoglund,Temur Gorgashvili,Akira Morgana,Samie Parker,Logan Wright,Robbie Schuurmans,Shooter Quickhands,Lava Lemur,TavaresNotTop10
popol,Slammy Davis Jr.,Artur Skoglund,Akira Morgana,Kasey Karlsson,Temur Gorgashvili,Shooter Quickhands,Lava Lemur,Robbie Schuurmans,Logan Wright,Samie Parker,water
tomtommen,Robbie Schuurmans,Slammy Davis Jr.,Temur Gorgashvili,Lava Lemur,Shooter Quickhands,Artur Skoglund,Colton,Logan Wright,Kasey Karlsson,Aleksanders Jakovlevs,t0m
Dewalt27,Slammy Davis Jr.,Artur Skoglund,Lava Lemur,Samie Parker,,Shooter Quickhands,Kasey Karlsson,Akira Morgana,Robbie Schuurmans,Logan Wright,Gold
dankoa,Slammy Davis Jr.,Emilia Skovgaard,Temur Gorgashvili,Robbie Schuurmans,Shooter Quickhands,Kasey Karlsson,Lava Lemur,Toivo Kosonen Jr,Logan Wright,Akira Morgana,Haruki
Karey,Slammy Davis Jr.,Artur Skoglund,Akira Morgana,Kasey Karlsson,Temur Gorgashvili,Shooter Quickhands,Lava Lemur,Robbie Schuurmans,Logan Wright,Samie Parker,Karey
PandaMan,Slammy Davis Jr.,Artur Skoglund,Temur Gorgashvili,Kasey Karlsson,Logan Wright,franklin scamps,Llanfairpwllgwyng....gogogoch Resident,Aleksanders Jakovlevs,Toivo Kosonen Jr,Rocky Rainier,Panda
Raindelay,Slammy Davis Jr.,Emilia Skovgaard,Artur Skoglund,Kasey Karlsson,Temur Gorgashvili,Akira Morgana,Samie Parker,Shooter Quickhands,Colton,Lava Lemur,Sprite
kdr,Slammy Davis Jr.,Emilia Skovgaard,Artur Skoglund,Temur Gorgashvili,Kasey Karlsson,Akira Morgana,Lava Lemur,Shooter Quickhands,Toivo Kosonen Jr,Logan Wright,mock
roastpuff,Slammy Davis Jr.,Akira Morgana,Artur Skoglund,Shooter Quickhands,,Temur Gorgashvili,Kasey Karlsson,Robbie Schuurmans,Toivo Kosonen Jr,Colton,peanuts
papajon,Slammy Davis Jr.,Emilia Skovgaard,Akira Morgana,Temur Gorgashvili,Shooter Quickhands,Artur Skoglund,Kasey Karlsson,Lava Lemur,Logan Wright,Clortus Skeertch,Beans
ACapitalChicago,Slammy Davis Jr.,Emilia Skovgaard,Artur Skoglund,Shooter Quickhands,Akira Morgana,Lava Lemur,Logan Wright,Toivo Kosonen Jr,Kasey Karlsson,Robbie Schuurmans,Cap
Ivornen,Slammy Davis Jr.,Artur Skoglund,Lava Lemur,Samie Parker,Shooter Quickhands,Kasey Karlsson,Akira Morgana,Robbie Schuurmans,Logan Wright,Temur Gorgashvili,harvestfest
Vrain,Slammy Davis Jr.,Akira Morgana,Artur Skoglund,Kasey Karlsson,Shooter Quickhands,Temur Gorgashvili,Lava Lemur,Robbie Schuurmans,Toivo Kosonen Jr,Samie Parker,Spiffy
plummdogmillionaire,Lava Lemur,Shooter Quickhands,Samie Parker,Trevor Zegras,Akira Morgana,Midlife Crisis,Noot Noot,Logan Wright,Kasey Karlsson,Llanfairpwllgwyng....gogogoch Resident,trick
Tesla,Slammy Davis Jr.,Akira Morgana,Artur Skoglund,Shooter Quickhands,Lava Lemur,Alessandro Garbanzo,Kasey Karlsson,Temur Gorgashvili,Samie Parker,Aleksanders Jakovlevs,Points
Dg242,Slammy Davis Jr.,Artur Skoglund,Lava Lemur,Trevor Zegras,carlo43,Kasey Karlsson,Alan Bay,John Pork,Édou,Robbie Schuurmans,Yo-yo
Toast,Slammy Davis Jr.,Emilia Skovgaard,Artur Skoglund,Temur Gorgashvili,Akira Morgana,Samie Parker,Lava Lemur,Robbie Schuurmans,Logan Wright,Midlife Crisis,Toast
Flyerfan9988,Robbie Schuurmans,Slammy Davis Jr.,Artur Skoglund,Temur Gorgashvili,Akira Morgana,Kasey Karlsson,Shooter Quickhands,Logan Wright,Toivo Kosonen Jr,Midlife Crisis,Lindros
HoodRatRoyalty,Slammy Davis Jr.,Artur Skoglund,Kasey Karlsson,Temur Gorgashvili,Akira Morgana,Shooter Quickhands,Lava Lemur,Robbie Schuurmans,Samie Parker,Logan Wright,Cats
tredpalo,Slammy Davis Jr.,Artur Skoglund,Temur Gorgashvili,Kasey Karlsson,Logan Wright,franklin scamps,Llanfairpwllgwyng....gogogoch Resident,Aleksanders Jakovlevs,Toivo Kosonen Jr,Rocky Rainier,TrumpIsAWanker
jacobcarson877,Slammy Davis Jr.,Artur Skoglund,Emilia Skovgaard,Kasey Karlsson,Shooter Quickhands,Lava Lemur,Akira Morgana,Robbie Schuurmans,Logan Wright,Temur Gorgashvili,fortnite
TonyW19,Slammy Davis Jr.,Artur Skoglund,Kasey Karlsson,Lava Lemur,Temur Gorgashvili,Akira Morgana,Shooter Quickhands,Aleksanders Jakovlevs,Samie Parker,Robbie Schuurmans,Snootchie bootchies
Matteo,Slammy Davis Jr.,Akira Morgana,Artur Skoglund,Kasey Karlsson,Shooter Quickhands,Temur Gorgashvili,Lava Lemur,Rocky Rainier,Toivo Kosonen Jr,Samie Parker,Dog
HoltzFan10,Slammy Davis Jr.,Emilia Skovgaard,Artur Skoglund,Temur Gorgashvili,Colton,Akira Morgana,Lava Lemur,Samie Parker,Robbie Schuurmans,Shooter Quickhands,x
a_canuck,Slammy Davis Jr.,Artur Skoglund,Akira Morgana,Kasey Karlsson,Temur Gorgashvili,Lava Lemur,Robbie Schuurmans,Logan Wright,Samie Parker,Shooter Quickhands,coffee
Sir Infernos,Lava Lemur,Samie Parker,Artur Skoglund,Akira Morgana,Ryan Wolf,Kasey Karlsson,Colton,Logan Wright,Robbie Schuurmans,Buggy D. Backup,Sticktap
Symmetrik,Slammy Davis Jr.,Emilia Skovgaard,Artur Skoglund,Kasey Karlsson,Lava Lemur,Rocky Rainier,franklin scamps,Temur Gorgashvili,Akira Morgana,Samie Parker,liri
Australiankek,Slammy Davis Jr.,Temur Gorgashvili,Artur Skoglund,Kasey Karlsson,Akira Morgana,Shooter Quickhands,Lava Lemur,Robbie Schuurmans,Logan Wright,Samie Parker,KeK
zeagle1,Slammy Davis Jr.,Artur Skoglund,Kasey Karlsson,Lava Lemur,Temur Gorgashvili,Akira Morgana,Shooter Quickhands,Aleksanders Jakovlevs,Samie Parker,Robbie Schuurmans,lap
Cementhands,Robbie Schuurmans,Slammy Davis Jr.,Artur Skoglund,Temur Gorgashvili,Akira Morgana,Kasey Karlsson,Shooter Quickhands,Toivo Kosonen Jr,Logan Wright,Midlife Crisis,Cement
Mtstreaks04,Slammy Davis Jr.,Artur Skoglund,Kasey Karlsson,Lava Lemur,Rocky Rainier,franklin scamps,Temur Gorgashvili,Akira Morgana,Samie Parker,Shooter Quickhands,Moist
Toaster,Slammy Davis Jr.,ronnakritt,Logan Wright,Spiky Sal O'Leary,Samie Parker,Temur Gorgashvili,Noot Noot,Akira Morgana,Aleksanders Jakovlevs,Llanfairpwllgwyng....gogogoch Resident,YayHockey
OVOXO,Slammy Davis Jr.,Artur Skoglund,Kasey Karlsson,Temur Gorgashvili,Akira Morgana,Shooter Quickhands,Lava Lemur,Robbie Schuurmans,Logan Wright,Samie Parker,Moist
sswiss,Rat King,Alex Buffenbarger III,Llanfairpwllgwyng....gogogoch Resident,Otto Kalashnikov,Theo Seber,Aleksanders Jakovlevs,Artur Skoglund,Slammy Davis Jr.,Toivo Kosonen Jr,Temur Gorgashvili,Guesswork
Whitecap,Slammy Davis Jr.,Artur Skoglund,Kasey Karlsson,Lava Lemur,Temur Gorgashvili,Akira Morgana,Shooter Quickhands,Aleksanders Jakovlevs,Samie Parker,Robbie Schuurmans,Points
Reno,Slammy Davis Jr.,Artur Skoglund,Akira Morgana,Kasey Karlsson,Shooter Quickhands,Robbie Schuurmans,Temur Gorgashvili,Samie Parker,Lava Lemur,Logan Wright,Reno
SilverBlitzenAG,Slammy Davis Jr.,Artur Skoglund,Akira Morgana,Kasey Karlsson,Temur Gorgashvili,Shooter Quickhands,Lava Lemur,Robbie Schuurmans,Logan Wright,Samie Parker,Phillies
valpix,Slammy Davis Jr.,Emilia Skovgaard,Artur Skoglund,Temur Gorgashvili,Robbie Schuurmans,Kasey Karlsson,Akira Morgana,Shooter Quickhands,Logan Wright,Toivo Kosonen Jr,spaghetti
slothfacekilla,Slammy Davis Jr.,Artur Skoglund,Kasey Karlsson,Lava Lemur,Rocky Rainier,franklin scamps,Temur Gorgashvili,Akira Morgana,Samie Parker,Shooter Quickhands,slothin
Katth,Slammy Davis Jr.,Emilia Skovgaard,Artur Skoglund,Logan Wright,Lava Lemur,Akira Morgana,Temur Gorgashvili,Kasey Karlsson,Samie Parker,Robbie Schuurmans,Katth
overdoo,Akira Morgana,Slammy Davis Jr.,Logan Wright,Robbie Schuurmans,Kasey Karlsson,Shooter Quickhands,Samie Parker,Lava Lemur,Artur Skoglund,Temur Gorgashvili,lottery
CaptainCrazy,Slammy Davis Jr.,Artur Skoglund,Kasey Karlsson,Temur Gorgashvili,Akira Morgana,Shooter Quickhands,Lava Lemur,Robbie Schuurmans,Logan Wright,Samie Parker,cake
Froste39,Emilia Skovgaard,Slammy Davis Jr.,Artur Skoglund,Akira Morgana,Shooter Quickhands,Logan Wright,Robbie Schuurmans,Samie Parker,Lava Lemur,Kasey Karlsson,Knight
Kami1931,Slammy Davis Jr.,Samie Parker,Artur Skoglund,Kasey Karlsson,Akira Morgana,Temur Gorgashvili,Shooter Quickhands,Robbie Schuurmans,Lava Lemur,Toivo Kosonen Jr,Whiskey
Brenadyrs,Slammy Davis Jr.,Artur Skoglund,Emilia Skovgaard,Akira Morgana,Kasey Karlsson,Temur Gorgashvili,Lava Lemur,Shooter Quickhands,Samie Parker,Colton,Waffle
Evil_AllBran,Slammy Davis Jr.,Artur Skoglund,Kasey Karlsson,Lava Lemur,Rocky Rainier,franklin scamps,Temur Gorgashvili,Akira Morgana,Samie Parker,Shooter Quickhands,eab
Inf1d3l,Slammy Davis Jr.,Artur Skoglund,Kasey Karlsson,Temur Gorgashvili,Akira Morgana,Shooter Quickhands,Lj Spooney,Robbie Schuurmans,Logan Wright,Samie Parker,Chance
By-Tor,Slammy Davis Jr.,Lava Lemur,Shooter Quickhands,Artur Skoglund,Robbie Schuurmans,Akira Morgana,Logan Wright,Kasey Karlsson,Toivo Kosonen Jr,Aleksanders Jakovlevs,Roger
Zerg,Slammy Davis Jr.,Akira Morgana,Artur Skoglund,Shooter Quickhands,Temur Gorgashvili,Kasey Karlsson,Lava Lemur,Robbie Schuurmans,Samie Parker,Toivo Kosonen Jr,kekw
Raven,Samie Parker,Logan Wright,Robbie Schuurmans,Lava Lemur,Shooter Quickhands,Temur Gorgashvili,Kasey Karlsson,Akira Morgana,Artur Skoglund,Slammy Davis Jr.,Wack
NaomiMannequeen,Aleksanders Jakovlevs,Artur Skoglund,Akira Morgana,Kasey Karlsson,Shooter Quickhands,Samie Parker,Lava Lemur,Robbie Schuurmans,Slammy Davis Jr.,Temur Gorgashvili,Kitsune
