id,season,league,conference,name,abbreviation,location,nameDetails_first,nameDetails_second,colors_primary,colors_secondary,colors_text,stats_wins,stats_losses,stats_overtimeLosses,stats_shootoutWins,stats_shootoutLosses,stats_points,stats_goalsFor,stats_goalsAgainst,stats_winPercent,division
0,53,1,1,Anchorage Armada,ANC,Anchorage,Anchorage,Armada,#1e2d40,#848482,#97b2d4,29,18,0,3,3,61,159,123,0.610,NA
1,53,1,1,Kelowna Knights,KEL,Kelowna,Kelowna,Knights,#003300,#e5d478,#000000,31,16,2,3,1,65,136,125,0.650,NA
2,53,1,0,Maine Timber,MET,Maine,Maine,Timber,#85714d,#082a17,#0a5f30,17,30,0,3,3,37,109,157,0.370,NA
3,53,1,1,Vancouver Whalers,VAN,Vancouver,Vancouver,Whalers,#0d1d3f,#018241,#ffffff,17,30,1,0,2,37,108,151,0.370,NA
4,53,1,0,Newfoundland Berserkers,NL,Newfoundland,Newfoundland,Berserkers,#4d4d4d,#be0404,#ffffff,23,22,2,3,3,51,134,133,0.510,NA
5,53,1,1,Anaheim Outlaws,ANA,Anaheim,Anaheim,Outlaws,#e41e2d,#000000,#c5c1bd,27,20,1,4,2,57,140,142,0.570,NA
6,53,1,1,Colorado Raptors,COL,Colorado,Colorado,Raptors,#33599f,#f3cd16,#ffffff,20,27,0,2,3,43,129,147,0.430,NA
7,53,1,0,Detroit Falcons,DET,Detroit,Detroit,Falcons,#ec2227,#000000,#ffffff,41,7,0,1,2,84,204,89,0.840,NA
8,53,1,0,St. Louis Scarecrows,STL,St. Louis,St. Louis,Scarecrows,#e9a900,#ca0c00,#000000,27,20,1,4,2,57,145,146,0.570,NA
9,53,1,0,Carolina Kraken,CAR,Carolina,Carolina,Kraken,#cd5a00,#1a1a1a,#ffffff,18,29,1,0,2,39,109,160,0.390,NA
0,54,1,1,Anchorage Armada,ANC,Anchorage,Anchorage,Armada,#848484,#1e2d40,#97b2d4,22,23,1,1,4,49,139,148,0.490,NA
1,54,1,1,Kelowna Knights,KEL,Kelowna,Kelowna,Knights,#0b340b,#e5d478,#000000,32,11,2,0,5,71,165,99,0.710,NA
2,54,1,0,Maine Timber,MET,Maine,Maine,Timber,#85714d,#082a17,#0a5f30,20,30,0,1,0,40,121,173,0.400,NA
3,54,1,1,Vancouver Whalers,VAN,Vancouver,Vancouver,Whalers,#0d1d3f,#018241,#ffffff,11,37,1,0,1,24,84,177,0.240,NA
4,54,1,0,Newfoundland Berserkers,NL,Newfoundland,Newfoundland,Berserkers,#4d4d4d,#be0404,#ffffff,34,13,2,2,1,71,180,119,0.710,NA
5,54,1,1,Anaheim Outlaws,ANA,Anaheim,Anaheim,Outlaws,#81030b,#470407,#c5c1bd,27,20,2,5,1,57,146,151,0.570,NA
6,54,1,1,Colorado Raptors,COL,Colorado,Colorado,Raptors,#182d49,#f3cd16,#ffffff,24,21,2,5,3,53,123,127,0.530,NA
7,54,1,0,Detroit Falcons,DET,Detroit,Detroit,Falcons,#d02128,#000000,#ffffff,22,25,2,0,1,47,122,134,0.470,NA
8,54,1,0,St. Louis Scarecrows,STL,St. Louis,St. Louis,Scarecrows,#ee7600,#660000,#1a1a1a,26,23,0,4,1,53,147,148,0.530,NA
9,54,1,0,Carolina Kraken,CAR,Carolina,Carolina,Kraken,#aa4b00,#1a1a1a,#ffffff,32,13,2,2,3,69,183,134,0.690,NA
0,55,1,1,Anchorage Armada,ANC,Anchorage,Anchorage,Armada,#848484,#1e2d40,#97b2d4,35,12,2,2,1,73,176,89,0.730,0
1,55,1,1,Kelowna Knights,KEL,Kelowna,Kelowna,Knights,#0b340b,#e5d478,#000000,33,13,1,3,3,70,165,132,0.700,0
2,55,1,0,Maine Timber,MET,Maine,Maine,Timber,#85714d,#082a17,#0a5f30,25,22,1,1,2,53,160,149,0.530,0
3,55,1,1,Vancouver Whalers,VAN,Vancouver,Vancouver,Whalers,#0d1d3f,#018241,#ffffff,24,23,0,5,3,51,117,136,0.510,0
4,55,1,0,Newfoundland Berserkers,NL,Newfoundland,Newfoundland,Berserkers,#4d4d4d,#be0404,#ffffff,35,9,3,0,3,76,185,105,0.760,0
5,55,1,1,Anaheim Outlaws,ANA,Anaheim,Anaheim,Outlaws,#81030b,#470407,#c5c1bd,24,21,2,4,3,53,147,149,0.530,1
6,55,1,1,Colorado Raptors,COL,Colorado,Colorado,Raptors,#182d49,#f3cd16,#ffffff,27,18,2,4,3,59,154,134,0.590,1
7,55,1,0,Detroit Falcons,DET,Detroit,Detroit,Falcons,#d02128,#000000,#ffffff,15,31,1,1,3,34,122,178,0.340,1
8,55,1,0,St. Louis Scarecrows,STL,St. Louis,St. Louis,Scarecrows,#eaaa00,#660000,#1a1a1a,18,28,4,1,0,40,113,162,0.400,1
9,55,1,0,Carolina Kraken,CAR,Carolina,Carolina,Kraken,#aa4b00,#1a1a1a,#ffffff,37,12,0,3,1,75,184,102,0.750,1
14,55,1,1,Nevada Battleborn,NBB,Nevada,Nevada,Battleborn,#0c2046,#c2ad6e,#ffffff,10,36,1,0,3,24,102,210,0.240,1
15,55,1,0,Quebec City Citadelles,QCC,Quebec City,Quebec City,Citadelles,#1d9bee,#34476b,#ffffff,17,32,0,2,1,35,120,199,0.350,0
0,56,1,1,Anchorage Armada,ANC,Anchorage,Anchorage,Armada,#848484,#1e2d40,#97b2d4,29,17,3,1,1,62,170,136,0.620,0
1,56,1,1,Kelowna Knights,KEL,Kelowna,Kelowna,Knights,#0b340b,#e5d478,#000000,17,29,1,1,3,38,106,157,0.380,0
2,56,1,0,Maine Timber,MET,Maine,Maine,Timber,#85714d,#082a17,#0a5f30,23,21,1,6,5,52,147,155,0.520,0
3,56,1,1,Vancouver Whalers,VAN,Vancouver,Vancouver,Whalers,#0d1d3f,#018241,#ffffff,39,11,0,3,0,78,169,101,0.780,0
4,56,1,0,Newfoundland Berserkers,NL,Newfoundland,Newfoundland,Berserkers,#4d4d4d,#be0404,#ffffff,28,17,2,2,3,61,153,137,0.610,0
5,56,1,1,Anaheim Outlaws,ANA,Anaheim,Anaheim,Outlaws,#81030b,#470407,#c5c1bd,27,18,0,5,5,59,176,154,0.590,1
6,56,1,1,Colorado Raptors,COL,Colorado,Colorado,Raptors,#182d49,#f3cd16,#ffffff,24,24,1,1,1,50,151,149,0.500,1
7,56,1,0,Detroit Falcons,DET,Detroit,Detroit,Falcons,#d02128,#000000,#ffffff,13,34,1,2,2,29,118,192,0.290,1
8,56,1,0,St. Louis Scarecrows,STL,St. Louis,St. Louis,Scarecrows,#eaaa00,#660000,#1a1a1a,18,29,1,1,2,39,119,173,0.390,1
9,56,1,0,Carolina Kraken,CAR,Carolina,Carolina,Kraken,#aa4b00,#1a1a1a,#ffffff,31,17,1,3,1,64,163,142,0.640,1
14,56,1,1,Nevada Battleborn,NBB,Nevada,Nevada,Battleborn,#0c2046,#c2ad6e,#ffffff,28,18,2,2,2,60,158,142,0.600,1
15,56,1,0,Quebec City Citadelles,QCC,Quebec City,Quebec City,Citadelles,#1d9bee,#34476b,#ffffff,23,23,1,1,3,50,147,139,0.500,0
0,57,1,1,Anchorage Armada,ANC,Anchorage,Anchorage,Armada,#848484,#1e2d40,#97b2d4,42,16,4,4,4,92,210,143,0.697,0
1,57,1,1,Kelowna Knights,KEL,Kelowna,Kelowna,Knights,#0b340b,#e5d478,#000000,37,25,1,5,3,78,185,163,0.591,0
2,57,1,0,Maine Timber,MET,Maine,Maine,Timber,#85714d,#082a17,#0a5f30,37,24,3,6,2,79,178,168,0.598,0
3,57,1,1,Vancouver Whalers,VAN,Vancouver,Vancouver,Whalers,#0d1d3f,#018241,#ffffff,30,30,2,5,4,66,181,223,0.500,0
4,57,1,0,Newfoundland Berserkers,NL,Newfoundland,Newfoundland,Berserkers,#4d4d4d,#be0404,#ffffff,22,39,3,1,2,49,161,235,0.371,0
5,57,1,1,Anaheim Outlaws,ANA,Anaheim,Anaheim,Outlaws,#81030b,#470407,#c5c1bd,32,28,2,2,4,70,199,199,0.530,1
6,57,1,1,Colorado Raptors,COL,Colorado,Colorado,Raptors,#182d49,#f3cd16,#ffffff,33,27,3,1,3,72,196,199,0.545,1
7,57,1,0,Detroit Falcons,DET,Detroit,Detroit,Falcons,#d02128,#000000,#ffffff,33,26,3,3,4,73,195,195,0.553,1
8,57,1,0,St. Louis Scarecrows,STL,St. Louis,St. Louis,Scarecrows,#eaaa00,#660000,#1a1a1a,25,36,2,7,3,55,163,206,0.417,1
9,57,1,0,Carolina Kraken,CAR,Carolina,Carolina,Kraken,#aa4b00,#1a1a1a,#ffffff,26,32,4,3,4,60,175,215,0.455,1
14,57,1,1,Nevada Battleborn,NBB,Nevada,Nevada,Battleborn,#0c2046,#c2ad6e,#ffffff,30,29,3,5,4,67,186,185,0.508,1
15,57,1,0,Quebec City Citadelles,QCC,Quebec City,Quebec City,Citadelles,#1d9bee,#34476b,#ffffff,49,8,3,1,6,107,263,161,0.811,0
0,58,1,1,Anchorage Armada,ANC,Anchorage,Anchorage,Armada,#848484,#1e2d40,#97b2d4,36,27,1,1,2,75,164,146,0.568,0
1,58,1,1,Kelowna Knights,KEL,Kelowna,Kelowna,Knights,#0b340b,#e5d478,#000000,53,10,1,5,2,109,252,134,0.826,0
2,58,1,0,Maine Timber,MET,Maine,Maine,Timber,#85714d,#082a17,#0a5f30,17,46,0,3,3,37,138,243,0.280,0
3,58,1,1,Vancouver Whalers,VAN,Vancouver,Vancouver,Whalers,#0d1d3f,#018241,#ffffff,28,33,1,4,4,61,168,186,0.462,0
4,58,1,0,Newfoundland Berserkers,NL,Newfoundland,Newfoundland,Berserkers,#4d4d4d,#be0404,#ffffff,41,21,0,3,4,86,214,149,0.652,0
5,58,1,1,Anaheim Outlaws,ANA,Anaheim,Anaheim,Outlaws,#81030b,#470407,#c5c1bd,21,41,0,2,4,46,147,237,0.348,1
6,58,1,1,Colorado Raptors,COL,Colorado,Colorado,Raptors,#012e85,#ddbe40,#e4e4df,34,27,3,5,2,73,168,180,0.553,1
7,58,1,0,Detroit Falcons,DET,Detroit,Detroit,Falcons,#d02128,#000000,#ffffff,40,21,2,3,3,85,221,168,0.644,1
8,58,1,0,St. Louis Scarecrows,STL,St. Louis,St. Louis,Scarecrows,#eaaa00,#660000,#1a1a1a,19,40,3,0,4,45,170,254,0.341,1
9,58,1,0,Carolina Kraken,CAR,Carolina,Carolina,Kraken,#aa4b00,#1a1a1a,#ffffff,26,39,1,4,0,53,166,228,0.402,1
14,58,1,1,Nevada Battleborn,NBB,Nevada,Nevada,Battleborn,#0c2046,#c2ad6e,#ffffff,35,28,1,3,2,73,177,171,0.553,1
15,58,1,0,Quebec City Citadelles,QCC,Quebec City,Quebec City,Citadelles,#1d9bee,#34476b,#ffffff,46,14,0,3,6,98,255,144,0.742,0
0,59,1,1,Anchorage Armada,ANC,Anchorage,Anchorage,Armada,#848484,#1e2d40,#97b2d4,45,16,2,3,3,95,243,169,0.720,0
1,59,1,1,Kelowna Knights,KEL,Kelowna,Kelowna,Knights,#0b340b,#e5d478,#000000,49,13,0,2,4,102,275,157,0.773,0
2,59,1,0,Maine Timber,MET,Maine,Maine,Timber,#85714d,#082a17,#0a5f30,27,36,0,5,3,57,150,212,0.432,0
3,59,1,1,Vancouver Whalers,VAN,Vancouver,Vancouver,Whalers,#0d1d3f,#018241,#ffffff,25,35,1,3,5,56,167,206,0.424,0
4,59,1,0,Newfoundland Berserkers,NL,Newfoundland,Newfoundland,Berserkers,#4d4d4d,#be0404,#ffffff,41,18,2,2,5,89,234,151,0.674,0
5,59,1,1,Anaheim Outlaws,ANA,Anaheim,Anaheim,Outlaws,#81030b,#470407,#c5c1bd,30,30,1,2,5,66,181,199,0.500,1
6,59,1,1,Colorado Raptors,COL,Colorado,Colorado,Raptors,#012e85,#ddbe40,#e4e4df,35,23,1,9,7,78,198,189,0.591,1
7,59,1,0,Detroit Falcons,DET,Detroit,Detroit,Falcons,#d02128,#000000,#ffffff,41,20,2,6,3,87,213,168,0.659,1
8,59,1,0,St. Louis Scarecrows,STL,St. Louis,St. Louis,Scarecrows,#eaaa00,#660000,#1a1a1a,20,40,3,2,3,46,161,241,0.348,1
9,59,1,0,Carolina Kraken,CAR,Carolina,Carolina,Kraken,#aa4b00,#1a1a1a,#ffffff,32,30,1,6,3,68,198,218,0.515,1
14,59,1,1,Nevada Battleborn,NBB,Nevada,Nevada,Battleborn,#0c2046,#c2ad6e,#ffffff,16,44,1,4,5,38,144,254,0.288,1
15,59,1,0,Quebec City Citadelles,QCC,Quebec City,Quebec City,Citadelles,#1d9bee,#34476b,#ffffff,35,31,0,2,0,70,192,192,0.530,0
0,60,1,1,Anchorage Armada,ANC,Anchorage,Anchorage,Armada,#848484,#1e2d40,#97b2d4,46,17,0,2,3,95,276,160,0.720,0
1,60,1,1,Kelowna Knights,KEL,Kelowna,Kelowna,Knights,#0b340b,#e5d478,#000000,18,43,0,0,5,41,165,270,0.311,0
2,60,1,0,Maine Timber,MET,Maine,Maine,Timber,#85714d,#082a17,#0a5f30,20,42,2,2,2,44,156,253,0.333,0
3,60,1,1,Vancouver Whalers,VAN,Vancouver,Vancouver,Whalers,#0d1d3f,#018241,#ffffff,47,14,2,4,3,99,263,162,0.750,0
4,60,1,0,Newfoundland Berserkers,NL,Newfoundland,Newfoundland,Berserkers,#4d4d4d,#be0404,#ffffff,56,7,2,3,1,115,287,129,0.871,0
5,60,1,1,Anaheim Outlaws,ANA,Anaheim,Anaheim,Outlaws,#81030b,#470407,#c5c1bd,32,29,2,4,3,69,194,217,0.523,1
6,60,1,1,Colorado Raptors,COL,Colorado,Colorado,Raptors,#012e85,#ddbe40,#e4e4df,37,27,1,5,1,76,212,194,0.576,1
7,60,1,0,Detroit Falcons,DET,Detroit,Detroit,Falcons,#d02128,#000000,#ffffff,30,32,0,7,4,64,176,202,0.485,1
8,60,1,0,St. Louis Scarecrows,STL,St. Louis,St. Louis,Scarecrows,#eaaa00,#660000,#1a1a1a,28,30,1,1,7,64,202,214,0.485,1
9,60,1,0,Carolina Kraken,CAR,Carolina,Carolina,Kraken,#aa4b00,#1a1a1a,#ffffff,36,26,3,1,1,76,238,216,0.576,1
14,60,1,1,Nevada Battleborn,NBB,Nevada,Nevada,Battleborn,#0c2046,#c2ad6e,#ffffff,11,53,1,1,1,24,148,332,0.182,1
15,60,1,0,Quebec City Citadelles,QCC,Quebec City,Quebec City,Citadelles,#1d9bee,#34476b,#ffffff,35,23,5,4,3,78,235,203,0.591,0
0,61,1,1,Anchorage Armada,ANC,Anchorage,Anchorage,Armada,#848484,#1e2d40,#97b2d4,36,25,3,3,2,77,209,167,0.583,0
1,61,1,1,Kelowna Knights,KEL,Kelowna,Kelowna,Knights,#0b340b,#e5d478,#000000,34,29,2,5,1,71,193,203,0.538,0
2,61,1,1,Maine Timber,MET,Maine,Maine,Timber,#85714d,#082a17,#0a5f30,29,31,2,3,4,64,190,203,0.485,0
3,61,1,1,Vancouver Whalers,VAN,Vancouver,Vancouver,Whalers,#0d1d3f,#018241,#ffffff,51,12,1,0,2,105,294,146,0.795,0
4,61,1,0,Newfoundland Berserkers,NL,Newfoundland,Newfoundland,Berserkers,#4d4d4d,#be0404,#ffffff,45,17,0,3,4,94,245,156,0.712,0
5,61,1,1,Anaheim Outlaws,ANA,Anaheim,Anaheim,Outlaws,#81030b,#470407,#c5c1bd,19,42,3,5,2,43,136,283,0.326,1
6,61,1,0,Colorado Raptors,COL,Colorado,Colorado,Raptors,#012e85,#ddbe40,#e4e4df,48,14,3,2,1,100,260,164,0.758,1
7,61,1,0,Detroit Falcons,DET,Detroit,Detroit,Falcons,#d02128,#000000,#ffffff,17,42,4,1,3,41,177,250,0.311,1
8,61,1,0,St. Louis Scarecrows,STL,St. Louis,St. Louis,Scarecrows,#eaaa00,#660000,#1a1a1a,27,35,2,2,2,58,154,207,0.439,0
9,61,1,1,Carolina Kraken,CAR,Carolina,Carolina,Kraken,#aa4b00,#1a1a1a,#ffffff,42,20,3,1,1,88,247,193,0.667,1
14,61,1,0,Nevada Battleborn,NBB,Nevada,Nevada,Battleborn,#0c2046,#c2ad6e,#ffffff,21,42,1,4,2,45,180,273,0.341,0
15,61,1,0,Quebec City Citadelles,QCC,Quebec City,Quebec City,Citadelles,#1d9bee,#34476b,#ffffff,44,17,2,4,3,93,261,181,0.705,0
16,61,1,0,Regina Elk,REG,Regina,Regina,Elk,#2f0038,#fbbc19,#ffffff,19,40,1,1,6,45,167,260,0.341,1
17,61,1,1,Great Falls Grizzlies,GFG,Great Falls,Great Falls,Grizzlies,#b6985a,#936b48,#151211,30,34,0,1,2,62,202,229,0.470,1
0,62,1,1,Anchorage Armada,ANC,Anchorage,Anchorage,Armada,#848484,#1e2d40,#97b2d4,46,16,3,5,1,96,219,166,0.727,1
1,62,1,1,Kelowna Knights,KEL,Kelowna,Kelowna,Knights,#0b340b,#e5d478,#000000,40,21,2,4,3,85,224,183,0.644,1
2,62,1,1,Maine Timber,MET,Maine,Maine,Timber,#85714d,#082a17,#0a5f30,39,21,4,3,2,84,236,192,0.636,1
3,62,1,0,Vancouver Whalers,VAN,Vancouver,Vancouver,Whalers,#0d1d3f,#018241,#ffffff,46,16,0,3,4,96,259,183,0.727,0
4,62,1,1,Newfoundland Berserkers,NL,Newfoundland,Newfoundland,Berserkers,#4d4d4d,#be0404,#ffffff,44,16,2,4,4,94,244,131,0.712,0
5,62,1,1,Anaheim Outlaws,ANA,Anaheim,Anaheim,Outlaws,#81030b,#470407,#c5c1bd,21,42,2,2,1,45,163,242,0.341,0
6,62,1,1,Colorado Raptors,COL,Colorado,Colorado,Raptors,#012e85,#ddbe40,#e4e4df,36,22,2,0,6,80,248,205,0.606,0
7,62,1,0,Detroit Falcons,DET,Detroit,Detroit,Falcons,#d02128,#000000,#ffffff,5,55,5,0,1,16,128,308,0.121,0
8,62,1,0,St. Louis Scarecrows,STL,St. Louis,St. Louis,Scarecrows,#eaaa00,#660000,#1a1a1a,18,45,1,3,2,39,148,270,0.295,0
9,62,1,0,Carolina Kraken,CAR,Carolina,Carolina,Kraken,#aa4b00,#1a1a1a,#ffffff,41,20,2,1,3,87,240,189,0.659,1
14,62,1,0,Nevada Battleborn,NBB,Nevada,Nevada,Battleborn,#0c2046,#c2ad6e,#ffffff,36,26,1,3,3,76,189,173,0.576,1
15,62,1,0,Quebec City Citadelles,QCC,Quebec City,Quebec City,Citadelles,#1d9bee,#34476b,#ffffff,33,28,1,4,4,71,217,201,0.538,0
16,62,1,1,Regina Elk,REG,Regina,Regina,Elk,#2f0038,#fbbc19,#ffffff,19,46,0,2,1,39,153,265,0.295,0
17,62,1,0,Great Falls Grizzlies,GFG,Great Falls,Great Falls,Grizzlies,#b6985a,#936b48,#151211,38,27,0,2,1,77,221,181,0.583,1
0,63,1,1,Anchorage Armada,ANC,Anchorage,Anchorage,Armada,#848484,#1e2d40,#97b2d4,26,35,4,5,1,57,176,229,0.432,0
1,63,1,0,Kelowna Knights,KEL,Kelowna,Kelowna,Knights,#0b340b,#e5d478,#000000,38,21,4,1,3,83,236,180,0.629,1
2,63,1,1,Maine Timber,MET,Maine,Maine,Timber,#85714d,#082a17,#0a5f30,50,15,0,1,1,101,292,173,0.765,1
3,63,1,0,Vancouver Whalers,VAN,Vancouver,Vancouver,Whalers,#0d1d3f,#018241,#ffffff,13,53,0,2,0,26,122,274,0.197,0
4,63,1,1,Newfoundland Berserkers,NL,Newfoundland,Newfoundland,Berserkers,#4d4d4d,#be0404,#ffffff,58,6,2,3,0,118,323,110,0.894,0
5,63,1,1,Anaheim Outlaws,ANA,Anaheim,Anaheim,Outlaws,#81030b,#470407,#c5c1bd,34,30,0,1,2,70,195,181,0.530,0
6,63,1,1,Colorado Raptors,COL,Colorado,Colorado,Raptors,#012e85,#ddbe40,#e4e4df,35,25,3,2,3,76,232,220,0.576,1
7,63,1,0,Detroit Falcons,DET,Detroit,Detroit,Falcons,#d02128,#000000,#ffffff,20,42,2,1,2,44,181,245,0.333,1
8,63,1,0,St. Louis Scarecrows,STL,St. Louis,St. Louis,Scarecrows,#eaaa00,#660000,#1a1a1a,8,50,1,0,7,24,133,342,0.182,0
9,63,1,0,Carolina Kraken,CAR,Carolina,Carolina,Kraken,#aa4b00,#1a1a1a,#ffffff,39,26,0,2,1,79,230,206,0.598,0
14,63,1,0,Nevada Battleborn,NBB,Nevada,Nevada,Battleborn,#0c2046,#c2ad6e,#ffffff,41,24,0,3,1,83,232,202,0.629,0
15,63,1,1,Quebec City Citadelles,QCC,Quebec City,Quebec City,Citadelles,#1d9bee,#34476b,#ffffff,27,35,1,2,3,58,190,227,0.439,0
16,63,1,1,Regina Elk,REG,Regina,Regina,Elk,#2f0038,#fbbc19,#ffffff,33,28,4,3,1,71,210,216,0.538,1
17,63,1,0,Great Falls Grizzlies,GFG,Great Falls,Great Falls,Grizzlies,#b6985a,#936b48,#151211,40,20,2,3,4,86,222,169,0.652,1
0,64,1,1,Anchorage Armada,ANC,Anchorage,Anchorage,Armada,#848484,#1e2d40,#97b2d4,12,47,4,3,3,31,144,283,0.235,1
1,64,1,0,Kelowna Knights,KEL,Kelowna,Kelowna,Knights,#0b340b,#e5d478,#000000,31,28,1,3,6,69,195,176,0.523,1
2,64,1,1,Maine Timber,MET,Maine,Maine,Timber,#85714d,#082a17,#0a5f30,41,24,1,3,0,83,237,206,0.629,0
3,64,1,0,Vancouver Whalers,VAN,Vancouver,Vancouver,Whalers,#0d1d3f,#018241,#ffffff,11,46,4,4,5,31,140,282,0.235,0
4,64,1,0,Newfoundland Berserkers,NL,Newfoundland,Newfoundland,Berserkers,#4d4d4d,#be0404,#ffffff,57,8,0,3,1,115,308,124,0.871,0
5,64,1,0,Anaheim Outlaws,ANA,Anaheim,Anaheim,Outlaws,#81030b,#470407,#c5c1bd,29,30,1,4,6,65,187,228,0.492,0
6,64,1,1,Colorado Raptors,COL,Colorado,Colorado,Raptors,#012e85,#ddbe40,#e4e4df,44,13,1,3,8,97,254,177,0.735,1
7,64,1,1,Detroit Falcons,DET,Detroit,Detroit,Falcons,#d02128,#000000,#ffffff,43,18,1,1,4,91,263,167,0.689,0
8,64,1,0,St. Louis Scarecrows,STL,St. Louis,St. Louis,Scarecrows,#eaaa00,#660000,#1a1a1a,22,41,2,4,1,47,178,281,0.356,1
9,64,1,1,Carolina Kraken,CAR,Carolina,Carolina,Kraken,#aa4b00,#1a1a1a,#ffffff,22,36,3,4,5,52,166,233,0.394,1
14,64,1,0,Nevada Battleborn,NBB,Nevada,Nevada,Battleborn,#0c2046,#c2ad6e,#ffffff,41,16,2,8,7,91,234,200,0.689,0
15,64,1,1,Quebec City Citadelles,QCC,Quebec City,Quebec City,Citadelles,#1d9bee,#34476b,#ffffff,46,17,2,5,1,95,253,190,0.720,0
16,64,1,0,Regina Elk,REG,Regina,Regina,Elk,#2f0038,#fbbc19,#ffffff,34,28,2,3,2,72,208,202,0.545,1
17,64,1,1,Great Falls Grizzlies,GFG,Great Falls,Great Falls,Grizzlies,#b6985a,#936b48,#151211,29,31,4,3,2,64,193,211,0.485,0
0,65,1,0,Anchorage Armada,ANC,Anchorage,Anchorage,Armada,#848484,#1e2d40,#97b2d4,15,48,2,1,1,33,148,282,0.250,0
1,65,1,0,Kelowna Knights,KEL,Kelowna,Kelowna,Knights,#0b340b,#e5d478,#000000,17,45,1,5,3,38,162,294,0.288,1
2,65,1,1,Maine Timber,MET,Maine,Maine,Timber,#85714d,#082a17,#0a5f30,33,28,3,2,2,71,196,216,0.538,1
3,65,1,0,Vancouver Whalers,VAN,Vancouver,Vancouver,Whalers,#0d1d3f,#018241,#ffffff,14,50,0,1,2,30,169,301,0.227,1
4,65,1,0,Newfoundland Berserkers,NL,Newfoundland,Newfoundland,Berserkers,#4d4d4d,#be0404,#ffffff,47,15,1,2,3,98,291,139,0.742,0
5,65,1,0,Yukon Malamutes,YUM,Yukon,Yukon,Malamutes,#b1162c,#366e9b,#ebebeb,30,30,2,5,4,66,203,240,0.500,0
6,65,1,1,Colorado Raptors,COL,Colorado,Colorado,Raptors,#012e85,#ddbe40,#e4e4df,39,26,0,2,1,79,268,216,0.598,0
7,65,1,0,Detroit Falcons,DET,Detroit,Detroit,Falcons,#d02128,#000000,#ffffff,59,5,1,2,1,120,330,137,0.909,0
8,65,1,1,St. Louis Scarecrows,STL,St. Louis,St. Louis,Scarecrows,#eaaa00,#660000,#1a1a1a,38,26,2,1,0,78,244,213,0.591,0
9,65,1,1,Carolina Kraken,CAR,Carolina,Carolina,Kraken,#aa4b00,#1a1a1a,#ffffff,29,32,0,1,5,63,186,243,0.477,0
14,65,1,0,Nevada Battleborn,NBB,Nevada,Nevada,Battleborn,#0c2046,#c2ad6e,#ffffff,42,19,3,2,2,89,298,190,0.674,1
15,65,1,1,Quebec City Citadelles,QCC,Quebec City,Quebec City,Citadelles,#1d9bee,#34476b,#ffffff,48,11,3,3,4,103,301,171,0.780,0
16,65,1,1,Regina Elk,REG,Regina,Regina,Elk,#2f0038,#fbbc19,#ffffff,29,30,2,5,5,65,198,251,0.492,1
17,65,1,1,Great Falls Grizzlies,GFG,Great Falls,Great Falls,Grizzlies,#b6985a,#936b48,#151211,22,42,1,2,1,46,168,269,0.348,1
0,66,1,0,Anchorage Armada,ANC,Anchorage,Anchorage,Armada,#848484,#1e2d40,#97b2d4,31,28,4,1,3,69,222,238,0.523,1
1,66,1,1,Kelowna Knights,KEL,Kelowna,Kelowna,Knights,#0b340b,#e5d478,#000000,17,47,2,1,0,36,123,276,0.273,0
2,66,1,1,Maine Timber,MET,Maine,Maine,Timber,#85714d,#082a17,#0a5f30,33,28,3,0,2,71,240,198,0.538,1
3,66,1,0,Vancouver Whalers,VAN,Vancouver,Vancouver,Whalers,#0d1d3f,#018241,#ffffff,44,17,3,5,2,93,263,196,0.705,0
4,66,1,1,Newfoundland Berserkers,NL,Newfoundland,Newfoundland,Berserkers,#4d4d4d,#be0404,#ffffff,21,39,4,0,2,48,192,274,0.364,0
5,66,1,0,Yukon Malamutes,YUM,Yukon,Yukon,Malamutes,#b1162c,#366e9b,#ebebeb,45,19,1,2,1,92,269,183,0.697,1
6,66,1,0,Colorado Raptors,COL,Colorado,Colorado,Raptors,#012e85,#ddbe40,#e4e4df,45,18,0,0,3,93,286,183,0.705,1
7,66,1,0,Detroit Falcons,DET,Detroit,Detroit,Falcons,#d02128,#000000,#ffffff,25,35,3,1,3,56,172,221,0.424,0
8,66,1,1,St. Louis Scarecrows,STL,St. Louis,St. Louis,Scarecrows,#eaaa00,#660000,#1a1a1a,34,25,5,3,2,75,230,209,0.568,1
9,66,1,1,Carolina Kraken,CAR,Carolina,Carolina,Kraken,#aa4b00,#1a1a1a,#ffffff,20,40,3,5,3,46,158,274,0.348,1
14,66,1,0,Nevada Battleborn,NBB,Nevada,Nevada,Battleborn,#0c2046,#c2ad6e,#ffffff,49,13,3,4,1,102,273,152,0.773,0
15,66,1,1,Quebec City Citadelles,QCC,Quebec City,Quebec City,Citadelles,#1d9bee,#34476b,#ffffff,40,24,1,2,1,82,209,170,0.621,0
16,66,1,0,Regina Elk,REG,Regina,Regina,Elk,#2f0038,#fbbc19,#ffffff,35,24,2,2,5,77,239,183,0.583,0
17,66,1,1,Great Falls Grizzlies,GFG,Great Falls,Great Falls,Grizzlies,#b6985a,#936b48,#151211,23,41,2,2,0,48,197,316,0.364,0
0,67,1,0,Anchorage Armada,ANC,Anchorage,Anchorage,Armada,#848484,#1e2d40,#97b2d4,30,28,1,1,7,68,219,217,0.515,0
1,67,1,0,Kelowna Knights,KEL,Kelowna,Kelowna,Knights,#0b340b,#e5d478,#000000,23,35,4,4,4,54,172,253,0.409,1
2,67,1,0,Maine Timber,MET,Maine,Maine,Timber,#85714d,#082a17,#0a5f30,41,22,2,2,1,85,266,194,0.644,1
3,67,1,1,Vancouver Whalers,VAN,Vancouver,Vancouver,Whalers,#0d1d3f,#018241,#ffffff,38,26,0,4,2,78,242,213,0.591,0
4,67,1,1,Newfoundland Berserkers,NL,Newfoundland,Newfoundland,Berserkers,#4d4d4d,#be0404,#ffffff,15,46,1,2,4,35,172,296,0.265,0
5,67,1,0,Yukon Malamutes,YUM,Yukon,Yukon,Malamutes,#b1162c,#366e9b,#ebebeb,35,29,1,5,1,72,211,207,0.545,0
6,67,1,1,Colorado Raptors,COL,Colorado,Colorado,Raptors,#012e85,#ddbe40,#e4e4df,37,27,1,6,1,76,245,248,0.576,0
7,67,1,1,Detroit Falcons,DET,Detroit,Detroit,Falcons,#d02128,#000000,#ffffff,38,25,1,1,2,79,248,197,0.598,1
8,67,1,1,St. Louis Scarecrows,STL,St. Louis,St. Louis,Scarecrows,#eaaa00,#660000,#1a1a1a,38,25,1,7,2,79,217,187,0.598,1
9,67,1,0,Carolina Kraken,CAR,Carolina,Carolina,Kraken,#aa4b00,#1a1a1a,#ffffff,24,36,0,2,6,54,191,268,0.409,0
14,67,1,0,Nevada Battleborn,NBB,Nevada,Nevada,Battleborn,#0c2046,#c2ad6e,#ffffff,39,19,2,3,6,86,242,193,0.652,0
15,67,1,0,Quebec City Citadelles,QCC,Quebec City,Quebec City,Citadelles,#1d9bee,#34476b,#ffffff,44,20,0,3,2,90,242,198,0.682,1
16,67,1,1,Regina Elk,REG,Regina,Regina,Elk,#2f0038,#fbbc19,#ffffff,40,18,2,4,6,88,225,152,0.667,1
17,67,1,1,Great Falls Grizzlies,GFG,Great Falls,Great Falls,Grizzlies,#b6985a,#936b48,#151211,20,41,1,4,4,45,183,252,0.341,0
0,68,1,1,Anchorage Armada,ANC,Anchorage,Anchorage,Armada,#848484,#1e2d40,#97b2d4,37,24,0,5,5,79,210,201,0.598,0
1,68,1,1,Kelowna Knights,KEL,Kelowna,Kelowna,Knights,#0b340b,#e5d478,#000000,23,35,4,1,4,54,189,266,0.409,0
2,68,1,0,Maine Timber,MET,Maine,Maine,Timber,#85714d,#082a17,#0a5f30,36,26,1,0,3,76,215,202,0.576,0
3,68,1,1,Vancouver Whalers,VAN,Vancouver,Vancouver,Whalers,#0d1d3f,#018241,#ffffff,26,33,3,3,4,59,190,242,0.447,1
4,68,1,0,Newfoundland Berserkers,NL,Newfoundland,Newfoundland,Berserkers,#4d4d4d,#be0404,#ffffff,26,33,4,1,3,59,204,249,0.447,1
5,68,1,0,Yukon Malamutes,YUM,Yukon,Yukon,Malamutes,#b1162c,#366e9b,#ebebeb,33,30,2,3,1,69,218,240,0.523,0
6,68,1,0,Colorado Raptors,COL,Colorado,Colorado,Raptors,#012e85,#ddbe40,#e4e4df,26,31,1,2,8,61,201,246,0.462,1
7,68,1,0,Detroit Falcons,DET,Detroit,Detroit,Falcons,#d02128,#000000,#ffffff,54,11,1,0,0,109,326,144,0.826,1
8,68,1,1,St. Louis Scarecrows,STL,St. Louis,St. Louis,Scarecrows,#eaaa00,#660000,#1a1a1a,35,24,5,5,2,77,262,238,0.583,1
9,68,1,1,Carolina Kraken,CAR,Carolina,Carolina,Kraken,#aa4b00,#1a1a1a,#ffffff,43,22,0,4,1,87,266,202,0.659,1
14,68,1,1,Nevada Battleborn,NBB,Nevada,Nevada,Battleborn,#0c2046,#c2ad6e,#ffffff,42,22,2,1,0,86,268,203,0.652,0
15,68,1,0,Quebec City Citadelles,QCC,Quebec City,Quebec City,Citadelles,#1d9bee,#34476b,#ffffff,23,39,2,2,2,50,170,231,0.379,0
16,68,1,1,Regina Elk,REG,Regina,Regina,Elk,#2f0038,#fbbc19,#ffffff,36,25,4,6,1,77,202,174,0.583,0
17,68,1,0,Great Falls Grizzlies,GFG,Great Falls,Great Falls,Grizzlies,#b6985a,#936b48,#151211,22,41,0,4,3,47,178,261,0.356,0
0,69,1,1,Anchorage Armada,ANC,Anchorage,Anchorage,Armada,#848484,#1e2d40,#97b2d4,32,33,0,0,1,65,182,198,0.492,0
1,69,1,0,Kelowna Knights,KEL,Kelowna,Kelowna,Knights,#0b340b,#e5d478,#000000,42,19,4,1,1,89,228,165,0.674,1
2,69,1,0,Maine Timber,MET,Maine,Maine,Timber,#85714d,#082a17,#0a5f30,44,20,2,1,0,90,245,184,0.682,1
3,69,1,0,Vancouver Whalers,VAN,Vancouver,Vancouver,Whalers,#0d1d3f,#018241,#ffffff,24,39,2,3,1,51,165,247,0.386,0
4,69,1,0,Newfoundland Berserkers,NL,Newfoundland,Newfoundland,Berserkers,#4d4d4d,#be0404,#ffffff,41,23,1,1,1,84,245,182,0.636,0
5,69,1,1,Yukon Malamutes,YUM,Yukon,Yukon,Malamutes,#b1162c,#366e9b,#ebebeb,19,46,0,1,1,39,140,239,0.295,1
6,69,1,1,Colorado Raptors,COL,Colorado,Colorado,Raptors,#012e85,#ddbe40,#e4e4df,28,35,3,0,0,59,219,223,0.447,0
7,69,1,1,Detroit Falcons,DET,Detroit,Detroit,Falcons,#d02128,#000000,#ffffff,47,15,1,3,3,98,281,166,0.742,0
8,69,1,0,St. Louis Scarecrows,STL,St. Louis,St. Louis,Scarecrows,#eaaa00,#660000,#1a1a1a,13,50,2,1,1,29,130,294,0.220,1
9,69,1,0,Carolina Kraken,CAR,Carolina,Carolina,Kraken,#aa4b00,#1a1a1a,#ffffff,37,26,1,1,2,77,231,205,0.583,0
14,69,1,0,Nevada Battleborn,NBB,Nevada,Nevada,Battleborn,#0c2046,#c2ad6e,#ffffff,31,32,1,1,2,65,199,225,0.492,0
15,69,1,1,Quebec City Citadelles,QCC,Quebec City,Quebec City,Citadelles,#1d9bee,#34476b,#ffffff,38,21,6,1,1,83,245,200,0.629,0
16,69,1,1,Regina Elk,REG,Regina,Regina,Elk,#2f0038,#fbbc19,#ffffff,24,38,1,3,3,52,173,242,0.394,1
17,69,1,1,Great Falls Grizzlies,GFG,Great Falls,Great Falls,Grizzlies,#b6985a,#936b48,#151211,42,19,2,3,3,89,246,159,0.674,1
0,70,1,1,Anchorage Armada,ANC,Anchorage,Anchorage,Armada,#848484,#1e2d40,#97b2d4,16,43,4,2,3,39,172,335,0.295,1
1,70,1,1,Kelowna Knights,KEL,Kelowna,Kelowna,Knights,#0b340b,#e5d478,#000000,31,28,2,3,5,69,217,197,0.523,0
2,70,1,1,Maine Timber,MET,Maine,Maine,Timber,#85714d,#082a17,#0a5f30,48,14,1,5,3,100,314,187,0.758,0
3,70,1,1,Vancouver Whalers,VAN,Vancouver,Vancouver,Whalers,#0d1d3f,#018241,#ffffff,33,28,1,2,4,71,243,264,0.538,1
4,70,1,1,Newfoundland Berserkers,NL,Newfoundland,Newfoundland,Berserkers,#4d4d4d,#be0404,#ffffff,45,19,1,0,1,92,268,207,0.697,1
5,70,1,1,Yukon Malamutes,YUM,Yukon,Yukon,Malamutes,#b1162c,#366e9b,#ebebeb,31,28,4,2,3,69,219,222,0.523,0
6,70,1,0,Colorado Raptors,COL,Colorado,Colorado,Raptors,#012e85,#ddbe40,#e4e4df,46,17,3,5,0,95,278,202,0.720,1
7,70,1,0,Detroit Falcons,DET,Detroit,Detroit,Falcons,#d02128,#000000,#ffffff,39,25,1,4,1,80,270,239,0.606,0
8,70,1,0,St. Louis Scarecrows,STL,St. Louis,St. Louis,Scarecrows,#eaaa00,#660000,#1a1a1a,16,44,2,3,4,38,142,261,0.288,0
9,70,1,0,Carolina Kraken,CAR,Carolina,Carolina,Kraken,#aa4b00,#1a1a1a,#ffffff,30,31,1,2,4,65,249,242,0.492,1
14,70,1,0,Nevada Battleborn,NBB,Nevada,Nevada,Battleborn,#0c2046,#c2ad6e,#ffffff,41,19,2,4,4,88,291,213,0.667,0
15,70,1,0,Quebec City Citadelles,QCC,Quebec City,Quebec City,Citadelles,#1d9bee,#34476b,#ffffff,19,42,4,2,1,43,198,291,0.326,1
16,70,1,1,Regina Elk,REG,Regina,Regina,Elk,#2f0038,#fbbc19,#ffffff,28,34,1,3,3,60,204,235,0.455,0
17,70,1,0,Great Falls Grizzlies,GFG,Great Falls,Great Falls,Grizzlies,#b6985a,#936b48,#151211,39,23,2,1,2,82,229,199,0.621,0
0,71,1,0,Anchorage Armada,ANC,Anchorage,Anchorage,Armada,#848484,#1e2d40,#97b2d4,31,32,2,1,1,65,261,285,0.492,0
1,71,1,0,Kelowna Knights,KEL,Kelowna,Kelowna,Knights,#0b340b,#e5d478,#000000,22,36,3,0,5,52,219,293,0.394,0
2,71,1,0,Maine Timber,MET,Maine,Maine,Timber,#85714d,#082a17,#0a5f30,51,10,1,5,4,107,331,173,0.811,0
3,71,1,1,Vancouver Whalers,VAN,Vancouver,Vancouver,Whalers,#0d1d3f,#018241,#ffffff,36,27,2,2,1,75,303,271,0.568,1
4,71,1,1,Newfoundland Berserkers,NL,Newfoundland,Newfoundland,Berserkers,#4d4d4d,#be0404,#ffffff,42,21,1,2,2,87,292,230,0.659,0
5,71,1,0,Yukon Malamutes,YUM,Yukon,Yukon,Malamutes,#b1162c,#366e9b,#ebebeb,45,18,1,2,2,93,278,191,0.705,1
6,71,1,1,Colorado Raptors,COL,Colorado,Colorado,Raptors,#012e85,#ddbe40,#e4e4df,24,38,3,0,1,52,212,271,0.394,0
7,71,1,1,Detroit Falcons,DET,Detroit,Detroit,Falcons,#d02128,#000000,#ffffff,20,43,1,1,2,43,229,353,0.326,1
8,71,1,0,St. Louis Scarecrows,STL,St. Louis,St. Louis,Scarecrows,#eaaa00,#660000,#1a1a1a,33,28,3,1,2,71,232,226,0.538,1
9,71,1,1,Carolina Kraken,CAR,Carolina,Carolina,Kraken,#aa4b00,#1a1a1a,#ffffff,34,28,1,3,3,72,272,256,0.545,0
14,71,1,0,Nevada Battleborn,NBB,Nevada,Nevada,Battleborn,#0c2046,#c2ad6e,#ffffff,48,12,4,3,2,102,336,219,0.773,0
15,71,1,1,Quebec City Citadelles,QCC,Quebec City,Quebec City,Citadelles,#1d9bee,#34476b,#ffffff,25,41,0,3,0,50,232,320,0.379,0
16,71,1,1,Regina Elk,REG,Regina,Regina,Elk,#2f0038,#fbbc19,#ffffff,31,28,5,3,2,69,237,239,0.523,1
17,71,1,0,Great Falls Grizzlies,GFG,Great Falls,Great Falls,Grizzlies,#b6985a,#936b48,#151211,20,45,1,1,0,41,185,292,0.311,1
0,72,1,0,Anchorage Armada,ANC,Anchorage,Anchorage,Armada,#848484,#1e2d40,#97b2d4,31,34,0,2,1,63,261,284,0.477,0
1,72,1,1,Kelowna Knights,KEL,Kelowna,Kelowna,Knights,#0b340b,#e5d478,#000000,25,39,0,3,2,52,220,291,0.394,1
2,72,1,0,Maine Timber,MET,Maine,Maine,Timber,#85714d,#082a17,#0a5f30,45,17,2,1,2,94,340,225,0.712,0
3,72,1,0,Vancouver Whalers,VAN,Vancouver,Vancouver,Whalers,#0d1d3f,#018241,#ffffff,43,16,4,2,3,93,339,221,0.705,1
4,72,1,0,Newfoundland Berserkers,NL,Newfoundland,Newfoundland,Berserkers,#4d4d4d,#be0404,#ffffff,36,27,2,2,1,75,302,271,0.568,0
5,72,1,1,Yukon Malamutes,YUM,Yukon,Yukon,Malamutes,#b1162c,#366e9b,#ebebeb,35,30,1,3,0,71,288,258,0.538,0
6,72,1,1,Colorado Raptors,COL,Colorado,Colorado,Raptors,#012e85,#ddbe40,#e4e4df,22,38,3,1,3,50,260,383,0.379,0
7,72,1,1,Detroit Falcons,DET,Detroit,Detroit,Falcons,#d02128,#000000,#ffffff,21,39,2,1,4,48,181,296,0.364,0
8,72,1,1,St. Louis Scarecrows,STL,St. Louis,St. Louis,Scarecrows,#eaaa00,#660000,#1a1a1a,41,22,0,3,3,85,296,232,0.644,1
9,72,1,1,Carolina Kraken,CAR,Carolina,Carolina,Kraken,#aa4b00,#1a1a1a,#ffffff,36,24,2,1,4,78,266,247,0.591,1
14,72,1,1,Nevada Battleborn,NBB,Nevada,Nevada,Battleborn,#0c2046,#c2ad6e,#ffffff,39,24,0,1,3,81,294,256,0.614,0
15,72,1,0,Quebec City Citadelles,QCC,Quebec City,Quebec City,Citadelles,#1d9bee,#34476b,#ffffff,30,34,2,1,0,62,260,297,0.470,1
16,72,1,0,Regina Elk,REG,Regina,Regina,Elk,#2f0038,#fbbc19,#ffffff,36,29,1,1,0,73,294,246,0.553,1
17,72,1,0,Great Falls Grizzlies,GFG,Great Falls,Great Falls,Grizzlies,#b6985a,#936b48,#151211,22,44,0,4,0,44,199,293,0.333,0
0,73,1,0,Anchorage Armada,ANC,Anchorage,Anchorage,Armada,#848484,#1e2d40,#97b2d4,42,24,0,3,0,84,280,219,0.636,0
1,73,1,1,Kelowna Knights,KEL,Kelowna,Kelowna,Knights,#0b340b,#e5d478,#000000,21,39,4,0,2,48,201,258,0.364,0
2,73,1,0,Maine Timber,MET,Maine,Maine,Timber,#85714d,#082a17,#0a5f30,41,22,3,1,0,85,299,229,0.644,0
3,73,1,1,Vancouver Whalers,VAN,Vancouver,Vancouver,Whalers,#0d1d3f,#018241,#ffffff,47,16,2,2,1,97,285,178,0.735,0
4,73,1,1,Newfoundland Berserkers,NL,Newfoundland,Newfoundland,Berserkers,#4d4d4d,#be0404,#ffffff,35,29,1,3,1,72,270,281,0.545,1
5,73,1,0,Yukon Malamutes,YUM,Yukon,Yukon,Malamutes,#b1162c,#366e9b,#ebebeb,30,33,1,1,2,63,233,238,0.477,1
6,73,1,0,Colorado Raptors,COL,Colorado,Colorado,Raptors,#012e85,#ddbe40,#e4e4df,27,35,2,0,2,58,250,308,0.439,0
7,73,1,1,Detroit Falcons,DET,Detroit,Detroit,Falcons,#d02128,#000000,#ffffff,31,28,1,1,6,69,218,234,0.523,1
8,73,1,1,St. Louis Scarecrows,STL,St. Louis,St. Louis,Scarecrows,#eaaa00,#660000,#1a1a1a,31,32,2,2,1,65,234,264,0.492,0
9,73,1,0,Carolina Kraken,CAR,Carolina,Carolina,Kraken,#aa4b00,#1a1a1a,#ffffff,29,34,2,2,1,61,210,251,0.462,1
14,73,1,0,Nevada Battleborn,NBB,Nevada,Nevada,Battleborn,#0c2046,#c2ad6e,#ffffff,38,25,1,2,2,79,271,227,0.598,0
15,73,1,1,Quebec City Citadelles,QCC,Quebec City,Quebec City,Citadelles,#1d9bee,#34476b,#ffffff,34,30,1,2,1,70,282,255,0.530,0
16,73,1,1,Regina Elk,REG,Regina,Regina,Elk,#2f0038,#fbbc19,#ffffff,34,26,4,1,2,74,259,260,0.561,1
17,73,1,0,Great Falls Grizzlies,GFG,Great Falls,Great Falls,Grizzlies,#b6985a,#936b48,#151211,22,40,2,3,2,48,166,256,0.364,1
0,74,1,1,Anchorage Armada,ANC,Anchorage,Anchorage,Armada,#848484,#1e2d40,#97b2d4,36,28,2,1,0,74,274,234,0.561,0
1,74,1,0,Kelowna Knights,KEL,Kelowna,Kelowna,Knights,#0b340b,#e5d478,#000000,22,42,2,3,0,46,182,269,0.348,1
2,74,1,1,Maine Timber,MET,Maine,Maine,Timber,#85714d,#082a17,#0a5f30,39,20,4,5,3,85,264,218,0.644,0
3,74,1,0,Vancouver Whalers,VAN,Vancouver,Vancouver,Whalers,#0d1d3f,#018241,#ffffff,33,28,1,2,4,71,244,278,0.538,0
4,74,1,1,Newfoundland Berserkers,NL,Newfoundland,Newfoundland,Berserkers,#4d4d4d,#be0404,#ffffff,38,25,2,2,1,79,282,207,0.598,1
5,74,1,1,Yukon Malamutes,YUM,Yukon,Yukon,Malamutes,#b1162c,#366e9b,#ebebeb,35,26,3,2,2,75,280,255,0.568,0
6,74,1,1,Colorado Raptors,COL,Colorado,Colorado,Raptors,#012e85,#ddbe40,#e4e4df,41,17,4,0,4,90,314,246,0.682,1
7,74,1,0,Detroit Falcons,DET,Detroit,Detroit,Falcons,#d02128,#000000,#ffffff,42,20,3,2,1,88,255,194,0.667,1
8,74,1,0,St. Louis Scarecrows,STL,St. Louis,St. Louis,Scarecrows,#eaaa00,#660000,#1a1a1a,16,48,1,1,1,34,195,351,0.258,0
9,74,1,1,Carolina Kraken,CAR,Carolina,Carolina,Kraken,#aa4b00,#1a1a1a,#ffffff,31,28,2,0,5,69,232,252,0.523,0
14,74,1,0,Nevada Battleborn,NBB,Nevada,Nevada,Battleborn,#0c2046,#c2ad6e,#ffffff,32,27,4,1,3,71,224,228,0.538,0
15,74,1,1,Quebec City Citadelles,QCC,Quebec City,Quebec City,Citadelles,#1d9bee,#34476b,#ffffff,48,12,2,1,4,102,272,153,0.773,1
16,74,1,0,Regina Elk,REG,Regina,Regina,Elk,#2f0038,#fbbc19,#ffffff,26,38,1,4,1,54,207,255,0.409,1
17,74,1,0,Great Falls Grizzlies,GFG,Great Falls,Great Falls,Grizzlies,#b6985a,#936b48,#151211,23,41,1,6,1,48,161,246,0.364,0
0,75,1,1,Anchorage Armada,ANC,Anchorage,Anchorage,Armada,#848484,#1e2d40,#97b2d4,35,29,2,1,0,72,294,250,0.545,0
1,75,1,0,Kelowna Knights,KEL,Kelowna,Kelowna,Knights,#0b340b,#e5d478,#000000,20,43,1,4,2,43,177,308,0.326,1
2,75,1,0,Maine Timber,MET,Maine,Maine,Timber,#85714d,#082a17,#0a5f30,45,17,3,2,1,94,294,191,0.712,1
3,75,1,0,Vancouver Whalers,VAN,Vancouver,Vancouver,Whalers,#0d1d3f,#018241,#ffffff,16,45,3,1,2,37,209,354,0.280,0
4,75,1,0,Newfoundland Berserkers,NL,Newfoundland,Newfoundland,Berserkers,#4d4d4d,#be0404,#ffffff,37,27,0,0,2,76,310,221,0.576,0
5,75,1,1,Yukon Malamutes,YUM,Yukon,Yukon,Malamutes,#b1162c,#366e9b,#ebebeb,36,26,2,0,2,76,265,235,0.576,0
6,75,1,1,Colorado Raptors,COL,Colorado,Colorado,Raptors,#012e85,#ddbe40,#e4e4df,44,21,0,0,1,89,320,206,0.674,1
7,75,1,1,Detroit Falcons,DET,Detroit,Detroit,Falcons,#d02128,#000000,#ffffff,40,22,3,4,1,84,227,182,0.636,1
8,75,1,0,St. Louis Scarecrows,STL,St. Louis,St. Louis,Scarecrows,#eaaa00,#660000,#1a1a1a,15,50,1,1,0,31,137,369,0.235,0
9,75,1,1,Carolina Kraken,CAR,Carolina,Carolina,Kraken,#aa4b00,#1a1a1a,#ffffff,29,31,3,0,3,64,252,251,0.485,0
14,75,1,0,Nevada Battleborn,NBB,Nevada,Nevada,Battleborn,#0c2046,#c2ad6e,#ffffff,24,42,0,2,0,48,216,363,0.364,1
15,75,1,0,Quebec City Citadelles,QCC,Quebec City,Quebec City,Citadelles,#1d9bee,#34476b,#ffffff,51,12,3,1,0,105,354,181,0.795,1
16,75,1,1,Regina Elk,REG,Regina,Regina,Elk,#2f0038,#fbbc19,#ffffff,35,24,4,2,3,77,243,208,0.583,1
17,75,1,1,Great Falls Grizzlies,GFG,Great Falls,Great Falls,Grizzlies,#b6985a,#936b48,#151211,35,29,1,0,1,72,252,231,0.545,1
0,76,1,0,Anchorage Armada,ANC,Anchorage,Anchorage,Armada,#848484,#1e2d40,#97b2d4,32,32,1,3,1,66,216,246,0.500,NA
1,76,1,0,Kelowna Knights,KEL,Kelowna,Kelowna,Knights,#0b340b,#e5d478,#000000,13,48,1,0,4,31,187,327,0.235,NA
2,76,1,1,Maine Timber,MET,Maine,Maine,Timber,#85714d,#082a17,#0a5f30,42,21,1,1,2,87,285,217,0.659,NA
3,76,1,0,Vancouver Whalers,VAN,Vancouver,Vancouver,Whalers,#0d1d3f,#018241,#ffffff,28,37,0,1,1,57,210,248,0.432,NA
4,76,1,0,Newfoundland Berserkers,NL,Newfoundland,Newfoundland,Berserkers,#4d4d4d,#be0404,#ffffff,44,20,1,3,1,90,301,235,0.682,NA
5,76,1,0,Yukon Malamutes,YUM,Yukon,Yukon,Malamutes,#b1162c,#366e9b,#ebebeb,24,36,4,1,2,54,174,259,0.409,NA
6,76,1,1,Colorado Raptors,COL,Colorado,Colorado,Raptors,#012e85,#ddbe40,#e4e4df,39,21,5,0,1,84,272,230,0.636,NA
7,76,1,1,Detroit Falcons,DET,Detroit,Detroit,Falcons,#d02128,#000000,#ffffff,29,34,0,1,3,61,205,225,0.462,NA
8,76,1,1,St. Louis Scarecrows,STL,St. Louis,St. Louis,Scarecrows,#eaaa00,#660000,#1a1a1a,19,43,1,1,3,42,191,297,0.318,NA
9,76,1,1,Carolina Kraken,CAR,Carolina,Carolina,Kraken,#aa4b00,#1a1a1a,#ffffff,42,21,1,3,2,87,267,191,0.659,NA
14,76,1,1,Nevada Battleborn,NBB,Nevada,Nevada,Battleborn,#0c2046,#c2ad6e,#ffffff,36,23,5,2,2,79,238,228,0.598,NA
15,76,1,0,Quebec City Citadelles,QCC,Quebec City,Quebec City,Citadelles,#1d9bee,#34476b,#ffffff,49,15,1,2,1,100,293,183,0.758,NA
16,76,1,0,Regina Elk,REG,Regina,Regina,Elk,#2f0038,#fbbc19,#ffffff,39,21,3,3,3,84,259,190,0.636,NA
17,76,1,0,Great Falls Grizzlies,GFG,Great Falls,Great Falls,Grizzlies,#b6985a,#936b48,#151211,35,26,2,3,3,75,215,182,0.568,NA
18,76,1,1,Ottawa Highlanders,OTT,Ottawa,Ottawa,Highlanders,#0c2b69,#245756,#ffffff,24,38,3,2,1,52,193,244,0.394,NA
19,76,1,1,San Diego Tidal,SDT,San Diego,San Diego,Tidal,#ec6618,#25b3b5,#ffffff,33,32,1,4,0,67,280,284,0.508,NA
0,77,1,0,Anchorage Armada,ANC,Anchorage,Anchorage,Armada,#848484,#1e2d40,#97b2d4,22,41,1,1,2,47,190,271,0.356,NA
1,77,1,0,Kelowna Knights,KEL,Kelowna,Kelowna,Knights,#0b340b,#e5d478,#000000,33,31,2,3,0,68,232,230,0.515,NA
2,77,1,1,Maine Timber,MET,Maine,Maine,Timber,#85714d,#082a17,#0a5f30,48,16,1,2,1,98,323,197,0.742,NA
3,77,1,0,Vancouver Whalers,VAN,Vancouver,Vancouver,Whalers,#0d1d3f,#018241,#ffffff,35,27,1,1,3,74,214,207,0.561,NA
4,77,1,0,Newfoundland Berserkers,NL,Newfoundland,Newfoundland,Berserkers,#4d4d4d,#be0404,#ffffff,30,31,4,1,1,65,229,254,0.492,NA
5,77,1,0,Yukon Malamutes,YUM,Yukon,Yukon,Malamutes,#b1162c,#366e9b,#ebebeb,29,33,2,1,2,62,221,248,0.470,NA
6,77,1,1,Colorado Raptors,COL,Colorado,Colorado,Raptors,#012e85,#ddbe40,#e4e4df,33,26,6,1,1,73,278,260,0.553,NA
7,77,1,1,Detroit Falcons,DET,Detroit,Detroit,Falcons,#d02128,#000000,#ffffff,38,23,1,2,4,81,234,190,0.614,NA
8,77,1,1,St. Louis Scarecrows,STL,St. Louis,St. Louis,Scarecrows,#eaaa00,#660000,#1a1a1a,22,42,1,1,1,46,207,302,0.348,NA
9,77,1,1,Carolina Kraken,CAR,Carolina,Carolina,Kraken,#aa4b00,#1a1a1a,#ffffff,30,28,2,2,6,68,213,221,0.515,NA
14,77,1,1,Nevada Battleborn,NBB,Nevada,Nevada,Battleborn,#0c2046,#c2ad6e,#ffffff,43,22,0,3,1,87,303,236,0.659,NA
15,77,1,0,Quebec City Citadelles,QCC,Quebec City,Quebec City,Citadelles,#1d9bee,#34476b,#ffffff,35,30,1,1,0,71,233,226,0.538,NA
16,77,1,0,Regina Elk,REG,Regina,Regina,Elk,#2f0038,#fbbc19,#ffffff,41,24,1,3,0,83,250,181,0.629,NA
17,77,1,0,Great Falls Grizzlies,GFG,Great Falls,Great Falls,Grizzlies,#b6985a,#936b48,#151211,30,27,3,3,6,69,214,221,0.523,NA
18,77,1,1,Ottawa Highlanders,OTT,Ottawa,Ottawa,Highlanders,#025d58,#023284,#832929,38,23,4,2,1,81,250,221,0.614,NA
19,77,1,1,San Diego Tidal,SDT,San Diego,San Diego,Tidal,#ec6618,#25b3b5,#ffffff,21,44,1,2,0,43,200,326,0.326,NA
0,78,1,0,Anchorage Armada,ANC,Anchorage,Anchorage,Armada,#848484,#1e2d40,#97b2d4,39,22,4,4,1,83,274,223,0.629,NA
1,78,1,0,Kelowna Knights,KEL,Kelowna,Kelowna,Knights,#0b340b,#e5d478,#000000,38,26,2,4,0,78,253,217,0.591,NA
2,78,1,1,Maine Timber,MET,Maine,Maine,Timber,#85714d,#082a17,#0a5f30,51,11,3,2,1,106,343,199,0.803,NA
3,78,1,0,Vancouver Whalers,VAN,Vancouver,Vancouver,Whalers,#0d1d3f,#018241,#ffffff,30,32,0,1,4,64,201,224,0.485,NA
4,78,1,0,Newfoundland Berserkers,NL,Newfoundland,Newfoundland,Berserkers,#4d4d4d,#be0404,#ffffff,30,33,1,4,2,63,212,241,0.477,NA
5,78,1,0,Yukon Malamutes,YUM,Yukon,Yukon,Malamutes,#b1162c,#366e9b,#ebebeb,34,24,3,1,5,76,216,205,0.576,NA
6,78,1,1,Colorado Raptors,COL,Colorado,Colorado,Raptors,#012e85,#ddbe40,#e4e4df,37,21,4,0,4,82,259,215,0.621,NA
7,78,1,1,Detroit Falcons,DET,Detroit,Detroit,Falcons,#d02128,#000000,#ffffff,37,26,2,2,1,77,245,208,0.583,NA
8,78,1,1,St. Louis Scarecrows,STL,St. Louis,St. Louis,Scarecrows,#eaaa00,#660000,#1a1a1a,37,27,1,2,1,76,225,246,0.576,NA
9,78,1,1,Carolina Kraken,CAR,Carolina,Carolina,Kraken,#aa4b00,#1a1a1a,#ffffff,25,35,3,2,3,56,212,258,0.424,NA
14,78,1,1,Nevada Battleborn,NBB,Nevada,Nevada,Battleborn,#0c2046,#c2ad6e,#ffffff,39,24,3,1,0,81,294,223,0.614,NA
15,78,1,0,Quebec City Citadelles,QCC,Quebec City,Quebec City,Citadelles,#1d9bee,#34476b,#ffffff,29,34,2,1,1,61,242,252,0.462,NA
16,78,1,0,Thunder Bay Walleye,TBW,Thunder Bay,Thunder Bay,Walleye,#2f0038,#fbbc19,#ffffff,24,37,1,2,4,53,184,270,0.402,NA
17,78,1,0,Great Falls Grizzlies,GFG,Great Falls,Great Falls,Grizzlies,#b6985a,#936b48,#151211,33,28,3,3,2,71,176,190,0.538,NA
18,78,1,1,Ottawa Highlanders,OTT,Ottawa,Ottawa,Highlanders,#025d58,#023284,#832929,30,32,3,3,1,64,232,256,0.485,NA
19,78,1,1,San Diego Tidal,SDT,San Diego,San Diego,Tidal,#ec6618,#25b3b5,#ffffff,15,46,2,1,3,35,172,313,0.265,NA
0,79,1,0,Anchorage Armada,ANC,Anchorage,Anchorage,Armada,#848484,#1e2d40,#97b2d4,42,23,0,2,1,85,283,246,0.644,NA
1,79,1,0,Kelowna Knights,KEL,Kelowna,Kelowna,Knights,#0b340b,#e5d478,#000000,19,42,2,2,3,43,169,278,0.326,NA
2,79,1,1,Maine Timber,MET,Maine,Maine,Timber,#85714d,#082a17,#0a5f30,44,20,1,4,1,90,346,250,0.682,NA
3,79,1,0,Vancouver Whalers,VAN,Vancouver,Vancouver,Whalers,#0d1d3f,#018241,#ffffff,10,52,3,5,1,24,158,358,0.182,NA
4,79,1,0,Newfoundland Berserkers,NL,Newfoundland,Newfoundland,Berserkers,#4d4d4d,#be0404,#ffffff,45,17,2,2,2,94,314,208,0.712,NA
5,79,1,0,Yukon Malamutes,YUM,Yukon,Yukon,Malamutes,#b1162c,#366e9b,#ebebeb,29,33,4,0,0,62,238,264,0.470,NA
6,79,1,1,Colorado Raptors,COL,Colorado,Colorado,Raptors,#012e85,#ddbe40,#e4e4df,40,23,0,1,3,83,300,246,0.629,NA
7,79,1,1,Detroit Falcons,DET,Detroit,Detroit,Falcons,#d02128,#000000,#ffffff,33,29,2,3,2,70,264,257,0.530,NA
8,79,1,1,St. Louis Scarecrows,STL,St. Louis,St. Louis,Scarecrows,#eaaa00,#660000,#1a1a1a,36,24,2,2,4,78,274,244,0.591,NA
9,79,1,1,Carolina Kraken,CAR,Carolina,Carolina,Kraken,#aa4b00,#1a1a1a,#ffffff,44,18,2,2,2,92,314,225,0.697,NA
14,79,1,1,Nevada Battleborn,NBB,Nevada,Nevada,Battleborn,#0c2046,#c2ad6e,#ffffff,23,37,3,2,3,52,215,311,0.394,NA
15,79,1,0,Quebec City Citadelles,QCC,Quebec City,Quebec City,Citadelles,#1d9bee,#34476b,#ffffff,46,18,1,0,1,94,340,214,0.712,NA
16,79,1,0,Thunder Bay Walleye,TBW,Thunder Bay,Thunder Bay,Walleye,#2f0038,#fbbc19,#ffffff,29,32,2,1,3,63,233,259,0.477,NA
17,79,1,0,Great Falls Grizzlies,GFG,Great Falls,Great Falls,Grizzlies,#b6985a,#936b48,#151211,29,36,1,3,0,59,237,297,0.447,NA
18,79,1,1,Ottawa Highlanders,OTT,Ottawa,Ottawa,Highlanders,#025d58,#023284,#832929,36,27,1,1,2,75,290,258,0.568,NA
19,79,1,1,San Diego Tidal,SDT,San Diego,San Diego,Tidal,#ec6618,#25b3b5,#ffffff,23,39,1,1,3,50,256,316,0.379,NA
0,80,1,0,Anchorage Armada,ANC,Anchorage,Anchorage,Armada,#848484,#1e2d40,#97b2d4,44,16,4,1,2,94,323,207,0.712,NA
1,80,1,0,Kelowna Knights,KEL,Kelowna,Kelowna,Knights,#0b340b,#e5d478,#000000,34,31,0,1,1,69,264,243,0.523,NA
2,80,1,1,Maine Timber,MET,Maine,Maine,Timber,#85714d,#082a17,#0a5f30,42,23,0,2,1,85,323,228,0.644,NA
3,80,1,0,Vancouver Whalers,VAN,Vancouver,Vancouver,Whalers,#0d1d3f,#018241,#ffffff,27,33,2,4,4,60,182,267,0.455,NA
4,80,1,0,Newfoundland Berserkers,NL,Newfoundland,Newfoundland,Berserkers,#4d4d4d,#be0404,#ffffff,50,12,3,3,1,104,346,197,0.788,NA
5,80,1,0,Yukon Malamutes,YUM,Yukon,Yukon,Malamutes,#b1162c,#366e9b,#ebebeb,31,31,2,1,2,66,243,297,0.500,NA
6,80,1,1,Colorado Raptors,COL,Colorado,Colorado,Raptors,#012e85,#ddbe40,#e4e4df,31,33,1,0,1,64,239,259,0.485,NA
7,80,1,1,Detroit Falcons,DET,Detroit,Detroit,Falcons,#d02128,#000000,#ffffff,15,46,1,2,4,35,151,294,0.265,NA
8,80,1,1,St. Louis Scarecrows,STL,St. Louis,St. Louis,Scarecrows,#eaaa00,#660000,#1a1a1a,17,42,0,1,7,41,160,268,0.311,NA
9,80,1,1,Carolina Kraken,CAR,Carolina,Carolina,Kraken,#aa4b00,#1a1a1a,#ffffff,48,14,2,2,2,100,295,183,0.758,NA
14,80,1,1,Nevada Battleborn,NBB,Nevada,Nevada,Battleborn,#0c2046,#c2ad6e,#ffffff,32,32,2,2,0,66,229,276,0.500,NA
15,80,1,0,Quebec City Citadelles,QCC,Quebec City,Quebec City,Citadelles,#1d9bee,#34476b,#ffffff,53,11,2,3,0,108,374,189,0.818,NA
16,80,1,0,Thunder Bay Walleye,TBW,Thunder Bay,Thunder Bay,Walleye,#2f0038,#fbbc19,#ffffff,20,41,4,2,1,45,192,289,0.341,NA
17,80,1,0,Great Falls Grizzlies,GFG,Great Falls,Great Falls,Grizzlies,#b6985a,#936b48,#151211,19,42,2,2,3,43,144,263,0.326,NA
18,80,1,1,Ottawa Highlanders,OTT,Ottawa,Ottawa,Highlanders,#025d58,#023284,#832929,37,28,0,4,1,75,266,228,0.568,NA
19,80,1,1,San Diego Tidal,SDT,San Diego,San Diego,Tidal,#ec6618,#25b3b5,#ffffff,28,29,6,3,3,65,218,261,0.492,NA
0,81,1,0,Anchorage Armada,ANC,Anchorage,Anchorage,Armada,#848484,#1e2d40,#97b2d4,28,32,1,4,5,62,212,246,0.470,NA
1,81,1,0,Kelowna Knights,KEL,Kelowna,Kelowna,Knights,#0b340b,#e5d478,#000000,45,21,0,0,0,90,302,222,0.682,NA
2,81,1,1,Maine Timber,MET,Maine,Maine,Timber,#85714d,#082a17,#0a5f30,42,24,0,0,0,84,290,236,0.636,NA
3,81,1,0,Vancouver Whalers,VAN,Vancouver,Vancouver,Whalers,#0d1d3f,#018241,#ffffff,42,21,2,1,1,87,261,210,0.659,NA
4,81,1,0,Newfoundland Berserkers,NL,Newfoundland,Newfoundland,Berserkers,#4d4d4d,#be0404,#ffffff,44,19,2,1,1,91,314,197,0.689,NA
5,81,1,0,Yukon Malamutes,YUM,Yukon,Yukon,Malamutes,#b1162c,#366e9b,#ebebeb,22,40,3,1,1,48,221,302,0.364,NA
6,81,1,1,Colorado Raptors,COL,Colorado,Colorado,Raptors,#012e85,#ddbe40,#e4e4df,27,34,4,2,1,59,232,286,0.447,NA
7,81,1,1,Detroit Falcons,DET,Detroit,Detroit,Falcons,#d02128,#000000,#ffffff,22,43,1,1,0,45,188,268,0.341,NA
8,81,1,1,St. Louis Scarecrows,STL,St. Louis,St. Louis,Scarecrows,#eaaa00,#660000,#1a1a1a,22,41,2,4,1,47,208,290,0.356,NA
9,81,1,1,Carolina Kraken,CAR,Carolina,Carolina,Kraken,#aa4b00,#1a1a1a,#ffffff,38,26,1,1,1,78,263,234,0.591,NA
14,81,1,1,Nevada Battleborn,NBB,Nevada,Nevada,Battleborn,#0c2046,#c2ad6e,#ffffff,25,37,1,0,3,54,204,288,0.409,NA
15,81,1,0,Quebec City Citadelles,QCC,Quebec City,Quebec City,Citadelles,#1d9bee,#34476b,#ffffff,44,18,2,1,2,92,283,195,0.697,NA
16,81,1,0,Thunder Bay Walleye,TBW,Thunder Bay,Thunder Bay,Walleye,#2f0038,#fbbc19,#ffffff,32,30,3,0,1,68,296,310,0.515,NA
17,81,1,0,Great Falls Grizzlies,GFG,Great Falls,Great Falls,Grizzlies,#b6985a,#936b48,#151211,20,41,4,0,1,45,199,288,0.341,NA
18,81,1,1,Ottawa Highlanders,OTT,Ottawa,Ottawa,Highlanders,#025d58,#023284,#832929,39,23,4,2,0,82,263,207,0.621,NA
19,81,1,1,San Diego Tidal,SDT,San Diego,San Diego,Tidal,#ec6618,#25b3b5,#ffffff,36,27,2,1,1,75,275,232,0.568,NA
0,82,1,0,Anchorage Armada,ANC,Anchorage,Anchorage,Armada,#848484,#1e2d40,#97b2d4,23,41,1,1,1,48,195,280,0.364,NA
1,82,1,0,Kelowna Knights,KEL,Kelowna,Kelowna,Knights,#0b340b,#e5d478,#000000,41,20,3,3,2,87,315,231,0.659,NA
2,82,1,1,Maine Timber,MET,Maine,Maine,Timber,#85714d,#082a17,#0a5f30,37,23,3,7,3,80,220,211,0.606,NA
3,82,1,0,Vancouver Whalers,VAN,Vancouver,Vancouver,Whalers,#0d1d3f,#018241,#ffffff,39,21,3,2,3,84,281,199,0.636,NA
4,82,1,0,Newfoundland Berserkers,NL,Newfoundland,Newfoundland,Berserkers,#4d4d4d,#be0404,#ffffff,29,34,2,0,1,61,247,290,0.462,NA
5,82,1,0,Yukon Malamutes,YUM,Yukon,Yukon,Malamutes,#b1162c,#366e9b,#ebebeb,36,28,1,3,1,74,259,252,0.561,NA
6,82,1,1,Colorado Raptors,COL,Colorado,Colorado,Raptors,#012e85,#ddbe40,#e4e4df,27,37,1,1,1,56,188,257,0.424,NA
7,82,1,1,Detroit Falcons,DET,Detroit,Detroit,Falcons,#d02128,#000000,#ffffff,32,31,1,2,2,67,264,243,0.508,NA
8,82,1,1,St. Louis Scarecrows,STL,St. Louis,St. Louis,Scarecrows,#eaaa00,#660000,#1a1a1a,49,16,0,2,1,99,294,202,0.750,NA
9,82,1,1,Carolina Kraken,CAR,Carolina,Carolina,Kraken,#aa4b00,#1a1a1a,#ffffff,40,21,4,3,1,85,287,223,0.644,NA
14,82,1,1,Nevada Battleborn,NBB,Nevada,Nevada,Battleborn,#0c2046,#c2ad6e,#ffffff,25,40,0,1,1,51,204,282,0.386,NA
15,82,1,0,Quebec City Citadelles,QCC,Quebec City,Quebec City,Citadelles,#1d9bee,#34476b,#ffffff,36,25,1,1,4,77,280,226,0.583,NA
16,82,1,0,Thunder Bay Walleye,TBW,Thunder Bay,Thunder Bay,Walleye,#2f0038,#fbbc19,#ffffff,15,49,0,0,2,32,197,332,0.242,NA
17,82,1,0,Great Falls Grizzlies,GFG,Great Falls,Great Falls,Grizzlies,#b6985a,#936b48,#151211,42,19,4,1,1,89,236,172,0.674,NA
18,82,1,1,Ottawa Highlanders,OTT,Ottawa,Ottawa,Highlanders,#025d58,#023284,#832929,33,30,0,2,3,69,231,221,0.523,NA
19,82,1,1,San Diego Tidal,SDT,San Diego,San Diego,Tidal,#ec6618,#25b3b5,#ffffff,24,33,3,4,6,57,188,265,0.432,NA
0,83,1,0,Anchorage Armada,ANC,Anchorage,Anchorage,Armada,#848484,#1e2d40,#97b2d4,25,38,2,0,1,53,181,243,0.402,NA
1,83,1,0,Kelowna Knights,KEL,Kelowna,Kelowna,Knights,#0b340b,#e5d478,#000000,27,34,3,2,2,59,214,243,0.447,NA
2,83,1,1,Maine Timber,MET,Maine,Maine,Timber,#85714d,#082a17,#0a5f30,24,38,1,0,3,52,211,285,0.394,NA
3,83,1,0,Vancouver Whalers,VAN,Vancouver,Vancouver,Whalers,#0d1d3f,#018241,#ffffff,32,30,2,2,2,68,237,242,0.515,NA
4,83,1,0,Newfoundland Berserkers,NL,Newfoundland,Newfoundland,Berserkers,#4d4d4d,#be0404,#ffffff,31,35,0,1,0,62,222,285,0.470,NA
5,83,1,0,Yukon Malamutes,YUM,Yukon,Yukon,Malamutes,#b1162c,#366e9b,#ebebeb,32,30,3,3,1,68,225,221,0.515,NA
6,83,1,1,Colorado Raptors,COL,Colorado,Colorado,Raptors,#012e85,#ddbe40,#e4e4df,28,29,5,2,4,65,245,257,0.492,NA
7,83,1,1,Detroit Falcons,DET,Detroit,Detroit,Falcons,#d02128,#000000,#ffffff,38,24,2,1,2,80,303,223,0.606,NA
8,83,1,1,St. Louis Scarecrows,STL,St. Louis,St. Louis,Scarecrows,#eaaa00,#660000,#1a1a1a,48,13,1,1,4,101,322,201,0.765,NA
9,83,1,1,Carolina Kraken,CAR,Carolina,Carolina,Kraken,#aa4b00,#1a1a1a,#ffffff,34,29,2,1,1,71,257,243,0.538,NA
14,83,1,1,Nevada Battleborn,NBB,Nevada,Nevada,Battleborn,#0c2046,#c2ad6e,#ffffff,35,25,2,2,4,76,235,227,0.576,NA
15,83,1,0,Quebec City Citadelles,QCC,Quebec City,Quebec City,Citadelles,#1d9bee,#34476b,#ffffff,48,15,2,2,1,99,378,217,0.750,NA
16,83,1,0,Thunder Bay Walleye,TBW,Thunder Bay,Thunder Bay,Walleye,#2f0038,#fbbc19,#ffffff,25,35,3,2,3,56,214,291,0.424,NA
17,83,1,0,Great Falls Grizzlies,GFG,Great Falls,Great Falls,Grizzlies,#b6985a,#936b48,#151211,45,18,1,6,2,93,237,177,0.705,NA
18,83,1,1,Ottawa Highlanders,OTT,Ottawa,Ottawa,Highlanders,#025d58,#023284,#832929,37,28,1,2,0,75,250,241,0.568,NA
19,83,1,1,San Diego Tidal,SDT,San Diego,San Diego,Tidal,#ec6618,#25b3b5,#ffffff,19,43,4,3,0,42,194,329,0.318,NA
0,84,1,0,Anchorage Armada,ANC,Anchorage,Anchorage,Armada,#848484,#1e2d40,#97b2d4,32,31,3,3,0,67,250,257,0.508,NA
1,84,1,0,Kelowna Knights,KEL,Kelowna,Kelowna,Knights,#0b340b,#e5d478,#000000,25,38,3,2,0,53,187,305,0.402,NA
2,84,1,1,Maine Timber,MET,Maine,Maine,Timber,#85714d,#082a17,#0a5f30,23,42,1,0,0,47,241,330,0.356,NA
3,84,1,0,Vancouver Whalers,VAN,Vancouver,Vancouver,Whalers,#0d1d3f,#018241,#ffffff,32,31,1,1,2,67,224,225,0.508,NA
4,84,1,0,Newfoundland Berserkers,NL,Newfoundland,Newfoundland,Berserkers,#4d4d4d,#be0404,#ffffff,25,38,2,1,1,53,247,319,0.402,NA
5,84,1,0,Yukon Malamutes,YUM,Yukon,Yukon,Malamutes,#b1162c,#366e9b,#ebebeb,23,41,2,0,0,48,255,337,0.364,NA
6,84,1,1,Colorado Raptors,COL,Colorado,Colorado,Raptors,#012e85,#ddbe40,#e4e4df,31,33,1,2,1,64,268,308,0.485,NA
7,84,1,1,Detroit Falcons,DET,Detroit,Detroit,Falcons,#d02128,#000000,#ffffff,42,23,0,5,1,85,281,238,0.644,NA
8,84,1,1,St. Louis Scarecrows,STL,St. Louis,St. Louis,Scarecrows,#eaaa00,#660000,#1a1a1a,44,16,3,2,3,94,367,237,0.712,NA
9,84,1,1,Carolina Kraken,CAR,Carolina,Carolina,Kraken,#aa4b00,#1a1a1a,#ffffff,38,26,0,3,2,78,245,220,0.591,NA
14,84,1,1,Nevada Battleborn,NBB,Nevada,Nevada,Battleborn,#0c2046,#c2ad6e,#ffffff,40,23,1,1,2,83,264,216,0.629,NA
15,84,1,0,Quebec City Citadelles,QCC,Quebec City,Quebec City,Citadelles,#1d9bee,#34476b,#ffffff,46,16,1,0,3,96,349,217,0.727,NA
16,84,1,0,Thunder Bay Walleye,TBW,Thunder Bay,Thunder Bay,Walleye,#2f0038,#fbbc19,#ffffff,42,19,5,0,0,89,294,224,0.674,NA
17,84,1,0,Great Falls Grizzlies,GFG,Great Falls,Great Falls,Grizzlies,#b6985a,#936b48,#151211,26,36,3,0,1,56,226,242,0.424,NA
18,84,1,1,Ottawa Highlanders,OTT,Ottawa,Ottawa,Highlanders,#025d58,#023284,#832929,24,37,2,0,3,53,236,285,0.402,NA
19,84,1,1,San Diego Tidal,SDT,San Diego,San Diego,Tidal,#ec6618,#25b3b5,#ffffff,35,28,1,1,2,73,279,253,0.553,NA
