id,league,season,name,team,position,blocker,glove,passing,pokeCheck,positioning,rebound,recovery,puckhandling,lowShots,reflexes,skating,aggression,mentalToughness,determination,teamPlayer,leadership,goalieStamina,professionalism,appliedTPE,pos
1,1,53,Sergei Potvinov,ANC,G,11,11,9,9,15,11,13,9,11,15,10,8,11,15,15,15,12,15,289,Goalie
3,1,53,Peter Ramsey,CAR,G,10,10,9,10,10,10,12,9,10,11,10,8,10,15,15,15,12,15,164,Goalie
34,1,53,Cillian Kavanagh,KEL,G,13,14,8,10,15,14,14,9,14,15,10,8,12,15,15,15,12,15,424,Goalie
66,1,53,Skyler Stevens,MET,G,11,11,7,8,13,9,10,8,9,13,10,8,8,15,15,15,10,15,155,Goalie
67,1,53,"Olli Saarinen, Jr.",MET,G,13,14,11,12,15,13,14,10,13,15,10,8,12,15,15,15,12,15,424,Goalie
132,1,53,Steven Vassallo,NL,G,12,12,9,9,12,12,12,5,12,12,9,8,12,15,15,15,12,15,234,Goalie
165,1,53,Separa Borro,ANA,G,11,12,9,8,14,13,15,9,14,14,9,8,12,15,15,15,12,15,345,Goalie
167,1,53,Strom Chamberlain,ANA,G,12,12,5,8,16,12,16,5,12,16,5,8,13,15,15,15,13,15,425,Goalie
198,1,53,Shiqa Vitalievich,KEL,G,12,12,5,5,13,12,12,5,12,13,8,8,10,15,15,15,5,15,199,Goalie
199,1,53,Jerry Huuveri,COL,G,12,12,9,9,15,13,13,9,13,15,9,8,13,15,15,15,12,15,348,Goalie
229,1,53,Samat Beibitzhanov,COL,G,14,14,11,11,14,13,14,10,14,14,10,8,13,15,15,15,12,15,424,Goalie
231,1,53,A Jobin,DET,G,13,13,10,10,15,13,13,6,13,15,11,8,10,15,15,15,11,15,350,Goalie
233,1,53,Oleg Igorevich Burov,DET,G,11,11,5,7,14,11,11,5,11,14,11,8,8,15,15,15,9,15,202,Goalie
234,1,53,Blunt Man,CAR,G,12,12,7,7,12,10,10,7,10,11,9,8,11,15,15,15,9,15,155,Goalie
264,1,53,Jason Voorhees,STL,G,13,12,5,6,13,10,9,5,12,13,5,8,10,15,15,15,6,15,174,Goalie
265,1,53,Elizabeth Doyle,STL,G,13,13,10,10,15,13,13,10,13,15,10,8,15,15,15,15,13,15,422,Goalie
299,1,53,Frans Eller,CAR,G,14,14,9,9,14,13,13,8,13,13,12,8,11,15,15,15,12,15,349,Goalie
332,1,53,Ryan Aron,ANC,G,11,11,7,7,13,11,12,7,11,13,8,8,11,15,15,15,9,15,184,Goalie
333,1,53,Brayden Ennis,KEL,G,10,12,9,10,13,11,10,8,10,11,10,8,10,15,15,15,9,15,170,Goalie
351,1,53,Rob Blake,VAN,G,11,11,9,9,12,11,11,11,11,12,8,8,5,15,15,15,6,15,161,Goalie
363,1,53,Richard Majors,STL,G,10,11,10,9,15,10,10,9,11,14,10,8,12,15,15,15,11,15,248,Goalie
365,1,53,Cale Amundsen,NL,G,13,13,5,9,13,13,11,8,13,14,9,8,11,15,15,15,13,15,287,Goalie
366,1,53,Zach Attack,VAN,G,11,11,9,9,13,11,12,9,10,11,9,8,5,15,15,15,5,15,155,Goalie
398,1,53,Scoochie Stratton,ANC,G,12,12,8,8,14,13,13,7,13,14,8,8,11,15,15,15,11,15,284,Goalie
399,1,53,Leo Bloomfield,MET,G,11,15,11,10,11,11,11,9,11,11,9,8,10,15,15,15,8,15,212,Goalie
400,1,53,Name Redacted,VAN,G,11,12,7,7,14,13,11,5,13,13,7,8,11,15,15,15,12,15,245,Goalie
429,1,53,Matvei Stevlaco,NL,G,11,11,7,9,14,12,11,7,11,11,7,8,9,15,15,15,9,15,175,Goalie
430,1,53,Thor Odinson,DET,G,12,12,10,10,13,11,12,10,13,13,11,8,11,15,15,15,9,15,255,Goalie
431,1,53,Daichi Franciszek,COL,G,10,11,7,11,11,12,11,9,10,11,10,8,8,15,15,15,9,15,155,Goalie
432,1,53,Abroop Dhami,ANA,G,10,10,5,7,14,12,12,5,10,14,10,8,11,15,15,15,8,15,208,Goalie
1,1,54,Sergei Potvinov,ANC,G,11,11,9,9,15,11,13,9,11,15,10,8,11,15,15,15,12,15,289,Goalie
3,1,54,Peter Ramsey,KEL,G,12,13,9,10,13,10,14,10,10,13,10,8,10,15,15,15,12,15,263,Goalie
34,1,54,Cillian Kavanagh,KEL,G,13,14,8,10,15,14,14,9,14,15,10,8,12,15,15,15,12,15,424,Goalie
66,1,54,Skyler Stevens,MET,G,11,11,7,8,13,9,10,8,9,13,10,8,8,15,15,15,10,15,155,Goalie
68,1,54,Mertin Broduer,COL,G,12,12,8,8,12,10,10,10,12,12,8,8,9,15,15,15,9,15,177,Goalie
69,1,54,Junior Guarda,NL,G,13,13,5,6,13,11,13,7,13,11,9,8,12,15,15,15,5,15,225,Goalie
101,1,54,Joe Simpson,CAR,G,11,11,5,5,12,11,11,5,11,13,8,8,11,15,15,15,12,15,180,Goalie
165,1,54,Separa Borro,ANA,G,12,13,9,8,15,13,16,9,14,15,9,8,12,15,15,15,12,15,416,Goalie
167,1,54,Strom Chamberlain,ANA,G,13,13,8,10,15,14,15,9,13,15,10,8,13,15,15,15,13,15,425,Goalie
199,1,54,Jerry Huuveri,COL,G,13,13,10,13,15,13,14,9,14,15,9,8,13,15,15,15,12,15,425,Goalie
202,1,54,Nicolae Antonescu,STL,G,13,13,6,5,13,9,11,8,13,14,5,8,13,15,15,15,13,15,266,Goalie
229,1,54,Samat Beibitzhanov,COL,G,14,14,11,11,14,13,14,10,14,14,10,8,13,15,15,15,12,15,424,Goalie
231,1,54,A Jobin,DET,G,14,14,6,10,15,13,13,8,14,15,12,8,13,15,15,15,12,15,425,Goalie
233,1,54,Oleg Igorevich Burov,DET,G,11,11,5,7,14,11,11,5,11,14,11,8,8,15,15,15,9,15,202,Goalie
234,1,54,Blunt Man,CAR,G,12,12,7,7,13,12,13,7,12,13,9,8,12,15,15,15,11,15,244,Goalie
264,1,54,Jason Voorhees,STL,G,13,12,5,6,13,10,9,5,12,13,5,8,10,15,15,15,6,15,174,Goalie
299,1,54,Frans Eller,CAR,G,14,14,6,8,15,14,14,7,14,15,10,8,12,15,15,15,12,15,425,Goalie
300,1,54,Ryan Anthony,VAN,G,11,11,5,10,10,10,11,5,11,11,7,8,11,15,15,15,12,15,155,Goalie
333,1,54,Brayden Ennis,KEL,G,10,12,9,10,13,11,10,8,10,11,10,8,10,15,15,15,9,15,170,Goalie
363,1,54,Richard Majors,STL,G,11,11,10,9,15,10,10,9,11,15,10,8,12,15,15,15,11,15,268,Goalie
365,1,54,Cale Amundsen,NL,G,13,13,5,7,13,14,15,7,13,15,9,8,11,15,15,15,12,15,349,Goalie
366,1,54,Zach Attack,VAN,G,11,11,9,9,13,11,12,9,10,11,9,8,5,15,15,15,5,15,155,Goalie
398,1,54,Scoochie Stratton,ANC,G,12,12,9,9,15,13,13,9,13,16,9,8,11,15,15,15,11,15,349,Goalie
399,1,54,Leo Bloomfield,MET,G,12,15,11,11,12,12,12,9,11,12,10,8,10,15,15,15,13,15,290,Goalie
400,1,54,Name Redacted,VAN,G,13,13,7,7,15,13,13,5,14,15,7,8,11,15,15,15,12,15,345,Goalie
429,1,54,Matvei Stevlaco,NL,G,11,11,7,9,14,12,11,7,11,11,7,8,9,15,15,15,9,15,175,Goalie
430,1,54,Thor Odinson,DET,G,13,13,9,10,15,12,13,9,13,15,11,8,12,15,15,15,10,15,350,Goalie
432,1,54,Abroop Dhami,ANA,G,10,10,5,7,14,12,12,5,10,14,10,8,11,15,15,15,8,15,208,Goalie
509,1,54,Keisuke Suzuki,MET,G,9,11,4,9,11,10,11,7,10,15,12,7,11,15,15,15,11,15,202,Goalie
540,1,54,Kojo Murata,ANC,G,10,12,10,10,11,10,11,7,11,12,6,8,10,15,15,15,9,15,160,Goalie
1,1,55,Sergei Potvinov,VAN,G,11,11,9,9,15,11,13,9,11,15,10,8,11,15,15,15,12,15,289,Goalie
2,1,55,Tobias Ray,QCC,G,10,10,5,5,13,11,10,5,5,14,5,8,10,15,15,15,11,15,155,Goalie
3,1,55,Peter Ramsey,KEL,G,13,14,8,10,15,12,14,10,12,14,9,8,10,15,15,15,12,15,350,Goalie
66,1,55,Skyler Stevens,MET,G,11,11,7,8,13,9,10,8,9,13,10,8,8,15,15,15,10,15,155,Goalie
69,1,55,Junior Guarda,NL,G,13,13,5,6,13,11,13,7,13,11,9,8,12,15,15,15,5,15,225,Goalie
99,1,55,Phillip Weaver,NBB,G,10,11,9,10,14,12,10,10,10,14,8,8,12,15,15,15,13,15,255,Goalie
101,1,55,Joe Simpson,CAR,G,11,11,5,5,12,11,11,5,11,13,8,8,11,15,15,15,12,15,180,Goalie
165,1,55,Separa Borro,ANA,G,13,13,9,8,15,13,16,9,14,15,9,8,12,15,15,15,12,15,424,Goalie
198,1,55,Damien Vertigo,KEL,G,13,12,7,6,15,12,11,5,11,11,8,8,10,15,15,15,10,15,219,Goalie
199,1,55,Jerry Huuveri,COL,G,13,13,10,13,15,13,14,9,14,15,9,8,13,15,15,15,12,15,425,Goalie
201,1,55,Mat Smith,QCC,G,12,12,9,9,12,12,11,9,12,13,9,8,12,15,15,15,11,15,232,Goalie
202,1,55,Nicolae Antonescu,STL,G,13,13,9,6,14,12,12,10,13,14,5,8,14,15,15,15,14,15,350,Goalie
233,1,55,Chimkin Tendy,ANC,G,12,12,9,9,11,12,11,10,12,12,11,8,11,15,15,15,11,15,223,Goalie
234,1,55,Blunt Man,CAR,G,13,13,8,9,14,13,13,9,13,14,12,8,12,15,15,15,13,15,350,Goalie
263,1,55,Marcel Laflamme,COL,G,12,12,8,8,13,12,13,8,12,12,8,8,11,15,15,15,9,15,222,Goalie
264,1,55,Jason Voorhees,STL,G,13,12,5,6,13,10,9,5,12,13,5,8,10,15,15,15,6,15,174,Goalie
266,1,55,C.K. Supernaw,NBB,G,11,11,7,6,13,12,12,7,12,12,7,8,12,15,15,15,11,15,207,Goalie
333,1,55,Brayden Ennis,KEL,G,10,12,9,10,13,11,10,8,10,11,10,8,10,15,15,15,9,15,170,Goalie
363,1,55,Richard Majors,STL,G,11,11,10,9,15,10,10,9,11,15,10,8,12,15,15,15,11,15,268,Goalie
365,1,55,Cale Amundsen,NL,G,13,13,5,7,16,14,15,7,13,16,7,8,11,15,15,15,12,15,425,Goalie
366,1,55,Zach Attack,VAN,G,11,11,9,9,13,11,12,9,10,11,9,8,5,15,15,15,5,15,155,Goalie
397,1,55,Carter Hart,NBB,G,10,10,7,8,10,10,15,8,9,10,5,8,10,15,15,15,10,15,155,Goalie
398,1,55,Scoochie Stratton,ANC,G,13,13,9,9,15,14,14,9,15,16,9,8,11,15,15,15,11,15,425,Goalie
399,1,55,Leo Bloomfield,MET,G,14,15,11,11,13,14,12,9,12,13,10,8,12,15,15,15,13,15,373,Goalie
400,1,55,Name Redacted,VAN,G,14,14,7,8,15,14,14,7,15,15,7,8,11,15,15,15,12,15,424,Goalie
429,1,55,Matvei Stevlaco,NL,G,11,11,7,9,14,12,11,7,11,11,7,8,9,15,15,15,9,15,175,Goalie
430,1,55,Thor Odinson,DET,G,14,14,9,10,15,13,13,9,13,15,13,8,12,15,15,15,13,15,425,Goalie
509,1,55,Keisuke Suzuki,MET,G,12,13,8,8,11,10,11,11,10,15,12,7,11,15,15,15,11,15,252,Goalie
521,1,55,Ron Johnson,DET,G,11,11,7,7,12,11,11,7,11,12,10,8,7,15,15,15,10,15,158,Goalie
523,1,55,Ryan Aaron,ANA,G,11,11,7,7,13,11,12,7,11,13,8,8,11,15,15,15,9,15,184,Goalie
540,1,55,Kojo Murata,ANC,G,10,12,10,10,11,10,11,7,11,12,6,8,10,15,15,15,9,15,160,Goalie
575,1,55,Valtteri Aalto,DET,G,10,13,10,9,13,11,13,9,11,13,12,8,10,15,15,15,8,15,233,Goalie
580,1,55,Ragnar-Alexandre Ragnarss,CAR,G,12,12,8,10,12,12,12,9,11,12,8,8,10,15,15,15,10,15,207,Goalie
585,1,55,Edward Teach,ANA,G,11,15,7,10,11,11,12,10,10,13,9,8,10,15,15,15,10,15,229,Goalie
616,1,55,David Danielson,QCC,G,12,12,12,11,12,10,10,9,10,11,10,8,11,15,15,15,11,15,210,Goalie
617,1,55,Tyrone Banks,COL,G,10,12,7,10,11,11,11,9,10,12,9,8,9,15,15,15,9,15,155,Goalie
2,1,56,Tobias Ray,QCC,G,10,10,5,5,13,11,10,5,5,14,5,8,10,15,15,15,11,15,155,Goalie
3,1,56,Peter Ramsey,KEL,G,13,14,10,10,15,14,14,10,14,15,10,8,10,15,15,15,12,15,423,Goalie
66,1,56,Skyler Stevens,MET,G,11,11,7,8,13,9,10,8,9,13,10,8,8,15,15,15,10,15,155,Goalie
99,1,56,Phillip Weaver,NBB,G,11,13,9,10,15,14,11,10,10,14,8,8,12,15,15,15,15,15,349,Goalie
101,1,56,Joe Simpson,CAR,G,11,11,7,9,11,11,11,9,11,13,9,8,11,15,15,15,11,15,180,Goalie
166,1,56,Yanno Rosejac,COL,G,12,12,5,7,13,13,13,7,12,15,9,8,11,15,15,15,11,15,272,Goalie
168,1,56,Bigga Foryu,MET,G,12,12,10,11,10,11,11,10,12,11,5,8,10,15,15,15,10,15,191,Goalie
198,1,56,Damien Vertigo,KEL,G,14,15,9,11,15,13,12,9,12,12,10,8,10,15,15,15,10,15,336,Goalie
200,1,56,Hugo Gronroos,NL,G,10,10,10,10,13,13,13,10,11,13,10,8,11,15,15,15,9,15,232,Goalie
201,1,56,Mat Smith,QCC,G,13,13,9,9,14,12,13,9,13,15,9,8,13,15,15,15,13,15,349,Goalie
202,1,56,Nicolae Antonescu,STL,G,13,13,8,7,15,14,14,10,13,15,5,8,14,15,15,15,14,15,425,Goalie
232,1,56,Jon St. Ark,VAN,G,13,14,10,10,14,12,10,9,13,14,7,8,9,15,15,15,9,15,282,Goalie
233,1,56,Chimkin Tendy,ANC,G,14,14,9,11,13,13,12,10,13,14,13,8,11,15,15,15,11,15,358,Goalie
234,1,56,Blunt Man,CAR,G,13,13,8,9,15,14,14,9,14,15,12,8,12,15,15,15,13,15,425,Goalie
264,1,56,Jason Voorhees,STL,G,13,12,5,6,13,9,9,5,12,13,5,8,10,15,15,15,6,15,169,Goalie
266,1,56,C.K. Supernaw,NBB,G,13,13,8,7,14,14,14,7,13,14,7,8,13,15,15,15,12,15,350,Goalie
297,1,56,Vincent Mietitore,ANA,G,12,13,9,9,13,12,13,9,13,13,9,8,11,15,15,15,10,15,259,Goalie
333,1,56,Brayden Ennis,KEL,G,10,12,9,10,13,11,10,8,10,11,10,8,10,15,15,15,9,15,170,Goalie
363,1,56,Richard Majors,STL,G,11,11,10,9,15,10,10,9,11,15,10,8,12,15,15,15,11,15,268,Goalie
365,1,56,Cale Amundsen,NL,G,13,13,5,7,16,14,15,7,13,16,7,8,11,15,15,15,12,15,425,Goalie
366,1,56,Zach Attack,VAN,G,11,11,9,9,13,11,12,9,10,11,9,8,5,15,15,15,5,15,155,Goalie
397,1,56,Carter Hart,NBB,G,10,10,7,8,10,10,15,8,9,10,5,8,10,15,15,15,10,15,155,Goalie
398,1,56,Scoochie Stratton,ANC,G,13,13,9,9,15,14,14,9,15,16,9,8,11,15,15,15,11,15,425,Goalie
399,1,56,Leo Bloomfield,MET,G,15,15,11,11,13,15,12,9,13,13,11,8,13,15,15,15,13,15,424,Goalie
400,1,56,Name Redacted,VAN,G,14,14,7,8,15,14,14,7,15,15,7,8,11,15,15,15,12,15,424,Goalie
429,1,56,Matvei Stevlaco,NL,G,11,11,7,9,14,12,11,7,11,11,7,8,9,15,15,15,9,15,175,Goalie
430,1,56,Thor Odinson,DET,G,14,14,9,10,15,13,13,9,13,15,13,8,12,15,15,15,13,15,425,Goalie
467,1,56,Tyler Avery,DET,G,10,10,7,10,12,10,10,10,10,10,10,8,10,15,15,15,12,15,160,Goalie
509,1,56,Keisuke Suzuki,ANA,G,11,12,8,8,10,9,10,10,9,15,11,7,10,15,15,15,10,15,193,Goalie
516,1,56,Kit Kirkstone,COL,G,10,13,7,10,10,9,10,9,10,11,9,8,11,15,15,15,12,15,163,Goalie
523,1,56,Ryan Aaron,ANA,G,11,11,7,7,13,11,12,7,11,13,8,8,11,15,15,15,9,15,184,Goalie
540,1,56,Kojo Murata,ANC,G,10,12,10,10,11,10,11,7,11,12,6,8,10,15,15,15,9,15,160,Goalie
580,1,56,Ragnar-Alexandre Ragnarsson-Tremblay,CAR,G,12,12,8,10,13,13,13,9,12,13,9,8,11,15,15,15,11,15,259,Goalie
605,1,56,Tyler Ward,QCC,G,10,11,11,5,13,11,13,11,11,13,10,8,11,15,15,15,10,15,225,Goalie
616,1,56,David Danielson,DET,G,12,12,12,11,12,10,10,9,10,11,10,8,11,15,15,15,11,15,210,Goalie
617,1,56,Tyrone Banks,COL,G,10,12,7,10,11,11,11,9,10,12,9,8,9,15,15,15,9,15,155,Goalie
3,1,57,Peter Ramsey,KEL,G,13,14,10,10,15,14,14,10,14,15,10,8,10,15,15,15,12,15,423,Goalie
36,1,57,Ivan Browning ,CAR,G,11,11,7,10,11,10,10,6,12,10,9,8,10,15,15,15,12,15,160,Goalie
68,1,57,Tyler Cannon,QCC,G,10,10,8,10,10,10,10,8,9,9,14,8,10,15,15,15,10,15,155,Goalie
99,1,57,Phillip Weaver,NBB,G,15,15,9,10,15,14,11,10,10,14,8,8,12,15,15,15,15,15,425,Goalie
135,1,57,Ethan Smith,MET,G,9,10,7,9,11,9,9,9,9,10,9,8,10,15,15,15,15,15,155,Goalie
166,1,57,Yanno Rosejac,COL,G,13,13,5,7,14,14,14,7,13,15,9,8,11,15,15,15,12,15,349,Goalie
168,1,57,Bigga Foryu,MET,G,13,13,10,6,15,13,13,10,13,14,5,8,12,15,15,15,13,15,348,Goalie
198,1,57,Damien Vertigo,KEL,G,14,15,10,11,15,14,13,9,13,14,11,8,10,15,15,15,12,15,413,Goalie
200,1,57,Hugo Gronroos,NL,G,12,11,11,11,14,13,13,10,12,13,10,8,14,15,15,15,12,15,332,Goalie
201,1,57,Mat Smith,QCC,G,14,14,9,10,15,13,13,9,14,15,9,8,13,15,15,15,13,15,422,Goalie
202,1,57,Nicolae Antonescu,STL,G,13,13,8,7,15,14,14,10,13,15,5,8,14,15,15,15,14,15,425,Goalie
232,1,57,Jon St. Ark,VAN,G,14,14,5,7,14,13,13,7,14,14,7,8,11,15,15,15,12,15,345,Goalie
233,1,57,Chimkin Tendy,ANC,G,14,14,9,11,15,12,12,11,13,16,13,8,11,15,15,15,11,15,425,Goalie
234,1,57,Blunt Man,CAR,G,13,13,8,9,15,14,14,9,14,15,12,8,12,15,15,15,13,15,425,Goalie
263,1,57,Marcel Laflamme,ANA,G,12,12,8,8,13,12,13,8,12,12,8,8,11,15,15,15,9,15,222,Goalie
266,1,57,C.K. Supernaw,NBB,G,14,14,8,8,14,14,14,8,14,15,8,8,13,15,15,15,13,15,424,Goalie
267,1,57,King Leaf,VAN,G,10,11,10,10,12,10,10,10,10,11,5,8,11,15,15,15,10,15,160,Goalie
297,1,57,Vincent Mietitore,ANA,G,13,13,10,10,15,13,13,9,13,15,9,8,11,15,15,15,11,15,350,Goalie
333,1,57,Brayden Ennis,KEL,G,10,12,9,10,13,11,10,8,10,11,10,8,10,15,15,15,9,15,170,Goalie
397,1,57,Carter Hart,NBB,G,10,10,7,8,10,10,15,8,9,10,5,8,10,15,15,15,10,15,155,Goalie
429,1,57,Matvei Stevlaco,NL,G,11,11,7,9,14,12,11,7,11,11,7,8,9,15,15,15,9,15,175,Goalie
467,1,57,Tyler Avery,DET,G,10,10,7,10,12,10,10,10,10,10,10,8,10,15,15,15,12,15,160,Goalie
516,1,57,Kit Kirkstone,STL,G,13,14,10,10,11,11,10,10,11,12,10,8,11,15,15,15,12,15,246,Goalie
540,1,57,Kojo Murata,ANC,G,10,12,10,10,11,10,11,7,11,12,6,8,10,15,15,15,9,15,160,Goalie
575,1,57,Valtteri Aalto,DET,G,13,14,11,11,15,11,15,11,13,15,13,8,11,15,15,15,11,15,425,Goalie
580,1,57,Ragnar-Alexandre Ragnarss,CAR,G,13,13,8,10,14,13,13,9,13,14,10,8,12,15,15,15,12,15,334,Goalie
605,1,57,Tyler Ward,QCC,G,14,13,11,9,13,13,13,12,13,13,10,8,12,15,15,15,12,15,344,Goalie
616,1,57,David Danielson,DET,G,12,12,12,11,12,11,10,9,10,11,10,8,11,15,15,15,11,15,215,Goalie
617,1,57,Tyrone Banks,COL,G,10,12,7,10,11,11,11,9,11,12,9,8,9,15,15,15,9,15,160,Goalie
627,1,57,Tim Allen Jr.,NL,G,9,9,8,8,13,12,13,8,10,13,9,8,12,15,15,15,8,15,189,Goalie
731,1,57,Jack Lewis,ANA,G,11,11,10,9,11,11,11,10,11,12,7,8,8,15,15,15,11,15,170,Goalie
771,1,57,Ethan Bravo,ANC,G,9,10,6,6,16,9,7,6,9,10,6,8,10,15,15,15,10,15,155,Goalie
772,1,57,Loic Therien,KEL,G,8,8,8,8,5,8,10,5,5,15,5,8,5,15,15,15,15,15,155,Goalie
897,1,57,Bean Gamble,STL,G,10,12,5,8,9,10,13,10,7,10,10,8,11,15,15,15,11,15,155,Goalie
955,1,57,Russell Rattie,COL,G,7,7,5,5,10,10,10,5,5,10,8,8,11,15,15,15,16,15,155,Goalie
956,1,57,Mertin Broduer,VAN,G,12,12,8,8,12,10,10,10,12,12,8,8,9,15,15,15,9,15,177,Goalie
958,1,57,Walrus Walrus,MET,G,11,11,5,5,12,11,11,11,11,11,6,8,7,15,15,15,11,15,155,Goalie
2,1,58,IStawp Puques,ANA,G,14,13,10,10,10,10,11,10,10,10,10,8,11,15,15,15,10,15,210,Goalie
68,1,58,Tyler Cannon,QCC,G,10,10,8,10,10,10,10,8,9,9,14,8,10,15,15,15,10,15,155,Goalie
166,1,58,Yanno Rosejac,COL,G,14,14,8,8,14,14,14,7,14,16,9,8,11,15,15,15,12,15,425,Goalie
168,1,58,Bigga Foryu,MET,G,15,14,10,7,15,13,13,10,14,15,5,8,12,15,15,15,13,15,424,Goalie
198,1,58,Damien Vertigo,KEL,G,14,15,10,11,15,14,13,9,13,14,11,8,10,15,15,15,12,15,413,Goalie
200,1,58,Hugo Gronroos,NL,G,13,13,11,12,15,13,14,11,13,13,11,8,14,15,15,15,13,15,420,Goalie
201,1,58,Mat Smith,QCC,G,14,14,9,10,15,13,13,9,14,15,9,8,13,15,15,15,13,15,422,Goalie
232,1,58,Jon St. Ark,VAN,G,14,14,5,7,16,13,13,7,14,16,7,8,11,15,15,15,12,15,425,Goalie
233,1,58,Chimkin Tendy,ANC,G,14,14,9,11,15,12,12,11,13,16,13,8,11,15,15,15,11,15,425,Goalie
263,1,58,Marcel Laflamme,ANA,G,12,12,8,8,13,12,13,8,12,12,8,8,11,15,15,15,9,15,222,Goalie
266,1,58,C.K. Supernaw,NBB,G,14,14,8,8,14,14,14,8,14,15,8,8,13,15,15,15,13,15,424,Goalie
297,1,58,Vincent Mietitore,ANA,G,13,13,10,10,15,14,14,10,13,16,10,8,11,15,15,15,12,15,423,Goalie
332,1,58,Shawn Lonkert,CAR,G,10,10,11,5,10,10,11,11,10,10,10,8,9,15,15,15,12,15,155,Goalie
467,1,58,Tyler Avery,DET,G,10,10,6,10,12,10,10,10,10,10,10,8,10,15,15,15,12,15,159,Goalie
509,1,58,Keisuke Suzuki,VAN,G,12,13,9,9,11,10,11,11,10,15,12,8,11,15,15,15,11,15,256,Goalie
516,1,58,Kit Kirkstone,STL,G,13,14,10,11,12,11,10,10,11,13,10,8,11,15,15,15,12,15,267,Goalie
540,1,58,Kojo Murata,ANC,G,10,12,10,10,11,10,11,7,11,12,6,8,10,15,15,15,9,15,160,Goalie
575,1,58,Valtteri Aalto,DET,G,13,14,11,11,15,11,15,11,13,15,13,8,11,15,15,15,11,15,425,Goalie
580,1,58,Ragnar-Alexandre Ragnarsson-Tremblay,CAR,G,13,13,8,10,15,14,15,9,13,15,10,8,12,15,15,15,12,15,409,Goalie
605,1,58,Tyler Ward,QCC,G,14,13,11,9,14,14,14,12,13,14,10,8,12,15,15,15,13,15,412,Goalie
617,1,58,Tyrone Banks,COL,G,10,12,7,10,11,11,11,9,11,12,9,8,9,15,15,15,9,15,160,Goalie
627,1,58,Tim Allen Jr.,NL,G,9,9,8,8,13,12,13,8,10,13,9,8,12,15,15,15,8,15,189,Goalie
685,1,58,Osada Tamura,NBB,G,16,14,4,4,9,7,5,4,10,6,4,7,7,15,15,15,7,15,158,Goalie
757,1,58,Podan Podanovic,DET,G,12,12,12,11,12,11,12,10,11,12,9,8,12,15,15,15,9,15,239,Goalie
771,1,58,Ethan Bravo,ANC,G,9,10,6,6,16,9,7,6,9,10,6,8,10,15,15,15,10,15,155,Goalie
772,1,58,Loic Therien,KEL,G,8,8,8,8,5,8,10,5,5,15,5,8,5,15,15,15,15,15,155,Goalie
786,1,58,Roddy Ross,STL,G,10,15,5,5,10,10,10,6,8,10,10,8,10,15,15,15,10,15,155,Goalie
795,1,58,Benjamin Blue-II,KEL,G,12,12,9,9,12,12,11,9,12,12,11,8,9,15,15,15,13,15,232,Goalie
827,1,58,Evgeni Petrov,NL,G,12,12,10,10,13,13,13,10,12,12,7,8,10,15,15,15,13,15,270,Goalie
871,1,58,Bloody Oath,MET,G,13,13,8,8,12,12,12,8,12,12,9,8,11,15,15,15,11,15,234,Goalie
876,1,58,Remus Trimble,NBB,G,5,5,9,17,10,10,6,5,8,5,5,8,9,15,15,15,8,15,155,Goalie
881,1,58,Iorek Byrnison,STL,G,13,13,7,8,13,13,13,5,13,13,5,8,10,15,15,15,10,15,252,Goalie
955,1,58,Russell Rattie,COL,G,7,7,5,5,10,10,10,5,5,10,8,8,11,15,15,15,16,15,155,Goalie
956,1,58,Mertin Broduer,VAN,G,12,12,8,8,12,10,10,10,12,12,8,8,9,15,15,15,9,15,177,Goalie
958,1,58,Walrus Walrus,MET,G,11,11,5,5,12,11,11,11,11,11,6,8,7,15,15,15,11,15,155,Goalie
1081,1,58,Roddy Ross,CAR,G,10,15,5,5,10,10,10,6,8,10,10,8,10,15,15,15,10,15,155,Goalie
36,1,59,Ivan Browning ,VAN,G,11,11,7,10,11,10,10,6,12,10,9,8,10,15,15,15,12,15,160,Goalie
66,1,59,Zhen Roza,ANA,G,12,12,5,5,15,13,13,5,11,13,10,8,11,15,15,15,10,15,260,Goalie
132,1,59,Corey McFarland,KEL,G,8,10,6,5,13,11,13,5,13,13,5,8,11,15,15,15,9,15,182,Goalie
166,1,59,Yanno Rosejac,COL,G,14,14,8,8,14,14,14,7,14,16,9,8,11,15,15,15,12,15,425,Goalie
168,1,59,Bigga Foryu,MET,G,15,14,10,7,15,13,13,10,14,15,5,8,12,15,15,15,13,15,424,Goalie
200,1,59,Hugo Gronroos,NL,G,13,13,11,12,15,13,14,11,13,13,11,8,14,15,15,15,13,15,420,Goalie
232,1,59,Jon St. Ark,VAN,G,14,14,5,7,16,13,13,7,14,16,7,8,11,15,15,15,12,15,425,Goalie
263,1,59,Marcel Laflamme,ANA,G,12,12,8,8,13,12,13,8,12,12,8,8,11,15,15,15,9,15,222,Goalie
266,1,59,C.K. Supernaw,NBB,G,14,14,8,8,14,14,14,8,14,15,8,8,13,15,15,15,13,15,424,Goalie
297,1,59,Vincent Mietitore,ANA,G,13,13,10,10,15,14,14,10,13,16,10,8,11,15,15,15,12,15,423,Goalie
332,1,59,Shawn Lonkert,CAR,G,10,10,11,5,10,10,11,11,10,10,10,8,9,15,15,15,12,15,155,Goalie
467,1,59,Tyler Avery,DET,G,10,10,6,10,12,10,10,10,10,10,10,7,10,15,15,15,12,15,159,Goalie
509,1,59,Keisuke Suzuki,VAN,G,12,13,9,9,11,10,11,11,10,15,12,8,11,15,15,15,11,15,256,Goalie
575,1,59,Valtteri Aalto,KEL,G,13,14,11,11,15,11,15,11,13,15,13,8,11,15,15,15,11,15,425,Goalie
580,1,59,Ragnar-Alexandre Ragnarsson-Tremblay,CAR,G,13,13,8,10,15,14,15,9,13,15,10,8,12,15,15,15,12,15,409,Goalie
605,1,59,Tyler Ward,QCC,G,14,13,11,9,14,14,14,12,13,14,10,8,12,15,15,15,13,15,412,Goalie
617,1,59,Tyrone Banks,COL,G,10,12,7,10,11,11,11,9,11,12,9,8,9,15,15,15,9,15,160,Goalie
625,1,59,Kevin Newman,QCC,G,11,11,9,10,11,11,11,4,11,11,8,8,9,15,15,15,11,15,155,Goalie
627,1,59,Tim Allen Jr.,NL,G,9,9,8,8,13,12,13,8,10,13,9,8,12,15,15,15,8,15,189,Goalie
660,1,59,Liam Bell,MET,G,11,11,11,11,11,11,11,11,11,4,4,8,4,15,15,15,10,15,155,Goalie
672,1,59,Guy Fieri,ANC,G,11,11,5,5,15,11,11,8,11,14,8,8,10,15,15,15,13,15,240,Goalie
685,1,59,Osada Tamura,CAR,G,16,14,4,4,9,8,7,4,9,6,4,7,9,15,15,15,9,15,165,Goalie
731,1,59,Jack Lewis,STL,G,11,11,10,9,11,11,11,10,11,12,7,8,8,15,15,15,11,15,170,Goalie
757,1,59,Podan Podanovic,DET,G,12,12,12,12,13,13,13,12,12,13,12,8,12,15,15,15,12,15,344,Goalie
771,1,59,Ethan Bravo,ANC,G,9,10,6,6,16,9,7,6,9,10,6,8,10,15,15,15,10,15,155,Goalie
772,1,59,Loic Therien,KEL,G,8,8,8,8,5,8,10,5,5,15,5,8,5,15,15,15,15,15,155,Goalie
786,1,59,Roddy Ross,STL,G,10,15,5,5,10,10,10,6,8,10,10,8,10,15,15,15,10,15,155,Goalie
795,1,59,Benjamin Blue-II,KEL,G,14,14,9,10,13,13,13,9,13,13,11,8,12,15,15,15,13,15,349,Goalie
811,1,59,Senji Seteki,COL,G,12,11,8,11,15,11,11,7,11,14,6,7,10,15,15,15,13,15,263,Goalie
814,1,59,Willie Macdougal,ANC,G,11,13,5,10,13,11,10,5,10,11,7,8,8,15,15,15,8,15,155,Goalie
827,1,59,Evgeni Petrov,NL,G,13,13,9,6,14,14,14,6,13,15,6,8,12,15,15,15,10,15,343,Goalie
871,1,59,Bloody Oath,MET,G,13,14,10,10,13,13,13,10,13,13,10,8,13,15,15,15,13,15,347,Goalie
876,1,59,Remus Trimble,NBB,G,5,5,9,17,10,10,6,5,8,5,5,8,9,15,15,15,8,15,155,Goalie
881,1,59,Iorek Byrnison,STL,G,13,13,10,10,14,13,14,10,13,15,9,8,10,15,15,15,11,15,350,Goalie
897,1,59,Bean Gamble,ANC,G,10,12,5,8,9,10,13,10,7,10,10,8,11,15,15,15,11,15,155,Goalie
956,1,59,Mertin Broduer,VAN,G,12,12,8,8,12,10,10,10,12,12,8,8,9,15,15,15,9,15,177,Goalie
958,1,59,Walrus Walrus,MET,G,11,11,5,5,12,11,11,11,11,11,6,8,7,15,15,15,11,15,155,Goalie
1041,1,59,Dustin Alexander,STL,G,10,10,15,10,10,6,7,6,6,10,10,8,10,15,15,15,10,15,155,Goalie
1047,1,59,Willie Miller,NBB,G,10,10,10,4,11,10,8,4,10,15,6,8,10,15,15,15,10,15,160,Goalie
1050,1,59,Monster The Doctor,DET,G,11,12,10,10,11,11,10,10,13,12,6,7,10,15,15,15,11,15,200,Goalie
1081,1,59,Roddy Ross,CAR,G,10,15,5,5,10,10,10,6,8,10,10,8,10,15,15,15,10,15,155,Goalie
1179,1,59,Olof Karsikko,VAN,G,11,13,5,9,14,11,12,10,12,14,6,8,11,15,15,15,13,15,272,Goalie
1180,1,59,Nor Dekes,QCC,G,13,13,9,9,13,9,12,10,12,14,9,8,10,15,15,15,10,15,248,Goalie
36,1,60,Ivan Browning ,VAN,G,10,10,9,8,13,11,11,9,10,12,9,8,11,15,15,15,6,15,160,Goalie
66,1,60,Zhen Roza,ANA,G,13,13,5,5,15,13,14,5,12,15,10,8,11,15,15,15,13,15,350,Goalie
68,1,60,Tyler Cannon,QCC,G,10,10,8,10,10,10,10,8,9,9,14,8,10,15,15,15,10,15,155,Goalie
132,1,60,Corey McFarland,KEL,G,8,10,6,5,13,11,13,5,13,13,5,8,11,15,15,15,9,15,182,Goalie
166,1,60,Yanno Rosejac,ANC,G,14,14,8,8,14,14,14,7,14,16,9,8,11,15,15,15,12,15,425,Goalie
267,1,60,Julius Parker,VAN,G,10,11,7,10,11,10,11,7,10,11,10,8,11,15,15,15,11,15,155,Goalie
332,1,60,Shawn Lonkert,CAR,G,10,10,11,5,10,10,11,11,10,10,10,8,9,15,15,15,12,15,155,Goalie
467,1,60,Tyler Avery,DET,G,10,10,7,10,12,10,10,10,10,10,10,8,10,15,15,15,12,15,160,Goalie
509,1,60,Keisuke Suzuki,VAN,G,12,13,9,9,11,10,11,11,10,15,12,8,11,15,15,15,11,15,256,Goalie
617,1,60,Tyrone Banks,COL,G,10,12,7,10,11,11,11,9,11,12,9,8,9,15,15,15,9,15,160,Goalie
625,1,60,Kevin Newman,QCC,G,11,11,9,10,11,11,11,4,11,11,8,8,9,15,15,15,11,15,155,Goalie
627,1,60,Tim Allen Jr.,NL,G,9,9,8,8,13,12,13,8,10,13,9,8,12,15,15,15,8,15,189,Goalie
631,1,60,Harley Fank,NBB,G,12,13,6,7,11,11,11,5,11,13,5,8,5,15,15,15,5,15,155,Goalie
660,1,60,Liam Bell,MET,G,11,11,11,11,11,11,11,11,11,4,4,8,4,15,15,15,10,15,155,Goalie
685,1,60,Osada Tamura,CAR,G,16,14,5,7,13,11,8,5,10,7,5,8,10,15,15,15,10,15,223,Goalie
731,1,60,Jack Lewis,STL,G,11,11,10,9,11,11,11,10,11,12,7,8,8,15,15,15,11,15,170,Goalie
756,1,60,Jesse Hellanude,ANA,G,4,4,4,4,18,4,4,4,4,4,4,8,5,15,15,15,6,15,153,Goalie
757,1,60,Podan Podanovic,DET,G,12,12,12,12,13,13,13,12,12,13,12,8,12,15,15,15,12,15,344,Goalie
771,1,60,Ethan Bravo,COL,G,9,10,6,6,16,9,7,6,9,10,6,8,10,15,15,15,10,15,155,Goalie
772,1,60,Loic Therien,KEL,G,8,8,8,8,5,8,10,5,5,15,5,8,5,15,15,15,15,15,155,Goalie
786,1,60,Roddy Ross,STL,G,10,15,5,5,10,10,10,6,8,10,10,8,10,15,15,15,10,15,155,Goalie
795,1,60,Benjamin Blue-II,KEL,G,14,14,9,10,14,13,14,9,13,13,11,8,12,15,15,15,13,15,379,Goalie
811,1,60,Senji Seteki,COL,G,12,13,8,10,15,13,13,7,13,15,7,7,9,15,15,15,13,15,333,Goalie
814,1,60,Willie Macdougal,NBB,G,11,13,5,10,13,11,10,5,10,11,7,8,8,15,15,15,8,15,155,Goalie
827,1,60,Evgeni Petrov,NL,G,13,13,8,6,15,15,15,6,13,16,8,7,12,15,15,15,11,15,419,Goalie
871,1,60,Bloody Oath,MET,G,14,14,10,12,14,13,13,11,14,14,10,8,13,15,15,15,13,15,425,Goalie
876,1,60,Remus Trimble,NBB,G,5,5,9,17,10,10,6,5,8,5,5,8,9,15,15,15,8,15,155,Goalie
881,1,60,Iorek Byrnison,STL,G,14,14,11,10,15,13,14,10,13,16,9,8,10,15,15,15,11,15,425,Goalie
896,1,60,Sebastian Andrews,COL,G,11,10,6,10,8,11,11,8,11,11,11,8,12,15,15,15,8,15,155,Goalie
897,1,60,Bean Gamble,ANC,G,10,12,5,8,9,10,13,10,7,10,10,8,11,15,15,15,11,15,155,Goalie
956,1,60,Mertin Broduer,VAN,G,12,12,8,8,12,10,10,10,12,12,8,8,9,15,15,15,9,15,177,Goalie
958,1,60,Walrus Walrus,MET,G,11,11,5,5,12,11,11,11,11,11,6,8,7,15,15,15,11,15,155,Goalie
1041,1,60,Dustin Alexander,STL,G,10,10,15,10,10,6,7,6,6,10,10,8,10,15,15,15,10,15,155,Goalie
1047,1,60,Willie Miller,NBB,G,11,11,10,7,15,13,14,7,11,15,7,8,11,15,15,15,11,15,300,Goalie
1050,1,60,Monster The Doctor,DET,G,11,12,10,11,11,11,11,11,13,12,6,7,10,15,15,15,11,15,215,Goalie
1062,1,60,Toejam Picker,ANC,G,10,11,10,10,11,12,11,9,7,11,10,8,8,15,15,15,10,15,155,Goalie
1081,1,60,Roddy Ross,CAR,G,10,15,5,5,10,10,10,6,8,10,10,8,10,15,15,15,10,15,155,Goalie
1120,1,60,Jonas Johansson,NL,G,11,12,8,9,13,12,11,9,12,13,10,8,10,15,15,15,10,15,217,Goalie
1179,1,60,Olof Karsikko,VAN,G,12,14,6,10,15,12,12,10,12,15,6,7,12,15,15,15,13,15,347,Goalie
1180,1,60,Nor Dekes,QCC,G,13,13,9,9,15,9,15,10,13,15,9,8,11,15,15,15,11,15,349,Goalie
1277,1,60,Charlie Bombay,ANA,G,12,13,7,7,13,11,11,10,13,11,10,8,10,15,15,15,10,15,216,Goalie
1278,1,60,Meeka Keprosoft,CAR,G,12,13,5,10,15,12,12,5,13,12,5,8,10,15,15,15,10,15,255,Goalie
1279,1,60,Rusty Remao,MET,G,13,11,8,8,15,11,11,8,11,15,8,8,11,15,15,15,11,15,268,Goalie
1280,1,60,Jason Playstation,KEL,G,9,11,5,6,15,11,7,9,11,12,5,8,10,15,15,15,10,15,171,Goalie
66,1,61,Zhen Roza,COL,G,13,13,5,10,15,14,14,5,13,16,10,8,13,15,15,15,13,15,425,Goalie
68,1,61,Tyler Cannon,QCC,G,10,10,8,10,10,10,10,8,9,9,14,8,10,15,15,15,10,15,155,Goalie
132,1,61,Corey McFarland,KEL,G,8,10,6,5,13,11,13,5,13,13,5,8,11,15,15,15,9,15,182,Goalie
264,1,61,Conner McLavish,REG,G,10,10,8,10,10,11,11,10,10,11,7,8,12,15,15,15,10,15,155,Goalie
267,1,61,Julius Parker,VAN,G,10,11,7,10,11,10,11,7,10,11,10,8,11,15,15,15,11,15,155,Goalie
332,1,61,Shawn Lonkert,CAR,G,10,10,11,5,10,10,11,11,10,10,10,8,9,15,15,15,12,15,155,Goalie
366,1,61,Vincent Catalano,STL,G,13,13,9,9,12,13,13,12,13,13,5,8,9,15,15,15,10,15,269,Goalie
467,1,61,Tyler Avery,DET,G,10,10,7,10,12,10,10,10,10,10,10,8,10,15,15,15,12,15,160,Goalie
509,1,61,Keisuke Suzuki,VAN,G,12,13,9,9,11,10,11,11,10,15,12,8,11,15,15,15,11,15,256,Goalie
617,1,61,Tyrone Banks,COL,G,10,12,7,10,11,11,11,9,11,12,9,8,9,15,15,15,9,15,160,Goalie
625,1,61,Kevin Newman,QCC,G,11,11,9,10,11,11,11,4,11,11,7,7,9,15,15,15,11,15,153,Goalie
627,1,61,Tim Allen Jr.,NL,G,9,9,8,8,13,12,13,8,10,13,9,8,12,15,15,15,8,15,189,Goalie
631,1,61,Harley Fank,NBB,G,12,13,6,7,11,11,11,5,11,13,5,8,5,15,15,15,5,15,155,Goalie
660,1,61,Liam Bell,MET,G,11,11,11,11,11,11,11,11,11,4,4,7,4,15,15,15,10,15,155,Goalie
685,1,61,Osada Tamura,CAR,G,16,14,5,7,13,11,12,5,13,11,5,8,10,15,15,15,10,15,278,Goalie
697,1,61,Alexander Rask,GFG,G,10,10,11,11,12,10,10,5,10,10,10,8,10,15,15,15,10,15,155,Goalie
731,1,61,Jack Lewis,STL,G,11,11,10,9,12,11,12,11,12,12,7,8,8,15,15,15,11,15,199,Goalie
756,1,61,Jesse Hellanude,ANA,G,4,4,4,4,18,4,4,4,4,4,4,7,5,15,15,15,6,15,153,Goalie
757,1,61,Podan Podanovic,DET,G,12,12,12,12,13,13,13,12,12,13,12,8,12,15,15,15,12,15,344,Goalie
772,1,61,Loic Therien,KEL,G,8,8,8,8,5,8,10,5,5,15,5,8,5,15,15,15,15,15,155,Goalie
786,1,61,Roddy Ross,STL,G,10,15,5,5,10,10,10,6,8,10,10,8,10,15,15,15,10,15,155,Goalie
811,1,61,Senji Seteki,ANA,G,13,13,10,11,16,13,13,8,13,16,8,8,12,15,15,15,13,15,425,Goalie
814,1,61,Willie Macdougal,NBB,G,11,13,5,10,13,11,10,5,10,11,7,8,8,15,15,15,8,15,155,Goalie
827,1,61,Evgeni Petrov,NL,G,12,12,8,6,15,15,15,6,12,16,8,7,11,15,15,15,10,15,382,Goalie
851,1,61,Hugh Jass,DET,G,13,13,9,11,11,11,11,10,11,11,10,8,11,15,15,15,10,15,215,Goalie
859,1,61,Rebecca Montagne,REG,G,11,11,5,5,15,13,13,5,11,14,5,8,12,15,15,15,13,15,277,Goalie
871,1,61,Bloody Oath,MET,G,14,14,10,12,14,13,13,11,14,14,10,8,13,15,15,15,13,15,425,Goalie
881,1,61,Iorek Byrnison,STL,G,14,14,11,10,15,13,14,10,13,16,9,8,10,15,15,15,11,15,425,Goalie
896,1,61,Sebastian Andrews,COL,G,11,10,6,10,8,11,11,8,11,11,11,8,12,15,15,15,8,15,155,Goalie
956,1,61,Mertin Broduer,VAN,G,12,12,8,8,12,10,10,10,12,12,8,8,9,15,15,15,9,15,177,Goalie
958,1,61,Walrus Walrus,MET,G,11,11,5,5,12,11,11,11,11,11,6,8,7,15,15,15,11,15,155,Goalie
1041,1,61,Dustin Alexander,STL,G,10,10,15,10,10,6,7,6,6,10,10,8,10,15,15,15,10,15,155,Goalie
1047,1,61,Willie Miller,NBB,G,12,12,11,8,15,14,14,8,12,15,8,8,11,15,15,15,11,15,350,Goalie
1050,1,61,Monster The Doctor,DET,G,10,11,9,10,10,10,10,10,12,11,6,7,9,15,15,15,10,15,146,Goalie
1062,1,61,Toejam Picker,ANC,G,10,11,10,10,11,12,11,9,7,11,10,8,8,15,15,15,10,15,155,Goalie
1081,1,61,Roddy Ross,CAR,G,10,15,5,5,10,10,10,6,8,10,10,8,10,15,15,15,10,15,155,Goalie
1107,1,61,Olov Larsson,VAN,G,10,10,6,8,12,11,12,6,10,10,6,8,12,15,15,15,11,15,155,Goalie
1108,1,61,Recently Tired,COL,G,9,9,9,9,13,13,13,9,12,13,9,8,10,15,15,15,11,15,215,Goalie
1120,1,61,Jonas Johansson,NL,G,11,12,7,8,15,13,13,8,12,15,11,7,11,15,15,15,10,15,305,Goalie
1151,1,61,Dominik Tretyak,ANC,G,7,9,4,4,13,9,13,7,11,15,8,8,9,15,15,15,11,15,184,Goalie
1170,1,61,Jeremy Kendell,GFG,G,11,11,5,5,11,11,11,5,11,10,5,8,13,15,15,15,11,15,155,Goalie
1179,1,61,Olof Karsikko,VAN,G,13,13,6,9,16,13,13,9,13,16,9,7,12,15,15,15,13,15,409,Goalie
1180,1,61,Nor Dekes,QCC,G,13,13,9,9,16,9,16,10,13,16,9,8,11,15,15,15,11,15,424,Goalie
1221,1,61,Ted Lindsay,ANC,G,10,11,10,5,11,10,10,10,10,10,10,8,12,15,15,15,10,15,155,Goalie
1252,1,61,Brick Wall,GFG,G,11,11,9,9,14,12,14,10,11,14,9,8,11,15,15,15,11,15,274,Goalie
1277,1,61,Charlie Bombay,ANA,G,12,13,7,7,13,11,11,10,13,11,10,8,10,15,15,15,10,15,216,Goalie
1278,1,61,Meeka Keprosoft,CAR,G,13,14,9,11,15,13,13,5,14,13,5,8,11,15,15,15,11,15,338,Goalie
1279,1,61,Rusty Remao,MET,G,13,13,8,8,15,13,15,9,11,15,9,8,11,15,15,15,11,15,350,Goalie
1280,1,61,Jason Playstation,KEL,G,9,11,5,6,15,11,7,9,11,12,5,8,10,15,15,15,10,15,171,Goalie
1379,1,61,Anzelms Krastins,ANA,G,11,11,10,9,14,12,12,11,12,14,8,8,12,15,15,15,11,15,275,Goalie
1382,1,61,Lord Skrolk,KEL,G,11,12,5,8,13,10,13,5,11,12,10,8,12,15,15,15,12,15,218,Goalie
1383,1,61,Bob Hart,REG,G,13,5,8,5,10,5,5,12,6,15,8,8,10,15,15,15,9,15,155,Goalie
1384,1,61,Skating Dino,QCC,G,13,13,6,8,13,11,13,7,11,13,10,8,10,15,15,15,9,15,227,Goalie
68,1,62,Tyler Cannon,QCC,G,10,10,8,10,10,10,10,8,9,9,14,8,10,15,15,15,10,15,155,Goalie
132,1,62,Corey McFarland,KEL,G,8,10,6,5,13,11,13,5,13,13,5,8,11,15,15,15,9,15,182,Goalie
267,1,62,Julius Parker,REG,G,10,11,7,10,11,10,11,7,10,11,10,8,11,15,15,15,11,15,155,Goalie
332,1,62,Shawn Lonkert,CAR,G,10,10,11,5,10,10,11,11,10,10,10,8,9,15,15,15,12,15,155,Goalie
366,1,62,Vincent Catalano,STL,G,13,13,9,10,13,14,14,13,13,13,5,8,10,15,15,15,13,15,346,Goalie
467,1,62,Tyler Avery,DET,G,10,10,7,10,12,10,10,10,10,10,10,8,10,15,15,15,12,15,160,Goalie
509,1,62,Keisuke Suzuki,VAN,G,12,13,9,9,11,10,11,11,10,15,12,8,11,15,15,15,11,15,256,Goalie
523,1,62,Gus Ceroni,ANA,G,12,12,7,7,12,11,12,7,12,12,7,8,11,15,15,15,11,15,200,Goalie
617,1,62,Tyrone Banks,COL,G,10,12,7,10,11,11,11,9,11,12,9,8,9,15,15,15,9,15,160,Goalie
625,1,62,Kevin Newman,QCC,G,10,10,8,9,10,10,10,4,10,10,7,7,8,15,15,15,10,15,104,Goalie
627,1,62,Tim Allen Jr.,NL,G,9,9,8,8,13,12,13,8,10,13,9,8,12,15,15,15,8,15,189,Goalie
660,1,62,Liam Bell,MET,G,11,11,11,11,11,11,11,11,11,5,5,8,5,15,15,15,10,15,155,Goalie
685,1,62,Osada Tamura,CAR,G,16,14,9,10,13,12,12,8,13,12,5,8,10,15,15,15,10,15,313,Goalie
697,1,62,Alexander Rask,GFG,G,10,10,11,11,12,10,10,5,10,10,10,8,10,15,15,15,10,15,155,Goalie
731,1,62,Jack Lewis,STL,G,11,11,10,9,12,11,12,11,12,12,7,8,8,15,15,15,11,15,199,Goalie
756,1,62,Jesse Hellanude,STL,G,5,5,5,5,19,5,5,5,5,5,5,8,6,15,15,15,7,15,195,Goalie
757,1,62,Podan Podanovic,DET,G,12,12,12,12,13,13,13,12,12,13,12,8,12,15,15,15,12,15,344,Goalie
772,1,62,Loic Therien,KEL,G,8,8,8,8,5,8,10,5,5,15,5,8,5,15,15,15,15,15,155,Goalie
786,1,62,Roddy Ross,STL,G,10,15,5,5,10,10,10,6,8,10,10,8,10,15,15,15,10,15,155,Goalie
814,1,62,Willie Macdougal,NBB,G,11,13,5,10,13,11,10,5,10,11,7,8,8,15,15,15,8,15,155,Goalie
859,1,62,Rebecca Montagne,REG,G,12,13,5,5,14,14,14,5,12,15,5,8,13,15,15,15,13,15,347,Goalie
871,1,62,Bloody Oath,MET,G,14,14,10,12,14,13,13,11,14,14,10,8,13,15,15,15,13,15,425,Goalie
876,1,62,ANC EBUG,ANC,G,15,12,7,7,12,11,12,7,12,12,7,8,11,15,15,15,11,15,238,Goalie
896,1,62,Sebastian Andrews,COL,G,11,10,6,10,8,11,11,8,11,11,11,8,12,15,15,15,8,15,155,Goalie
955,1,62,CAR EBUG,CAR,G,12,12,6,6,12,11,12,6,12,12,6,7,11,15,15,15,11,15,196,Goalie
956,1,62,Mertin Broduer,VAN,G,12,12,8,8,12,10,10,10,12,12,8,8,9,15,15,15,9,15,177,Goalie
958,1,62,Walrus Walrus,MET,G,11,11,5,5,12,11,11,11,11,11,6,8,7,15,15,15,11,15,155,Goalie
990,1,62,Evert Jansson,DET,G,12,11,9,10,14,11,11,9,11,13,8,8,9,15,15,15,10,15,211,Goalie
1001,1,62,Marsels Antilope,NL,G,10,10,4,10,4,15,10,10,10,10,11,7,4,15,15,15,4,15,155,Goalie
1015,1,62,Steffe Stenfors,VAN,G,10,10,10,10,13,10,10,10,10,10,10,8,10,15,15,15,7,15,155,Goalie
1041,1,62,Dustin Alexander,STL,G,10,10,15,10,10,6,7,6,6,10,10,8,10,15,15,15,10,15,155,Goalie
1047,1,62,Willie Miller,NBB,G,14,14,11,8,15,14,14,8,14,15,8,7,11,15,15,15,11,15,419,Goalie
1050,1,62,Monster The Doctor,COL,G,11,12,10,11,11,11,11,11,13,12,7,8,10,15,15,15,11,15,216,Goalie
1061,1,62,Skree McSkreeface,DET,G,12,12,7,7,12,11,12,7,12,12,7,8,11,15,15,15,11,15,200,Goalie
1069,1,62,Smoky TheBear,GFG,G,12,12,7,7,12,11,12,7,12,12,7,8,11,15,15,15,11,15,200,Goalie
1081,1,62,Roddy Ross,CAR,G,10,15,5,5,10,10,10,6,8,10,10,8,10,15,15,15,10,15,155,Goalie
1082,1,62,Dr. Henry Wu,COL,G,12,12,7,7,12,12,12,7,12,12,7,8,11,15,15,15,11,15,208,Goalie
1107,1,62,Olov Larsson,VAN,G,10,10,6,8,12,11,12,6,10,10,6,8,12,15,15,15,11,15,155,Goalie
1108,1,62,Recently Tired,COL,G,13,13,9,9,14,13,13,9,12,15,9,8,10,15,15,15,11,15,312,Goalie
1120,1,62,Jonas Johansson,NL,G,13,13,7,8,15,13,13,8,13,15,12,7,10,15,15,15,13,15,361,Goalie
1142,1,62,Cal St. Karsikz,VAN,G,12,12,7,7,12,11,12,7,12,12,7,8,11,15,15,15,11,15,200,Goalie
1151,1,62,Dominik Tretyak,ANC,G,7,10,4,4,14,9,13,8,13,15,8,8,9,15,15,15,12,15,230,Goalie
1156,1,62,David Ayres,NBB,G,12,12,7,7,12,11,12,7,12,12,7,8,11,15,15,15,11,15,200,Goalie
1158,1,62,Enes Gundogan,VAN,G,10,10,7,7,13,12,10,10,10,13,8,8,7,15,15,15,7,15,155,Goalie
1180,1,62,Nor Dekes,QCC,G,13,13,9,9,16,9,16,10,13,16,9,8,11,15,15,15,11,15,424,Goalie
1186,1,62,Scottey Crawfling,MET,G,12,12,7,7,12,11,12,7,12,12,7,8,11,15,15,15,11,15,200,Goalie
1194,1,62,Hank Stopper,GFG,G,12,11,4,6,14,11,13,6,12,13,4,8,12,15,15,15,11,15,233,Goalie
1220,1,62,Bobby Beans,STL,G,12,12,7,7,12,11,12,7,12,12,7,8,11,15,15,15,11,15,200,Goalie
1221,1,62,Ted Lindsay,ANC,G,10,11,10,5,11,10,10,10,10,10,10,8,12,15,15,15,10,15,155,Goalie
1246,1,62,Unstopab Owl,QCC,G,11,11,6,6,11,10,11,6,11,11,6,7,10,15,15,15,10,15,133,Goalie
1252,1,62,Brick Wall,GFG,G,13,13,7,8,14,13,14,7,12,14,7,8,14,15,15,15,13,15,350,Goalie
1277,1,62,Charlie Bombay,NL,G,12,13,7,7,13,11,11,10,13,11,10,8,10,15,15,15,10,15,216,Goalie
1278,1,62,Meeka Keprosoft,CAR,G,13,14,9,11,15,13,13,5,14,13,5,8,11,15,15,15,11,15,338,Goalie
1279,1,62,Rusty Remao,MET,G,13,13,8,8,15,13,15,9,11,15,9,8,11,15,15,15,11,15,350,Goalie
1280,1,62,Jason Playstation,KEL,G,9,11,5,6,15,11,7,9,11,12,5,8,10,15,15,15,10,15,171,Goalie
1300,1,62,Gumba Overdoo,REG,G,12,12,7,7,12,11,12,7,12,12,7,8,11,15,15,15,11,15,200,Goalie
1313,1,62,MUNK LUCK,NL,G,12,12,7,7,12,11,12,7,12,12,7,8,11,15,15,15,11,15,200,Goalie
1345,1,62,Emiko Spector,KEL,G,12,12,7,7,12,11,12,7,12,12,7,8,11,15,15,15,11,15,200,Goalie
1373,1,62,Mrs. McSaves,ANA,G,13,12,9,7,13,12,12,8,12,13,8,8,10,15,15,15,10,15,230,Goalie
1379,1,62,Anzelms Krastins,ANA,G,11,11,10,9,15,12,13,11,12,15,8,8,12,15,15,15,11,15,313,Goalie
1382,1,62,Lord Skrolk,KEL,G,11,12,5,8,13,10,13,5,11,12,10,8,12,15,15,15,12,15,218,Goalie
1383,1,62,Bob Hart,REG,G,13,5,8,5,10,5,5,12,6,15,8,8,10,15,15,15,9,15,155,Goalie
1384,1,62,Skating Dino,QCC,G,13,13,6,10,13,13,13,7,13,13,10,8,10,15,15,15,10,15,271,Goalie
1467,1,62,Kevin Newman,NL,G,10,10,8,9,10,10,10,4,10,10,7,7,8,15,15,15,10,15,104,Goalie
1497,1,62,Tim Thomas,COL,G,11,11,11,12,12,11,12,5,11,12,5,8,12,15,15,15,12,15,224,Goalie
68,1,63,Tyler Cannon,QCC,G,10,10,8,10,10,10,10,8,9,9,14,8,10,15,15,15,10,15,155,Goalie
132,1,63,Corey McFarland,KEL,G,8,10,6,5,13,11,13,5,13,13,5,8,11,15,15,15,9,15,182,Goalie
264,1,63,Conner McLavish,ANA,G,10,10,8,10,10,11,11,10,10,11,7,8,12,15,15,15,10,15,155,Goalie
267,1,63,Julius Parker,KEL,G,10,11,7,10,11,10,11,7,10,11,10,8,11,15,15,15,11,15,155,Goalie
332,1,63,Shawn Lonkert,CAR,G,10,10,11,5,10,10,11,11,10,10,10,8,9,15,15,15,12,15,155,Goalie
467,1,63,Tyler Avery,DET,G,10,10,7,10,12,10,10,10,10,10,10,8,10,15,15,15,12,15,160,Goalie
509,1,63,Keisuke Suzuki,VAN,G,12,13,9,9,11,10,11,11,10,15,12,8,11,15,15,15,11,15,256,Goalie
523,1,63,Gus Ceroni,ANA,G,12,12,7,7,12,11,12,7,12,12,7,8,11,15,15,15,11,15,200,Goalie
617,1,63,Tyrone Banks,COL,G,10,12,7,10,11,11,11,9,11,12,9,8,9,15,15,15,9,15,160,Goalie
625,1,63,Kevin Newman,QCC,G,11,11,9,10,11,11,11,5,11,11,8,8,9,15,15,15,11,15,155,Goalie
627,1,63,Tim Allen Jr.,NL,G,9,9,8,8,13,12,13,8,10,13,9,8,12,15,15,15,8,15,189,Goalie
660,1,63,Liam Bell,MET,G,11,11,11,11,11,11,11,11,11,5,5,8,5,15,15,15,10,15,155,Goalie
685,1,63,Osada Tamura,CAR,G,16,14,9,12,13,12,14,8,14,12,5,8,10,15,15,15,10,15,364,Goalie
697,1,63,Alexander Rask,GFG,G,10,10,11,11,12,10,10,5,10,10,10,8,10,15,15,15,10,15,155,Goalie
731,1,63,Jack Lewis,STL,G,11,11,10,9,12,11,12,11,12,12,7,8,8,15,15,15,11,15,199,Goalie
756,1,63,Jesse Hellanude,STL,G,5,5,5,5,18,5,5,5,5,5,5,8,6,15,15,16,7,15,155,Goalie
772,1,63,Loic Therien,KEL,G,8,8,8,8,5,8,10,5,5,15,5,8,5,15,15,15,15,15,155,Goalie
786,1,63,Roddy Ross,STL,G,10,15,5,5,10,10,10,6,8,10,10,8,10,15,15,15,10,15,155,Goalie
859,1,63,Rebecca Montagne,REG,G,13,13,5,5,15,15,15,5,13,15,5,8,14,15,15,15,13,15,423,Goalie
876,1,63,ANC EBUG,ANC,G,15,12,7,7,12,11,12,7,12,12,7,8,11,15,15,15,11,15,238,Goalie
896,1,63,Sebastian Andrews,COL,G,11,10,6,10,8,11,11,8,11,11,11,8,12,15,15,15,8,15,155,Goalie
955,1,63,CAR EBUG,CAR,G,12,12,7,7,12,11,12,7,12,12,7,8,11,15,15,15,11,15,200,Goalie
956,1,63,Mertin Broduer,VAN,G,12,12,8,8,12,10,10,10,12,12,8,8,9,15,15,15,9,15,177,Goalie
958,1,63,Walrus Walrus,MET,G,11,11,5,5,12,11,11,11,11,11,6,8,7,15,15,15,11,15,155,Goalie
990,1,63,Evert Jansson,DET,G,13,13,9,10,15,13,13,9,13,15,8,8,11,15,15,15,11,15,343,Goalie
1001,1,63,Marsels Antilope,NL,G,10,10,4,10,4,15,10,10,10,10,11,7,4,15,15,15,4,15,155,Goalie
1015,1,63,Steffe Stenfors,VAN,G,10,10,10,10,13,10,10,10,10,10,10,8,10,15,15,15,7,15,155,Goalie
1041,1,63,Dustin Alexander,STL,G,10,10,15,10,10,6,7,6,6,10,10,8,10,15,15,15,10,15,155,Goalie
1047,1,63,Willie Miller,NBB,G,14,14,10,8,15,14,14,8,14,15,8,7,10,15,15,15,10,15,404,Goalie
1050,1,63,Monster The Doctor,COL,G,11,12,10,11,11,11,11,11,13,12,7,8,10,15,15,15,11,15,216,Goalie
1061,1,63,Skree McSkreeface,DET,G,12,12,7,7,12,11,12,7,12,12,7,8,11,15,15,15,11,15,200,Goalie
1069,1,63,Smoky TheBear,GFG,G,12,12,7,7,12,11,12,7,12,12,7,8,11,15,15,15,11,15,200,Goalie
1081,1,63,Roddy Ross,CAR,G,10,15,5,5,10,10,10,6,8,10,10,8,10,15,15,15,10,15,155,Goalie
1082,1,63,Dr. Henry Wu,COL,G,12,12,7,7,12,12,12,7,12,12,7,8,11,15,15,15,11,15,208,Goalie
1095,1,63,Nina Tucker,NL,G,10,10,4,4,12,11,10,4,9,12,6,7,8,15,15,15,4,15,108,Goalie
1107,1,63,Olov Larsson,VAN,G,10,10,6,8,12,11,12,6,10,10,6,8,12,15,15,15,11,15,155,Goalie
1108,1,63,Recently Tired,COL,G,13,13,9,9,14,14,15,9,13,16,9,8,10,15,15,15,11,15,390,Goalie
1120,1,63,Jonas Johansson,NL,G,13,13,9,10,15,14,13,10,13,15,13,8,13,15,15,15,13,15,423,Goalie
1121,1,63,Justin Time,QCC,G,13,12,4,8,14,13,13,9,12,13,11,8,11,15,15,15,11,15,281,Goalie
1142,1,63,Cal St. Karsikz,VAN,G,12,12,7,7,12,11,12,7,12,12,7,8,11,15,15,15,11,15,200,Goalie
1158,1,63,Enes Gundogan,ANA,G,11,11,7,7,14,13,13,10,11,15,8,8,11,15,15,15,11,15,272,Goalie
1163,1,63,Adam Rage,MET,G,11,13,10,10,11,11,11,10,8,13,10,8,11,15,15,15,10,15,203,Goalie
1180,1,63,Nor Dekes,QCC,G,13,13,9,9,16,9,16,10,13,16,9,8,11,15,15,15,11,15,424,Goalie
1186,1,63,Scottey Crawfling,MET,G,12,12,7,7,12,11,12,7,12,12,7,8,11,15,15,15,11,15,200,Goalie
1194,1,63,Hank Stopper,GFG,G,12,11,4,6,14,11,14,6,12,14,4,7,13,15,15,15,11,15,271,Goalie
1221,1,63,Ted Lindsay,ANC,G,10,11,10,5,11,10,10,10,10,10,10,8,12,15,15,15,10,15,155,Goalie
1246,1,63,Unstopab Owl,QCC,G,12,12,7,7,12,11,12,7,12,12,7,8,11,15,15,15,11,15,200,Goalie
1252,1,63,Brick Wall,GFG,G,13,13,7,8,15,15,15,7,12,15,7,8,14,15,15,15,13,15,425,Goalie
1278,1,63,Meeka Keprosoft,KEL,G,13,14,9,11,15,13,13,5,14,13,5,8,11,15,15,15,11,15,338,Goalie
1279,1,63,Rusty Remao,MET,G,13,13,8,8,15,13,15,9,11,15,9,8,11,15,15,15,11,15,350,Goalie
1280,1,63,Jason Playstation,CAR,G,9,11,5,6,15,11,7,9,11,12,5,8,10,15,15,15,10,15,171,Goalie
1300,1,63,Gumba Overdoo,REG,G,12,12,7,7,12,11,12,7,12,12,7,8,11,15,15,15,11,15,200,Goalie
1313,1,63,MUNK LUCK,NL,G,12,12,7,7,12,11,12,7,12,12,7,8,11,15,15,15,11,15,200,Goalie
1345,1,63,Emiko Spector,KEL,G,12,12,6,6,12,11,12,6,12,12,6,8,11,15,15,15,11,15,196,Goalie
1379,1,63,Anzelms Krastins,ANA,G,11,11,10,9,15,12,13,11,12,15,8,8,12,15,15,15,11,15,313,Goalie
1383,1,63,Bob Hart,REG,G,13,5,8,5,10,5,5,12,6,15,8,8,10,15,15,15,9,15,155,Goalie
1384,1,63,Skating Dino,QCC,G,13,13,6,10,13,13,13,7,13,13,10,8,10,15,15,15,10,15,271,Goalie
1439,1,63,Valerian Sauveterre,NBB,G,11,11,11,11,12,11,11,11,11,11,11,8,10,15,15,15,7,15,197,Goalie
1474,1,63,Toms Zile,DET,G,11,11,10,11,13,13,12,10,12,10,11,8,11,15,15,15,11,15,241,Goalie
1497,1,63,Tim Thomas,COL,G,11,11,11,12,12,11,12,5,11,12,5,8,12,15,15,15,12,15,224,Goalie
1610,1,63,Inda Bagg,REG,G,12,12,5,5,14,13,12,5,12,13,5,8,12,15,15,15,10,15,242,Goalie
1615,1,63,Joshua CorcoranTwitch,STL,G,10,10,10,10,15,10,10,10,10,15,10,8,11,15,15,15,11,15,255,Goalie
1616,1,63,Keith Kakapo,ANC,G,11,11,8,7,12,11,12,8,11,12,11,8,11,15,15,15,12,15,202,Goalie
68,1,64,Tyler Cannon,QCC,G,10,10,8,10,10,10,10,8,9,9,14,8,10,15,15,15,10,15,155,Goalie
267,1,64,Julius Parker,KEL,G,10,11,7,10,11,10,11,7,10,11,10,8,11,15,15,15,11,15,155,Goalie
332,1,64,Shawn Lonkert,CAR,G,10,10,11,5,10,10,11,11,10,10,10,8,9,15,15,15,12,15,155,Goalie
467,1,64,Tyler Avery,DET,G,10,10,7,10,12,10,10,10,10,10,10,8,10,15,15,15,12,15,160,Goalie
509,1,64,Keisuke Suzuki,VAN,G,12,13,9,9,11,10,11,11,10,15,12,8,11,15,15,15,11,15,256,Goalie
523,1,64,Gus Ceroni,ANA,G,12,12,7,7,12,11,12,7,12,12,7,8,11,15,15,15,11,15,200,Goalie
617,1,64,Tyrone Banks,COL,G,10,12,7,10,11,11,11,9,11,12,9,8,9,15,15,15,9,15,160,Goalie
625,1,64,Kevin Newman,QCC,G,11,11,9,10,11,11,11,5,11,11,8,8,9,15,15,15,11,15,155,Goalie
627,1,64,Tim Allen Jr.,NL,G,9,9,8,8,13,12,13,8,10,13,9,8,12,15,15,15,8,15,189,Goalie
660,1,64,Liam Bell,MET,G,11,11,11,11,11,11,11,11,11,5,5,8,5,15,15,15,10,15,155,Goalie
731,1,64,Jack Lewis,STL,G,11,11,10,9,12,11,12,11,12,12,7,8,8,15,15,15,11,15,199,Goalie
756,1,64,Jesse Hellanude,STL,G,5,5,5,5,18,5,5,5,5,5,5,8,6,15,15,16,7,15,155,Goalie
772,1,64,Loic Therien,KEL,G,8,8,8,8,5,8,10,5,5,15,5,8,5,15,15,15,15,15,155,Goalie
786,1,64,Roddy Ross,STL,G,10,15,5,5,10,10,10,6,8,10,10,8,10,15,15,15,10,15,155,Goalie
859,1,64,Rebecca Montagne,REG,G,13,13,5,5,15,15,15,5,13,15,5,8,14,15,15,15,13,15,423,Goalie
876,1,64,ANC EBUG,ANC,G,15,12,7,7,12,11,12,7,12,12,7,8,11,15,15,15,11,15,238,Goalie
896,1,64,Sebastian Andrews,COL,G,11,10,6,10,8,11,11,8,11,11,11,8,12,15,15,15,8,15,155,Goalie
955,1,64,CAR EBUG,CAR,G,12,12,7,7,12,11,12,7,12,12,7,8,11,15,15,15,11,15,200,Goalie
956,1,64,Mertin Broduer,VAN,G,12,12,8,8,12,10,10,10,12,12,8,8,9,15,15,15,9,15,177,Goalie
958,1,64,Walrus Walrus,MET,G,11,11,5,5,12,11,11,11,11,11,6,8,7,15,15,15,11,15,155,Goalie
990,1,64,Evert Jansson,DET,G,13,13,9,10,17,14,13,9,13,15,8,8,12,15,15,15,12,15,424,Goalie
1015,1,64,Steffe Stenfors,STL,G,10,10,10,10,13,10,10,10,10,10,10,8,10,15,15,15,7,15,155,Goalie
1050,1,64,Monster The Doctor,COL,G,11,12,10,11,11,11,11,11,13,12,7,8,10,15,15,15,11,15,216,Goalie
1061,1,64,Skree McSkreeface,DET,G,12,12,7,7,12,11,12,7,12,12,7,8,11,15,15,15,11,15,200,Goalie
1069,1,64,Smoky TheBear,GFG,G,12,12,7,7,12,11,12,7,12,12,7,8,11,15,15,15,11,15,200,Goalie
1081,1,64,Roddy Ross,CAR,G,10,15,5,5,10,10,10,6,8,10,10,8,10,15,15,15,10,15,155,Goalie
1082,1,64,Dr. Henry Wu,COL,G,12,12,7,7,12,12,12,7,12,12,7,8,11,15,15,15,11,15,208,Goalie
1095,1,64,Nina Tucker,NL,G,11,11,5,5,13,12,11,5,10,13,7,8,9,15,15,15,5,15,155,Goalie
1107,1,64,Olov Larsson,VAN,G,10,10,6,8,12,11,12,6,10,10,6,8,12,15,15,15,11,15,155,Goalie
1108,1,64,Recently Tired,COL,G,13,13,9,9,15,14,15,9,14,16,9,8,11,15,15,15,11,15,425,Goalie
1120,1,64,Jonas Johansson,NL,G,13,13,9,10,15,14,13,10,13,15,13,8,13,15,15,15,13,15,423,Goalie
1121,1,64,Justin Time,QCC,G,13,13,4,9,15,14,14,9,13,14,9,7,11,15,15,15,11,15,349,Goalie
1142,1,64,Cal St. Karsikz,VAN,G,12,12,7,7,12,11,12,7,12,12,7,8,11,15,15,15,11,15,200,Goalie
1158,1,64,Enes Gundogan,ANA,G,11,11,8,9,15,14,14,10,11,16,9,8,11,15,15,15,11,15,350,Goalie
1163,1,64,Adam Rage,MET,G,13,13,10,11,13,12,11,10,13,14,11,8,11,15,15,15,11,15,301,Goalie
1186,1,64,Scottey Crawfling,MET,G,12,12,6,6,12,11,12,6,12,12,6,8,11,15,15,15,11,15,196,Goalie
1194,1,64,Hank Stopper,GFG,G,14,14,5,8,15,14,14,8,14,15,4,7,13,15,15,15,10,15,410,Goalie
1221,1,64,Ted Lindsay,ANC,G,10,11,10,5,11,10,10,10,10,10,10,8,12,15,15,15,10,15,155,Goalie
1246,1,64,Unstopab Owl,QCC,G,12,12,7,7,12,11,12,7,12,12,7,8,11,15,15,15,11,15,200,Goalie
1252,1,64,Brick Wall,GFG,G,13,13,7,8,15,15,15,7,12,15,7,8,14,15,15,15,13,15,425,Goalie
1254,1,64,Andrew Kiehl,ANA,G,10,15,8,10,9,6,7,7,10,8,6,8,12,15,15,15,11,15,155,Goalie
1278,1,64,Meeka Keprosoft,KEL,G,13,14,9,11,15,13,13,5,14,13,5,8,11,15,15,15,11,15,338,Goalie
1279,1,64,Rusty Remao,MET,G,14,14,8,8,15,13,15,10,12,15,9,8,11,15,15,15,14,15,424,Goalie
1280,1,64,Jason Playstation,CAR,G,9,11,5,6,15,11,7,9,11,12,5,8,10,15,15,15,10,15,171,Goalie
1300,1,64,Gumba Overdoo,REG,G,12,12,7,7,12,11,12,7,12,12,7,8,11,15,15,15,11,15,200,Goalie
1313,1,64,MUNK LUCK,NL,G,12,12,7,7,12,11,12,7,12,12,7,8,11,15,15,15,11,15,200,Goalie
1345,1,64,Isabella Bouchard,QCC,G,11,11,4,5,14,12,13,4,12,14,4,7,10,15,15,15,10,15,228,Goalie
1379,1,64,Anzelms Krastins,ANA,G,11,11,10,9,15,12,13,11,12,15,8,8,12,15,15,15,11,15,313,Goalie
1383,1,64,Bob Hart,REG,G,13,5,8,5,10,5,5,12,6,15,8,8,10,15,15,15,9,15,155,Goalie
1384,1,64,Skating Dino,QCC,G,13,13,6,10,13,13,13,7,13,13,10,8,10,15,15,15,10,15,271,Goalie
1410,1,64,Bobby Beans,STL,G,12,12,7,7,12,11,12,7,12,12,7,8,11,15,15,15,11,15,200,Goalie
1439,1,64,Val√©rian Sauveterre,NBB,G,11,11,11,11,14,11,11,11,11,12,0,8,11,15,15,15,11,15,231,Goalie
1468,1,64,BASE PACK,CAR,G,11,11,5,7,13,14,13,5,11,14,6,8,11,15,15,15,9,15,231,Goalie
1474,1,64,Toms Zile,DET,G,13,14,12,12,13,14,13,11,12,11,11,8,11,15,15,15,12,15,350,Goalie
1534,1,64,Stepan Krupka,NBB,G,10,11,6,10,12,7,7,7,7,10,8,7,10,15,15,15,14,15,144,Goalie
1610,1,64,Inda Bagg,REG,G,13,13,5,5,14,13,13,5,13,13,5,8,12,15,15,15,10,15,274,Goalie
1615,1,64,Joshua CorcoranTwitch,STL,G,12,12,11,11,15,11,13,12,12,15,11,8,11,15,15,15,11,15,348,Goalie
1616,1,64,Keith Kakapo,ANC,G,11,11,8,7,12,11,12,8,11,12,11,8,11,15,15,15,12,15,202,Goalie
1730,1,64,B Jobin,VAN,G,9,10,7,12,15,14,13,9,10,13,8,8,11,15,15,15,12,15,277,Goalie
1731,1,64,Shiny Shuckle,COL,G,13,13,11,6,14,11,11,6,11,14,12,8,9,15,15,15,10,15,265,Goalie
1743,1,64,Alvin Towne,KEL,G,11,11,5,5,13,9,7,5,11,13,5,8,11,15,15,15,12,15,160,Goalie
68,1,65,Tyler Cannon,QCC,G,10,10,8,10,10,10,10,8,9,9,14,8,10,15,15,15,10,15,155,Goalie
332,1,65,Shawn Lonkert,CAR,G,10,10,11,5,10,10,11,11,10,10,10,8,9,15,15,15,12,15,155,Goalie
467,1,65,Tyler Avery,DET,G,10,10,7,10,12,10,10,10,10,10,10,8,10,15,15,15,12,15,160,Goalie
509,1,65,Keisuke Suzuki,VAN,G,12,13,9,9,11,10,11,11,10,15,12,8,11,15,15,15,11,15,256,Goalie
523,1,65,Nashy Goodboi,YUM,G,12,12,7,7,12,11,12,7,12,12,7,8,11,15,15,15,11,15,200,Goalie
617,1,65,Tyrone Banks,COL,G,10,12,7,10,11,11,11,9,11,12,9,8,9,15,15,15,9,15,160,Goalie
625,1,65,Kevin Newman,QCC,G,11,11,9,10,11,11,11,5,11,11,8,8,9,15,15,15,11,15,155,Goalie
627,1,65,Tim Allen Jr.,NL,G,9,9,8,8,13,12,13,8,10,13,9,8,12,15,15,15,8,15,189,Goalie
660,1,65,Liam Bell,MET,G,11,11,11,11,11,11,11,11,11,5,5,8,5,15,15,15,10,15,155,Goalie
731,1,65,Jack Lewis,STL,G,11,11,10,9,12,11,12,11,12,12,7,8,8,15,15,15,11,15,199,Goalie
756,1,65,Jesse Hellanude,STL,G,5,5,5,5,18,5,5,5,5,5,5,8,6,15,15,16,7,15,155,Goalie
772,1,65,Loic Therien,KEL,G,8,8,8,8,5,8,10,5,5,15,5,8,5,15,15,15,15,15,155,Goalie
786,1,65,Roddy Ross,STL,G,10,15,5,5,10,10,10,6,8,10,10,8,10,15,15,15,10,15,155,Goalie
876,1,65,ANC EBUG,ANC,G,15,12,7,7,12,12,12,7,12,12,7,8,11,15,15,15,11,15,246,Goalie
896,1,65,Sebastian Andrews,COL,G,11,10,6,10,8,11,11,8,11,11,11,8,12,15,15,15,8,15,155,Goalie
955,1,65,CAR EBUG,CAR,G,12,12,7,7,12,11,12,7,12,12,7,8,11,15,15,15,11,15,200,Goalie
956,1,65,Mertin Broduer,VAN,G,12,12,8,8,12,10,10,10,12,12,8,8,9,15,15,15,9,15,177,Goalie
958,1,65,Walrus Walrus,MET,G,11,11,5,5,12,11,11,11,11,11,6,8,7,15,15,15,11,15,155,Goalie
990,1,65,Evert Jansson,DET,G,13,13,9,10,17,14,13,9,13,15,8,8,12,15,15,15,12,15,424,Goalie
1015,1,65,Steffe Stenfors,YUM,G,10,10,10,10,13,10,10,10,10,10,10,8,10,15,15,15,7,15,155,Goalie
1050,1,65,Monster The Doctor,COL,G,11,12,10,11,11,11,11,11,13,12,7,8,10,15,15,15,11,15,216,Goalie
1061,1,65,Skree McSkreeface,DET,G,12,12,7,7,12,11,12,7,12,12,7,8,11,15,15,15,11,15,200,Goalie
1069,1,65,Smoky TheBear,GFG,G,12,12,7,7,12,11,12,7,12,12,7,8,11,15,15,15,11,15,200,Goalie
1081,1,65,Roddy Ross,CAR,G,10,15,5,5,10,10,10,6,8,10,10,8,10,15,15,15,10,15,155,Goalie
1082,1,65,Dr. Henry Wu,COL,G,12,12,7,7,12,12,12,7,12,12,7,8,11,15,15,15,11,15,208,Goalie
1095,1,65,Nina Tucker,NL,G,13,13,5,10,14,14,14,8,13,14,9,8,9,15,15,15,11,15,327,Goalie
1121,1,65,Justin Time,QCC,G,14,14,4,12,15,14,14,8,14,14,9,7,12,15,15,15,10,15,413,Goalie
1142,1,65,Cal St. Karsikz,VAN,G,12,12,7,7,12,11,12,7,12,12,7,8,11,15,15,15,11,15,200,Goalie
1163,1,65,Adam Rage,MET,G,13,14,10,11,13,13,13,10,13,14,12,8,12,15,15,15,12,15,364,Goalie
1186,1,65,Scottey Crawfling,MET,G,12,12,6,6,12,11,12,6,12,12,6,7,11,15,15,15,11,15,196,Goalie
1194,1,65,Hank Stopper,GFG,G,14,14,6,9,15,14,14,9,14,15,5,8,13,15,15,15,11,15,420,Goalie
1221,1,65,Ted Lindsay,ANC,G,10,11,10,5,11,10,10,10,10,10,10,8,12,15,15,15,10,15,155,Goalie
1235,1,65, Casey Fantobens,KEL,G,12,12,7,7,14,13,13,9,12,13,9,8,12,15,15,15,11,15,271,Goalie
1246,1,65,Unstopab Owl,QCC,G,12,12,7,7,12,11,12,7,12,12,7,8,11,15,15,15,11,15,200,Goalie
1300,1,65,Gumba Overdoo,REG,G,12,12,7,7,12,11,12,7,12,12,7,8,11,15,15,15,11,15,200,Goalie
1313,1,65,MUNK LUCK,NL,G,12,12,7,7,12,11,12,7,12,12,7,8,11,15,15,15,11,15,200,Goalie
1322,1,65,Graj Virrok,KEL,G,10,11,5,8,15,10,13,5,11,15,5,8,12,15,15,15,12,15,262,Goalie
1345,1,65,Isabella Bouchard,YUM,G,13,13,4,5,15,11,14,4,13,15,9,7,9,15,15,15,9,15,301,Goalie
1379,1,65,Anzelms Krastins,YUM,G,11,11,10,9,15,12,13,11,12,15,8,8,12,15,15,15,11,15,313,Goalie
1384,1,65,Skating Dino,QCC,G,13,13,6,10,13,13,13,7,13,13,10,8,10,15,15,15,10,15,271,Goalie
1439,1,65,Val√©rian Sauveterre,NBB,G,11,11,11,11,14,11,11,11,11,12,11,8,11,15,15,15,11,15,247,Goalie
1468,1,65,BASE PACK,CAR,G,11,11,5,9,16,14,13,5,11,15,8,8,13,15,15,15,13,15,350,Goalie
1474,1,65,Toms Zile,DET,G,14,14,12,12,13,14,13,11,12,13,11,8,13,15,15,15,14,15,420,Goalie
1610,1,65,Inda Bagg,REG,G,13,13,5,5,15,13,13,5,13,13,5,8,13,15,15,15,14,15,333,Goalie
1615,1,65,Joshua CorcoranTwitch,STL,G,12,12,11,11,15,14,14,12,13,15,11,8,12,15,15,15,13,15,426,Goalie
1625,1,65,Anthony Dionne,STL,G,13,13,7,10,13,13,13,10,13,13,6,8,11,15,15,15,10,15,276,Goalie
1629,1,65,Edward Elric,ANC,G,10,10,5,10,17,10,11,5,10,15,5,8,9,15,15,15,9,15,257,Goalie
1667,1,65,Sir Devoir,MET,G,12,11,11,11,12,11,12,11,11,13,11,8,12,15,15,15,12,15,264,Goalie
1729,1,65,Gangly Arms,COL,G,11,11,5,10,15,10,6,5,10,11,5,8,10,15,15,15,5,15,155,Goalie
1730,1,65,B Jobin,VAN,G,9,11,7,12,15,14,15,9,10,15,8,8,11,15,15,15,13,15,350,Goalie
1731,1,65,Shiny Shuckle,COL,G,13,13,8,8,15,13,13,8,14,15,9,8,9,15,15,15,12,15,347,Goalie
1861,1,65,Alvin Towne,GFG,G,12,12,4,4,15,8,6,4,11,15,4,7,11,15,15,15,12,15,233,Goalie
1862,1,65,Samuel Piccard,NL,G,11,11,5,7,12,11,12,7,11,11,9,8,10,15,15,15,9,15,155,Goalie
1863,1,65,Manny Vector,VAN,G,11,12,9,9,10,13,11,8,10,13,10,8,10,15,15,15,6,15,181,Goalie
1866,1,65,Caleb Hayden,QCC,G,11,11,5,5,12,12,12,8,11,12,5,8,11,15,15,15,10,15,175,Goalie
1867,1,65,Dexter Harrison,NBB,G,10,13,5,12,15,9,8,8,9,10,6,8,9,15,15,15,6,15,168,Goalie
1868,1,65,Mr Lightning,CAR,G,9,9,9,9,12,11,11,8,10,9,9,8,12,15,15,15,12,15,155,Goalie
1872,1,65,Jackson Cannon,REG,G,11,11,8,8,14,11,11,5,11,14,5,8,9,15,15,15,11,15,204,Goalie
1873,1,65,Adam Prpich,COL,G,11,11,7,8,11,12,12,7,10,10,7,8,11,15,15,15,11,15,160,Goalie
68,1,66,Tyler Cannon,QCC,G,10,10,8,10,10,10,10,8,9,9,14,8,10,15,15,15,10,15,155,Goalie
332,1,66,Shawn Lonkert,CAR,G,10,10,11,5,10,10,11,11,10,10,10,8,9,15,15,15,12,15,155,Goalie
467,1,66,Tyler Avery,DET,G,10,10,7,10,12,10,10,10,10,10,10,8,10,15,15,15,12,15,160,Goalie
509,1,66,Keisuke Suzuki,VAN,G,12,13,9,9,11,10,11,11,10,15,12,8,11,15,15,15,11,15,256,Goalie
523,1,66,Nashy Goodboi,YUM,G,12,12,7,7,12,11,12,7,12,12,7,8,11,15,15,15,11,15,200,Goalie
625,1,66,Kevin Newman,QCC,G,11,11,9,10,11,11,11,5,11,11,8,8,9,15,15,15,11,15,155,Goalie
627,1,66,Tim Allen Jr.,NL,G,9,9,8,8,13,12,13,8,10,13,9,8,12,15,15,15,8,15,189,Goalie
660,1,66,Liam Bell,MET,G,11,11,11,11,11,11,11,11,11,5,5,8,5,15,15,15,10,15,155,Goalie
697,1,66,Brady Trussler,ANC,G,11,12,5,5,17,7,5,5,5,6,5,8,5,15,15,15,5,15,155,Goalie
731,1,66,Jack Lewis,STL,G,11,11,10,9,12,11,12,11,12,12,7,8,8,15,15,15,11,15,199,Goalie
756,1,66,Jesse Hellanude,STL,G,5,5,5,5,18,5,5,5,5,5,5,8,6,15,15,16,7,15,155,Goalie
772,1,66,Loic Therien,KEL,G,8,8,8,8,5,8,10,5,5,15,5,8,5,15,15,15,15,15,155,Goalie
786,1,66,Roddy Ross,STL,G,10,15,5,5,10,10,10,6,8,10,10,8,10,15,15,15,10,15,155,Goalie
876,1,66,ANC EBUG,ANC,G,15,12,7,7,12,12,12,7,12,12,7,8,11,15,15,15,11,15,246,Goalie
955,1,66,CAR EBUG,CAR,G,12,12,7,7,12,11,12,7,12,12,7,8,11,15,15,15,11,15,200,Goalie
956,1,66,Mertin Broduer,VAN,G,12,12,8,8,12,10,10,10,12,12,8,8,9,15,15,15,9,15,177,Goalie
958,1,66,Walrus Walrus,MET,G,11,11,5,5,12,11,11,11,11,11,6,8,7,15,15,15,11,15,155,Goalie
1050,1,66,Monster The Doctor,COL,G,11,12,10,11,11,11,11,11,13,12,7,8,10,15,15,15,11,15,216,Goalie
1061,1,66,Skree McSkreeface,DET,G,12,12,7,7,12,11,12,7,12,12,7,8,11,15,15,15,11,15,200,Goalie
1069,1,66,Smoky TheBear,GFG,G,12,12,7,7,12,11,12,7,12,12,7,8,11,15,15,15,11,15,200,Goalie
1081,1,66,Roddy Ross,CAR,G,10,15,5,5,10,10,10,6,8,10,10,8,10,15,15,15,10,15,155,Goalie
1095,1,66,Nina Tucker,NL,G,13,13,5,10,14,14,14,8,13,14,9,8,9,15,15,15,11,15,327,Goalie
1121,1,66,Justin Time,QCC,G,14,14,7,11,15,13,14,10,14,14,10,8,12,15,15,15,13,15,425,Goalie
1142,1,66,Cal St. Karsikz,VAN,G,12,12,7,7,12,11,12,7,12,12,7,8,11,15,15,15,11,15,200,Goalie
1156,1,66,August Von Hecht,ANC,G,12,13,5,10,15,11,13,5,11,13,9,8,11,15,15,15,12,15,271,Goalie
1163,1,66,Adam Rage,MET,G,13,14,10,11,15,13,13,10,14,14,12,8,12,15,15,15,12,15,409,Goalie
1186,1,66,Scottey Crawfling,MET,G,12,12,7,7,12,11,12,7,12,12,7,8,11,15,15,15,11,15,200,Goalie
1221,1,66,Ted Lindsay,ANC,G,10,11,10,5,11,10,10,10,10,10,10,8,12,15,15,15,10,15,155,Goalie
1235,1,66, Casey Fantobens,KEL,G,13,13,7,7,15,13,13,9,13,14,9,8,13,15,15,15,13,15,349,Goalie
1246,1,66,Unstopab Owl,QCC,G,12,12,7,7,12,11,12,7,12,12,7,8,11,15,15,15,11,15,200,Goalie
1254,1,66,Andrew Kiehl,GFG,G,10,15,8,10,9,6,7,7,10,8,6,8,12,15,15,15,11,15,155,Goalie
1300,1,66,Gumba Overdoo,REG,G,12,12,7,7,12,11,12,7,12,12,7,8,11,15,15,15,11,15,200,Goalie
1313,1,66,MUNK LUCK,NL,G,12,12,7,7,12,11,12,7,12,12,7,8,11,15,15,15,11,15,200,Goalie
1345,1,66,Isabella Bouchard,YUM,G,13,13,5,6,15,14,14,5,14,15,10,8,10,15,15,15,11,15,368,Goalie
1379,1,66,Anzelms Krastins,YUM,G,11,11,10,9,15,12,13,11,12,15,8,8,12,15,15,15,11,15,313,Goalie
1384,1,66,Skating Dino,QCC,G,13,13,6,10,13,13,13,7,13,13,10,8,10,15,15,15,10,15,271,Goalie
1386,1,66,Otter Von Bismarck,CAR,G,11,11,5,9,15,11,11,5,11,15,8,8,9,15,15,15,10,15,231,Goalie
1399,1,66,Lachlan Moon,MET,G,10,11,5,5,14,13,14,5,10,14,5,8,10,15,15,15,10,15,233,Goalie
1439,1,66,Val√©rian Sauveterre,NBB,G,11,11,11,11,14,11,11,11,11,12,11,7,11,15,15,15,11,15,247,Goalie
1464,1,66,Gray Rosey,VAN,G,10,10,5,10,11,10,10,10,10,12,11,8,10,15,15,15,10,15,155,Goalie
1468,1,66,BASE PACK,CAR,G,12,12,5,9,17,14,13,6,12,16,8,8,13,15,15,15,13,15,425,Goalie
1474,1,66,Toms Zile,DET,G,14,14,12,12,13,14,13,11,12,13,11,8,13,15,15,15,14,15,420,Goalie
1475,1,66,Joel Farfalle,DET,G,11,11,9,7,11,11,11,7,11,11,9,8,10,15,15,15,11,15,155,Goalie
1610,1,66,Inda Bagg,REG,G,13,13,5,5,15,14,13,5,13,14,5,8,13,15,15,15,14,15,363,Goalie
1615,1,66,Joshua CorcoranTwitch,STL,G,12,12,11,11,15,14,14,12,13,15,11,8,12,15,15,15,13,15,426,Goalie
1616,1,66,Keith Kakapo,KEL,G,11,11,8,7,12,11,12,8,11,12,11,8,11,15,15,15,12,15,202,Goalie
1625,1,66,Anthony Dionne,STL,G,14,13,7,11,14,13,13,10,13,14,8,8,12,15,15,15,12,15,350,Goalie
1667,1,66,Sir Devoir,MET,G,13,11,13,13,12,12,13,12,12,13,12,8,12,15,15,15,12,15,344,Goalie
1730,1,66,B Jobin,VAN,G,9,11,7,12,17,15,15,9,10,15,9,8,12,15,15,15,13,15,425,Goalie
1731,1,66,Shiny Shuckle,COL,G,14,14,9,9,15,14,13,8,14,15,9,8,10,15,15,15,14,15,424,Goalie
1780,1,66,Swiss Cheese,COL,G,10,10,10,6,10,13,10,7,10,13,5,8,10,15,15,15,10,15,155,Goalie
1861,1,66,Alvin Towne,GFG,G,13,13,5,5,16,10,8,5,13,16,6,8,13,15,15,15,13,15,350,Goalie
1862,1,66,Samuel Piccard,NL,G,11,11,5,7,12,11,12,7,11,11,9,8,10,15,15,15,9,15,155,Goalie
1866,1,66,Caleb Hayden,QCC,G,13,13,5,5,14,13,13,8,13,14,8,8,11,15,15,15,10,15,289,Goalie
1867,1,66,Dexter Harrison,NBB,G,10,13,5,12,15,10,10,10,10,10,6,8,9,15,15,15,10,15,202,Goalie
1868,1,66,Mr Lightning,CAR,G,9,9,9,9,12,11,11,8,10,9,9,8,12,15,15,15,12,15,155,Goalie
1872,1,66,Jackson Cannon,REG,G,11,11,8,8,15,11,11,5,12,15,5,8,10,15,15,15,11,15,247,Goalie
1873,1,66,Adam Prpich,CAR,G,12,12,6,8,15,13,13,6,13,13,6,8,11,15,15,15,11,15,277,Goalie
1991,1,66,Mr Lightning,YUM,G,9,9,9,9,12,11,11,8,10,9,9,8,12,15,15,15,12,15,155,Goalie
