id,name,position,league,team,season,gamesPlayed,minutes,wins,losses,ot,shotsAgainst,saves,goalsAgainst,gaa,shutouts,savePct,gameRating,pos,pos_broad
1,Sergei Potvinov,G,1,ANC,53,32,1833,20,9,1,756,694,62,2.03,4,0.918,68,Goalie,Goalie
3,Peter Ramsey,G,1,CAR,53,4,190,1,2,0,123,111,12,3.79,0,0.902,62,Goalie,Goalie
34,Cillian Kavanagh,G,1,KEL,53,44,2568,27,14,3,1110,1006,104,2.43,5,0.906,66,Goalie,Goalie
67,"Olli Saarinen, Jr.",G,1,MET,53,27,1582,8,16,2,924,844,80,3.03,0,0.913,70,Goalie,Goalie
165,Separa Borro,G,1,ANA,53,32,1896,18,11,3,899,810,89,2.82,2,0.901,66,Goalie,Goalie
167,Strom Chamberlain,G,1,ANA,53,19,1126,9,9,0,565,513,52,2.77,1,0.908,68,Goalie,Goalie
199,Jerry Huuveri,G,1,COL,53,20,1150,9,9,1,642,584,58,3.02,2,0.910,71,Goalie,Goalie
229,Samat Beibitzhanov,G,1,COL,53,32,1866,11,18,2,940,855,85,2.73,2,0.910,67,Goalie,Goalie
231,A Jobin,G,1,DET,53,33,1994,26,5,2,648,584,64,1.92,3,0.901,63,Goalie,Goalie
265,Elizabeth Doyle,G,1,STL,53,38,2295,21,15,2,1055,954,101,2.64,2,0.904,67,Goalie,Goalie
299,Frans Eller,G,1,CAR,53,40,2298,16,21,3,1406,1293,113,2.95,2,0.920,74,Goalie,Goalie
333,Brayden Ennis,G,1,KEL,53,9,447,4,2,0,191,172,19,2.55,0,0.901,61,Goalie,Goalie
351,Rob Blake,G,1,VAN,53,6,358,4,2,0,176,160,16,2.68,1,0.909,68,Goalie,Goalie
363,Richard Majors,G,1,STL,53,13,737,6,5,1,384,344,40,3.26,0,0.896,63,Goalie,Goalie
365,Cale Amundsen,G,1,NL,53,43,2556,21,17,4,1415,1301,114,2.68,5,0.919,74,Goalie,Goalie
398,Scoochie Stratton,G,1,ANC,53,20,1192,9,9,2,443,385,58,2.92,3,0.869,56,Goalie,Goalie
399,Leo Bloomfield,G,1,MET,53,24,1441,9,14,1,835,763,72,3.00,0,0.914,71,Goalie,Goalie
400,Name Redacted,G,1,VAN,53,44,2638,13,28,3,1492,1363,129,2.93,3,0.914,72,Goalie,Goalie
429,Matvei Stevlaco,G,1,NL,53,12,470,2,5,1,285,266,19,2.42,0,0.933,69,Goalie,Goalie
430,Thor Odinson,G,1,DET,53,17,1019,15,2,0,343,318,25,1.47,4,0.927,69,Goalie,Goalie
432,Abroop Dhami,G,1,ANA,53,1,6,0,0,0,3,3,0,0.00,0,1.000,51,Goalie,Goalie
1,Sergei Potvinov,G,1,ANC,54,26,1393,8,12,2,701,632,69,2.97,0,0.902,62,Goalie,Goalie
3,Peter Ramsey,G,1,KEL,54,11,664,10,0,1,258,243,15,1.35,2,0.942,74,Goalie,Goalie
34,Cillian Kavanagh,G,1,KEL,54,39,2359,22,11,6,983,899,84,2.14,6,0.915,69,Goalie,Goalie
69,Junior Guarda,G,1,NL,54,11,578,6,3,0,252,227,25,2.59,1,0.901,63,Goalie,Goalie
165,Separa Borro,G,1,ANA,54,22,1064,8,6,3,577,520,57,3.21,1,0.901,62,Goalie,Goalie
167,Strom Chamberlain,G,1,ANA,54,34,1909,19,13,0,944,852,92,2.89,4,0.903,67,Goalie,Goalie
199,Jerry Huuveri,G,1,COL,54,21,1250,9,10,1,570,514,56,2.69,1,0.902,65,Goalie,Goalie
202,Nicolae Antonescu,G,1,STL,54,29,1663,16,11,1,842,761,81,2.92,2,0.904,66,Goalie,Goalie
229,Samat Beibitzhanov,G,1,COL,54,30,1795,15,11,4,753,685,68,2.27,2,0.910,66,Goalie,Goalie
231,A Jobin,G,1,DET,54,35,2093,17,15,2,1100,1008,92,2.64,2,0.916,73,Goalie,Goalie
234,Blunt Man,G,1,CAR,54,8,433,4,3,0,178,155,23,3.19,1,0.871,54,Goalie,Goalie
299,Frans Eller,G,1,CAR,54,44,2592,28,10,5,1149,1044,105,2.43,3,0.909,67,Goalie,Goalie
300,Ryan Anthony,G,1,VAN,54,11,449,0,5,0,310,276,34,4.54,0,0.890,59,Goalie,Goalie
363,Richard Majors,G,1,STL,54,24,1355,10,12,0,644,580,64,2.83,1,0.901,63,Goalie,Goalie
365,Cale Amundsen,G,1,NL,54,41,2446,28,10,3,1060,966,94,2.31,5,0.911,69,Goalie,Goalie
398,Scoochie Stratton,G,1,ANC,54,30,1632,14,11,3,838,760,78,2.87,2,0.907,66,Goalie,Goalie
399,Leo Bloomfield,G,1,MET,54,39,2312,14,24,0,1510,1379,131,3.40,1,0.913,74,Goalie,Goalie
400,Name Redacted,G,1,VAN,54,45,2385,10,31,2,1503,1371,132,3.32,4,0.912,70,Goalie,Goalie
430,Thor Odinson,G,1,DET,54,17,905,5,10,1,469,431,38,2.52,1,0.919,70,Goalie,Goalie
432,Abroop Dhami,G,1,ANA,54,1,60,0,1,0,24,23,1,1.00,0,0.958,74,Goalie,Goalie
509,Keisuke Suzuki,G,1,MET,54,14,697,6,6,0,427,388,39,3.36,1,0.909,66,Goalie,Goalie
1,Sergei Potvinov,G,1,VAN,55,12,542,3,4,1,298,273,25,2.77,1,0.916,65,Goalie,Goalie
3,Peter Ramsey,G,1,KEL,55,42,2544,28,10,4,1040,935,105,2.48,8,0.899,64,Goalie,Goalie
69,Junior Guarda,G,1,NL,55,11,602,9,1,1,210,190,20,1.99,0,0.905,60,Goalie,Goalie
99,Phillip Weaver,G,1,NBB,55,38,2019,8,28,2,1418,1279,139,4.13,1,0.902,67,Goalie,Goalie
165,Separa Borro,G,1,ANA,55,39,2273,19,15,3,1256,1159,97,2.56,2,0.923,74,Goalie,Goalie
198,Damien Vertigo,G,1,KEL,55,7,368,5,1,0,141,123,18,2.93,1,0.872,55,Goalie,Goalie
199,Jerry Huuveri,G,1,COL,55,43,2552,21,17,5,1035,919,116,2.73,0,0.888,61,Goalie,Goalie
201,Mat Smith,G,1,QCC,55,23,1273,6,13,0,873,790,83,3.91,0,0.905,68,Goalie,Goalie
202,Nicolae Antonescu,G,1,STL,55,45,2626,16,25,3,1331,1190,141,3.22,1,0.894,62,Goalie,Goalie
233,Chimkin Tendy,G,1,ANC,55,10,571,5,4,0,245,223,22,2.31,1,0.910,67,Goalie,Goalie
234,Blunt Man,G,1,CAR,55,37,2232,26,10,1,923,849,74,1.99,6,0.920,71,Goalie,Goalie
263,Marcel Laflamme,G,1,COL,55,9,479,6,1,0,185,169,16,2.00,0,0.914,64,Goalie,Goalie
266,C.K. Supernaw,G,1,NBB,55,13,742,2,8,2,525,480,45,3.64,0,0.914,74,Goalie,Goalie
333,Brayden Ennis,G,1,KEL,55,2,120,0,2,0,76,67,9,4.50,0,0.882,68,Goalie,Goalie
363,Richard Majors,G,1,STL,55,8,383,2,3,1,180,160,20,3.13,1,0.889,60,Goalie,Goalie
365,Cale Amundsen,G,1,NL,55,40,2419,26,8,5,1006,923,83,2.06,6,0.917,69,Goalie,Goalie
398,Scoochie Stratton,G,1,ANC,55,41,2445,30,8,3,992,926,66,1.62,9,0.933,75,Goalie,Goalie
399,Leo Bloomfield,G,1,MET,55,39,2278,18,17,3,1107,999,108,2.84,2,0.902,67,Goalie,Goalie
400,Name Redacted,G,1,VAN,55,42,2494,21,19,2,1317,1210,107,2.57,4,0.919,74,Goalie,Goalie
430,Thor Odinson,G,1,DET,55,40,2321,10,26,2,1366,1232,134,3.46,2,0.902,70,Goalie,Goalie
509,Keisuke Suzuki,G,1,MET,55,13,731,7,5,0,334,295,39,3.20,1,0.883,57,Goalie,Goalie
575,Valtteri Aalto,G,1,DET,55,14,701,5,5,2,342,304,38,3.25,1,0.889,60,Goalie,Goalie
580,Ragnar-Alexandre Ragnarss,G,1,CAR,55,13,785,11,2,0,299,273,26,1.99,1,0.913,70,Goalie,Goalie
585,Edward Teach,G,1,ANA,55,14,754,5,6,2,360,317,43,3.42,0,0.881,58,Goalie,Goalie
616,David Danielson,G,1,QCC,55,33,1732,11,19,1,1134,1021,113,3.91,0,0.900,65,Goalie,Goalie
3,Peter Ramsey,G,1,KEL,56,37,2190,12,24,1,1268,1153,115,3.15,4,0.909,72,Goalie,Goalie
99,Phillip Weaver,G,1,NBB,56,25,1509,13,10,2,839,764,75,2.98,1,0.911,70,Goalie,Goalie
166,Yanno Rosejac,G,1,COL,56,37,2218,18,17,2,1029,923,106,2.87,3,0.897,63,Goalie,Goalie
168,Bigga Foryu,G,1,MET,56,11,667,6,5,0,291,254,37,3.32,1,0.873,53,Goalie,Goalie
198,Damien Vertigo,G,1,KEL,56,14,827,5,5,3,379,343,36,2.61,0,0.905,64,Goalie,Goalie
200,Hugo Gronroos,G,1,NL,56,11,605,3,3,2,304,267,37,3.66,1,0.878,57,Goalie,Goalie
201,Mat Smith,G,1,QCC,56,37,2174,14,20,3,1174,1069,105,2.90,5,0.911,71,Goalie,Goalie
202,Nicolae Antonescu,G,1,STL,56,44,2550,16,25,3,1589,1446,143,3.36,2,0.910,72,Goalie,Goalie
232,Jon St. Ark,G,1,VAN,56,24,1403,19,4,0,541,503,38,1.62,3,0.930,73,Goalie,Goalie
233,Chimkin Tendy,G,1,ANC,56,26,1413,12,8,3,570,509,61,2.59,2,0.893,60,Goalie,Goalie
234,Blunt Man,G,1,CAR,56,34,1978,20,12,1,969,875,94,2.85,2,0.903,67,Goalie,Goalie
266,C.K. Supernaw,G,1,NBB,56,25,1512,15,8,2,786,721,65,2.58,1,0.917,73,Goalie,Goalie
297,Vincent Mietitore,G,1,ANA,56,36,2146,19,13,3,1099,989,110,3.08,0,0.900,68,Goalie,Goalie
363,Richard Majors,G,1,STL,56,10,459,2,4,0,213,188,25,3.27,0,0.883,53,Goalie,Goalie
365,Cale Amundsen,G,1,NL,56,42,2424,25,14,3,1153,1054,99,2.45,7,0.914,70,Goalie,Goalie
398,Scoochie Stratton,G,1,ANC,56,27,1605,17,9,1,683,610,73,2.73,5,0.893,62,Goalie,Goalie
399,Leo Bloomfield,G,1,MET,56,39,2383,17,16,6,1198,1083,115,2.90,2,0.904,68,Goalie,Goalie
400,Name Redacted,G,1,VAN,56,27,1603,20,7,0,648,588,60,2.25,2,0.907,67,Goalie,Goalie
430,Thor Odinson,G,1,DET,56,44,2602,10,31,3,1721,1552,169,3.90,2,0.902,70,Goalie,Goalie
467,Tyler Avery,G,1,DET,56,5,279,2,2,0,177,165,12,2.57,0,0.932,78,Goalie,Goalie
509,Keisuke Suzuki,G,1,ANA,56,15,902,8,5,2,474,431,43,2.86,1,0.909,68,Goalie,Goalie
516,Kit Kirkstone,G,1,COL,56,2,68,0,1,0,30,23,7,6.18,0,0.767,33,Goalie,Goalie
580,Ragnar-Alexandre Ragnarsson-Tremblay,G,1,CAR,56,17,1031,11,5,1,520,475,45,2.62,1,0.913,69,Goalie,Goalie
605,Tyler Ward,G,1,QCC,56,15,842,9,3,1,417,385,32,2.28,2,0.923,71,Goalie,Goalie
3,Peter Ramsey,G,1,KEL,57,34,1939,20,9,4,925,855,70,2.17,4,0.924,72,Goalie,Goalie
99,Phillip Weaver,G,1,NBB,57,49,2918,22,21,5,1480,1349,131,2.69,6,0.911,69,Goalie,Goalie
135,Ethan Smith,G,1,MET,57,11,649,8,2,0,338,313,25,2.31,0,0.926,73,Goalie,Goalie
166,Yanno Rosejac,G,1,COL,57,58,3463,30,22,6,1680,1514,166,2.88,3,0.901,66,Goalie,Goalie
168,Bigga Foryu,G,1,MET,57,56,3361,29,22,5,1811,1671,140,2.50,3,0.923,75,Goalie,Goalie
198,Damien Vertigo,G,1,KEL,57,35,2051,17,16,0,1059,971,88,2.57,4,0.917,71,Goalie,Goalie
200,Hugo Gronroos,G,1,NL,57,51,3025,19,26,5,1583,1423,160,3.17,1,0.899,66,Goalie,Goalie
201,Mat Smith,G,1,QCC,57,41,2371,31,5,5,1178,1084,94,2.38,6,0.920,72,Goalie,Goalie
202,Nicolae Antonescu,G,1,STL,57,52,3164,19,28,5,1653,1488,165,3.13,3,0.900,67,Goalie,Goalie
232,Jon St. Ark,G,1,VAN,57,60,3556,29,24,5,1884,1700,184,3.10,4,0.902,68,Goalie,Goalie
233,Chimkin Tendy,G,1,ANC,57,53,3154,33,12,7,1329,1223,106,2.02,8,0.920,71,Goalie,Goalie
234,Blunt Man,G,1,CAR,57,44,2642,18,20,5,1666,1530,136,3.09,2,0.918,77,Goalie,Goalie
263,Marcel Laflamme,G,1,ANA,57,7,340,2,2,1,206,186,20,3.52,0,0.903,64,Goalie,Goalie
266,C.K. Supernaw,G,1,NBB,57,18,1094,8,8,2,620,566,54,2.96,3,0.913,69,Goalie,Goalie
297,Vincent Mietitore,G,1,ANA,57,44,2615,24,16,3,1297,1181,116,2.66,1,0.911,70,Goalie,Goalie
467,Tyler Avery,G,1,DET,57,10,550,3,5,1,343,307,36,3.92,0,0.895,61,Goalie,Goalie
516,Kit Kirkstone,G,1,STL,57,15,845,6,8,0,453,416,37,2.63,0,0.918,72,Goalie,Goalie
575,Valtteri Aalto,G,1,DET,57,57,3452,30,21,6,1824,1667,157,2.73,6,0.914,73,Goalie,Goalie
580,Ragnar-Alexandre Ragnarss,G,1,CAR,57,24,1349,8,12,3,812,738,74,3.29,1,0.909,69,Goalie,Goalie
605,Tyler Ward,G,1,QCC,57,28,1635,18,3,4,689,623,66,2.42,3,0.904,67,Goalie,Goalie
617,Tyrone Banks,G,1,COL,57,10,538,3,5,0,252,224,28,3.12,0,0.889,56,Goalie,Goalie
627,Tim Allen Jr.,G,1,NL,57,18,953,3,13,0,526,459,67,4.22,0,0.873,57,Goalie,Goalie
731,Jack Lewis,G,1,ANA,57,20,1028,6,10,2,517,457,60,3.50,1,0.884,58,Goalie,Goalie
771,Ethan Bravo,G,1,ANC,57,16,844,9,4,1,333,300,33,2.35,0,0.901,61,Goalie,Goalie
956,Mertin Broduer,G,1,VAN,57,9,460,1,6,1,252,222,30,3.91,1,0.881,58,Goalie,Goalie
2,IStawp Puques,G,1,ANA,58,23,1032,5,12,0,670,596,74,4.30,0,0.890,57,Goalie,Goalie
68,Tyler Cannon,G,1,QCC,58,2,59,0,0,1,23,23,0,0.00,0,1.000,63,Goalie,Goalie
166,Yanno Rosejac,G,1,COL,58,58,3473,27,26,5,1898,1744,154,2.66,5,0.919,73,Goalie,Goalie
168,Bigga Foryu,G,1,MET,58,55,3030,13,34,2,2001,1821,180,3.56,1,0.910,69,Goalie,Goalie
198,Damien Vertigo,G,1,KEL,58,48,2911,40,6,2,1186,1095,91,1.88,11,0.923,72,Goalie,Goalie
200,Hugo Gronroos,G,1,NL,58,46,2733,27,15,3,1012,912,100,2.20,6,0.901,64,Goalie,Goalie
201,Mat Smith,G,1,QCC,58,34,2049,23,7,3,818,751,67,1.96,6,0.918,70,Goalie,Goalie
232,Jon St. Ark,G,1,VAN,58,60,3529,24,30,4,1717,1563,154,2.62,7,0.910,69,Goalie,Goalie
233,Chimkin Tendy,G,1,ANC,58,51,2982,27,22,2,1444,1339,105,2.11,8,0.927,72,Goalie,Goalie
263,Marcel Laflamme,G,1,ANA,58,2,53,0,0,0,40,36,4,4.50,0,0.900,56,Goalie,Goalie
266,C.K. Supernaw,G,1,NBB,58,59,3500,28,27,3,1685,1534,151,2.59,6,0.910,70,Goalie,Goalie
297,Vincent Mietitore,G,1,ANA,58,49,2895,16,29,4,1790,1638,152,3.15,4,0.915,74,Goalie,Goalie
509,Keisuke Suzuki,G,1,VAN,58,10,448,4,3,1,211,190,21,2.81,0,0.900,64,Goalie,Goalie
516,Kit Kirkstone,G,1,STL,58,39,2083,14,20,1,1199,1073,126,3.63,2,0.895,63,Goalie,Goalie
540,Kojo Murata,G,1,ANC,58,17,988,9,5,1,399,364,35,2.12,1,0.912,65,Goalie,Goalie
575,Valtteri Aalto,G,1,DET,58,57,3383,34,20,3,1498,1360,138,2.45,6,0.908,67,Goalie,Goalie
580,Ragnar-Alexandre Ragnarsson-Tremblay,G,1,CAR,58,59,3465,23,34,1,2050,1861,189,3.27,4,0.908,71,Goalie,Goalie
605,Tyler Ward,G,1,QCC,58,33,1891,23,7,2,709,636,73,2.32,2,0.897,64,Goalie,Goalie
617,Tyrone Banks,G,1,COL,58,11,523,7,1,0,231,210,21,2.41,0,0.909,63,Goalie,Goalie
685,Osada Tamura,G,1,NBB,58,8,471,7,1,0,168,149,19,2.42,2,0.887,60,Goalie,Goalie
757,Podan Podanovic,G,1,DET,58,10,604,6,1,2,280,255,25,2.48,2,0.911,69,Goalie,Goalie
795,Benjamin Blue-II,G,1,KEL,58,18,1088,13,4,1,453,410,43,2.37,2,0.905,66,Goalie,Goalie
827,Evgeni Petrov,G,1,NL,58,21,1256,14,6,1,424,379,45,2.15,5,0.894,62,Goalie,Goalie
871,Bloody Oath,G,1,MET,58,23,957,4,12,1,664,602,62,3.89,1,0.907,63,Goalie,Goalie
881,Iorek Byrnison,G,1,STL,58,35,1832,4,20,6,1074,951,123,4.03,1,0.885,59,Goalie,Goalie
1081,Roddy Ross,G,1,CAR,58,10,506,3,5,0,290,255,35,4.14,0,0.879,57,Goalie,Goalie
36,Ivan Browning ,G,1,VAN,59,3,83,0,0,0,66,61,5,3.60,0,0.924,66,Goalie,Goalie
66,Zhen Roza,G,1,ANA,59,24,1293,12,10,0,731,656,75,3.48,1,0.897,63,Goalie,Goalie
132,Corey McFarland,G,1,KEL,59,8,427,4,3,0,149,128,21,2.95,0,0.859,49,Goalie,Goalie
166,Yanno Rosejac,G,1,COL,59,57,3322,30,20,6,1771,1619,152,2.74,4,0.914,71,Goalie,Goalie
168,Bigga Foryu,G,1,MET,59,36,2048,13,18,2,1268,1159,109,3.19,3,0.914,73,Goalie,Goalie
200,Hugo Gronroos,G,1,NL,59,47,2750,29,12,5,1083,982,101,2.20,5,0.907,64,Goalie,Goalie
232,Jon St. Ark,G,1,VAN,59,35,2071,13,19,3,1178,1069,109,3.16,1,0.907,70,Goalie,Goalie
263,Marcel Laflamme,G,1,ANA,59,4,67,0,0,0,49,46,3,2.65,0,0.939,59,Goalie,Goalie
266,C.K. Supernaw,G,1,NBB,59,41,2307,12,24,4,1517,1381,136,3.54,2,0.910,69,Goalie,Goalie
297,Vincent Mietitore,G,1,ANA,59,44,2629,18,20,6,1522,1403,119,2.72,4,0.922,78,Goalie,Goalie
575,Valtteri Aalto,G,1,KEL,59,18,1088,13,4,1,433,394,39,2.15,5,0.910,66,Goalie,Goalie
580,Ragnar-Alexandre Ragnarsson-Tremblay,G,1,CAR,59,45,2663,23,18,3,1559,1416,143,3.22,0,0.908,71,Goalie,Goalie
605,Tyler Ward,G,1,QCC,59,46,2743,23,23,0,1448,1317,131,2.87,4,0.910,73,Goalie,Goalie
625,Kevin Newman,G,1,QCC,59,1,51,0,0,0,38,36,2,2.32,0,0.947,82,Goalie,Goalie
672,Guy Fieri,G,1,ANC,59,50,2963,31,15,3,1273,1148,125,2.53,2,0.902,65,Goalie,Goalie
685,Osada Tamura,G,1,CAR,59,23,1327,9,12,1,686,618,68,3.07,1,0.901,64,Goalie,Goalie
731,Jack Lewis,G,1,STL,59,16,715,4,7,1,405,360,45,3.77,1,0.889,59,Goalie,Goalie
757,Podan Podanovic,G,1,DET,59,57,3454,34,18,5,1603,1457,146,2.54,2,0.909,69,Goalie,Goalie
795,Benjamin Blue-II,G,1,KEL,59,42,2476,32,6,3,884,787,97,2.35,2,0.890,59,Goalie,Goalie
811,Senji Seteki,G,1,COL,59,14,715,5,3,2,351,318,33,2.77,1,0.906,64,Goalie,Goalie
814,Willie Macdougal,G,1,ANC,59,13,724,9,1,2,316,287,29,2.40,0,0.908,65,Goalie,Goalie
827,Evgeni Petrov,G,1,NL,59,22,1235,12,6,2,450,403,47,2.28,3,0.896,61,Goalie,Goalie
871,Bloody Oath,G,1,MET,59,34,1950,14,18,1,1167,1068,99,3.05,1,0.915,74,Goalie,Goalie
881,Iorek Byrnison,G,1,STL,59,57,3269,16,33,5,2056,1864,192,3.52,4,0.907,71,Goalie,Goalie
897,Bean Gamble,G,1,ANC,59,5,300,5,0,0,83,73,10,2.00,1,0.880,58,Goalie,Goalie
1047,Willie Miller,G,1,NBB,59,16,957,3,12,1,608,540,68,4.26,0,0.888,63,Goalie,Goalie
1050,Monster The Doctor,G,1,DET,59,9,542,7,2,0,174,155,19,2.10,2,0.891,58,Goalie,Goalie
1179,Olof Karsikko,G,1,VAN,59,34,1833,12,16,3,1069,983,86,2.81,2,0.920,73,Goalie,Goalie
1180,Nor Dekes,G,1,QCC,59,21,1166,12,8,0,577,523,54,2.78,1,0.906,64,Goalie,Goalie
36,Ivan Browning ,G,1,VAN,60,10,546,8,0,0,194,174,20,2.20,0,0.897,58,Goalie,Goalie
66,Zhen Roza,G,1,ANA,60,57,3341,26,26,5,2012,1832,180,3.23,4,0.911,71,Goalie,Goalie
68,Tyler Cannon,G,1,QCC,60,12,648,5,4,2,308,274,34,3.14,0,0.890,59,Goalie,Goalie
132,Corey McFarland,G,1,KEL,60,6,302,1,3,1,171,150,21,4.17,0,0.877,55,Goalie,Goalie
166,Yanno Rosejac,G,1,ANC,60,14,844,8,5,1,431,396,35,2.49,0,0.919,71,Goalie,Goalie
631,Harley Fank,G,1,NBB,60,27,836,2,6,0,655,588,67,4.81,0,0.898,61,Goalie,Goalie
685,Osada Tamura,G,1,CAR,60,36,1971,20,12,1,1132,1029,103,3.13,5,0.909,69,Goalie,Goalie
731,Jack Lewis,G,1,STL,60,15,705,8,3,0,356,325,31,2.64,2,0.913,63,Goalie,Goalie
757,Podan Podanovic,G,1,DET,60,58,3520,27,27,4,2157,1992,165,2.81,5,0.924,77,Goalie,Goalie
771,Ethan Bravo,G,1,COL,60,35,2045,23,9,2,878,794,84,2.46,3,0.904,64,Goalie,Goalie
795,Benjamin Blue-II,G,1,KEL,60,48,2662,14,28,3,1921,1756,165,3.72,4,0.914,73,Goalie,Goalie
811,Senji Seteki,G,1,COL,60,58,3507,33,23,2,1779,1609,170,2.91,3,0.904,69,Goalie,Goalie
827,Evgeni Petrov,G,1,NL,60,44,2644,38,4,2,1000,914,86,1.95,3,0.914,68,Goalie,Goalie
871,Bloody Oath,G,1,MET,60,53,2956,16,31,4,2027,1854,173,3.51,1,0.915,75,Goalie,Goalie
881,Iorek Byrnison,G,1,STL,60,57,3292,20,27,8,1915,1734,181,3.30,4,0.905,68,Goalie,Goalie
897,Bean Gamble,G,1,ANC,60,26,1449,17,7,0,613,554,59,2.44,5,0.904,64,Goalie,Goalie
1047,Willie Miller,G,1,NBB,60,59,3123,9,47,2,2454,2196,258,4.96,3,0.895,68,Goalie,Goalie
1050,Monster The Doctor,G,1,DET,60,10,487,3,5,0,304,273,31,3.81,0,0.898,65,Goalie,Goalie
1062,Toejam Picker,G,1,ANC,60,2,120,2,0,0,33,30,3,1.50,0,0.909,64,Goalie,Goalie
1120,Jonas Johansson,G,1,NL,60,22,1275,17,3,1,449,407,42,1.98,2,0.906,64,Goalie,Goalie
1179,Olof Karsikko,G,1,VAN,60,58,3450,39,14,5,1596,1456,140,2.43,8,0.912,72,Goalie,Goalie
1180,Nor Dekes,G,1,QCC,60,56,3352,30,19,6,1824,1657,167,2.99,2,0.908,70,Goalie,Goalie
1277,Charlie Bombay,G,1,ANA,60,15,652,6,3,0,324,294,30,2.76,1,0.907,64,Goalie,Goalie
1278,Meeka Keprosoft,G,1,CAR,60,36,1997,16,14,3,1071,965,106,3.18,0,0.901,66,Goalie,Goalie
1279,Rusty Remao,G,1,MET,60,20,1017,4,11,0,742,669,73,4.30,0,0.902,68,Goalie,Goalie
1280,Jason Playstation,G,1,KEL,60,18,1009,3,12,1,771,698,73,4.34,0,0.905,71,Goalie,Goalie
66,Zhen Roza,G,1,COL,61,56,3363,40,12,4,1491,1357,134,2.39,4,0.910,69,Goalie,Goalie
132,Corey McFarland,G,1,KEL,61,18,998,6,8,1,512,461,51,3.07,1,0.900,65,Goalie,Goalie
264,Conner McLavish,G,1,REG,61,30,1669,6,18,4,1034,934,100,3.59,1,0.903,64,Goalie,Goalie
332,Shawn Lonkert,G,1,CAR,61,1,8,0,0,1,2,1,1,6.88,0,0.500,44,Goalie,Goalie
366,Vincent Catalano,G,1,STL,61,23,1287,10,8,3,738,684,54,2.52,1,0.927,75,Goalie,Goalie
631,Harley Fank,G,1,NBB,61,24,1041,4,9,0,789,712,77,4.44,0,0.902,63,Goalie,Goalie
660,Liam Bell,G,1,MET,61,3,52,0,0,0,33,29,4,4.55,0,0.879,51,Goalie,Goalie
685,Osada Tamura,G,1,CAR,61,32,1765,19,5,3,814,732,82,2.79,1,0.899,63,Goalie,Goalie
757,Podan Podanovic,G,1,DET,61,16,732,1,10,0,513,455,58,4.75,0,0.887,61,Goalie,Goalie
811,Senji Seteki,G,1,ANA,61,43,2329,9,26,5,1675,1513,162,4.17,0,0.903,72,Goalie,Goalie
827,Evgeni Petrov,G,1,NL,61,39,2258,22,13,3,1072,980,92,2.44,3,0.914,71,Goalie,Goalie
851,Hugh Jass,G,1,DET,61,57,3252,16,32,7,2141,1953,188,3.47,1,0.912,72,Goalie,Goalie
859,Rebecca Montagne,G,1,REG,61,43,2319,13,22,3,1591,1438,153,3.96,0,0.904,68,Goalie,Goalie
871,Bloody Oath,G,1,MET,61,50,2932,22,23,4,1702,1555,147,3.01,4,0.914,73,Goalie,Goalie
881,Iorek Byrnison,G,1,STL,61,46,2701,17,27,1,1660,1509,151,3.35,0,0.909,72,Goalie,Goalie
1047,Willie Miller,G,1,NBB,61,54,2940,17,33,3,1931,1741,190,3.88,3,0.902,67,Goalie,Goalie
1062,Toejam Picker,G,1,ANC,61,19,1081,7,7,3,487,435,52,2.89,0,0.893,63,Goalie,Goalie
1107,Olov Larsson,G,1,VAN,61,11,657,9,2,0,225,202,23,2.10,0,0.898,58,Goalie,Goalie
1108,Recently Tired,G,1,COL,61,11,625,8,2,0,197,167,30,2.88,2,0.848,52,Goalie,Goalie
1120,Jonas Johansson,G,1,NL,61,31,1728,23,4,1,619,559,60,2.08,4,0.903,63,Goalie,Goalie
1151,Dominik Tretyak,G,1,ANC,61,30,1781,22,7,1,674,615,59,1.99,5,0.912,66,Goalie,Goalie
1170,Jeremy Kendell,G,1,GFG,61,13,592,2,6,0,392,354,38,3.85,1,0.903,62,Goalie,Goalie
1179,Olof Karsikko,G,1,VAN,61,55,3307,42,10,3,1407,1284,123,2.23,8,0.913,68,Goalie,Goalie
1180,Nor Dekes,G,1,QCC,61,58,3501,41,14,3,1695,1539,156,2.67,6,0.908,69,Goalie,Goalie
1252,Brick Wall,G,1,GFG,61,58,3380,28,28,2,1852,1667,185,3.28,4,0.900,69,Goalie,Goalie
1278,Meeka Keprosoft,G,1,CAR,61,40,2197,23,15,0,1255,1146,109,2.98,2,0.913,69,Goalie,Goalie
1279,Rusty Remao,G,1,MET,61,18,1011,7,8,2,535,486,49,2.91,0,0.908,68,Goalie,Goalie
1379,Anzelms Krastins,G,1,ANA,61,31,1668,10,16,0,1144,1027,117,4.21,0,0.898,68,Goalie,Goalie
1382,Lord Skrolk,G,1,KEL,61,53,2982,28,21,2,1670,1524,146,2.94,2,0.913,71,Goalie,Goalie
1384,Skating Dino,G,1,QCC,61,9,495,3,3,2,215,191,24,2.91,0,0.888,56,Goalie,Goalie
132,Corey McFarland,G,1,KEL,62,19,1011,12,4,0,502,463,39,2.31,1,0.922,70,Goalie,Goalie
267,Julius Parker,G,1,REG,62,20,730,2,7,0,462,414,48,3.94,0,0.896,59,Goalie,Goalie
366,Vincent Catalano,G,1,STL,62,54,2987,14,36,3,2196,2006,190,3.82,1,0.913,73,Goalie,Goalie
685,Osada Tamura,G,1,CAR,62,57,3256,35,16,5,1551,1405,146,2.69,7,0.906,66,Goalie,Goalie
757,Podan Podanovic,G,1,DET,62,22,775,1,9,0,615,549,66,5.10,0,0.893,60,Goalie,Goalie
814,Willie Macdougal,G,1,NBB,62,9,442,5,1,2,184,164,20,2.71,0,0.891,57,Goalie,Goalie
859,Rebecca Montagne,G,1,REG,62,59,3234,17,39,1,2077,1867,210,3.90,0,0.899,68,Goalie,Goalie
871,Bloody Oath,G,1,MET,62,45,2624,25,16,4,1400,1267,133,3.04,2,0.905,70,Goalie,Goalie
990,Evert Jansson,G,1,DET,62,58,3196,4,46,6,2556,2322,234,4.39,0,0.908,73,Goalie,Goalie
1001,Marsels Antilope,G,1,NL,62,1,58,0,1,0,25,20,5,5.10,0,0.800,38,Goalie,Goalie
1015,Steffe Stenfors,G,1,VAN,62,15,698,8,4,0,274,237,37,3.18,1,0.865,54,Goalie,Goalie
1047,Willie Miller,G,1,NBB,62,59,3543,31,25,2,1873,1723,150,2.54,6,0.920,74,Goalie,Goalie
1107,Olov Larsson,G,1,VAN,62,47,2755,30,11,4,1191,1069,122,2.66,1,0.898,62,Goalie,Goalie
1108,Recently Tired,G,1,COL,62,49,2894,24,17,8,1507,1353,154,3.19,1,0.898,65,Goalie,Goalie
1120,Jonas Johansson,G,1,NL,62,49,2934,33,11,5,1181,1084,97,1.98,8,0.918,69,Goalie,Goalie
1151,Dominik Tretyak,G,1,ANC,62,57,3452,40,13,4,1636,1496,140,2.43,4,0.914,70,Goalie,Goalie
1158,Enes Gundogan,G,1,VAN,62,9,539,8,1,0,177,160,17,1.89,3,0.904,66,Goalie,Goalie
1180,Nor Dekes,G,1,QCC,62,56,3361,27,25,4,1872,1700,172,3.07,3,0.908,69,Goalie,Goalie
1186,Scottey Crawfling,G,1,MET,62,1,24,0,0,0,20,19,1,2.45,0,0.950,73,Goalie,Goalie
1194,Hank Stopper,G,1,GFG,62,9,539,8,1,0,213,197,16,1.78,2,0.925,70,Goalie,Goalie
1220,Bobby Beans,G,1,STL,62,23,998,4,9,0,839,762,77,4.63,0,0.908,70,Goalie,Goalie
1221,Ted Lindsay,G,1,ANC,62,10,541,6,3,0,225,200,25,2.77,1,0.889,59,Goalie,Goalie
1252,Brick Wall,G,1,GFG,62,51,3061,27,24,0,1570,1428,142,2.78,5,0.910,70,Goalie,Goalie
1278,Meeka Keprosoft,G,1,CAR,62,17,728,6,4,0,375,339,36,2.97,1,0.904,64,Goalie,Goalie
1279,Rusty Remao,G,1,MET,62,25,1346,14,5,2,710,656,54,2.41,0,0.924,71,Goalie,Goalie
1373,Mrs. McSaves,G,1,ANA,62,14,772,4,9,0,443,397,46,3.57,1,0.896,64,Goalie,Goalie
1379,Anzelms Krastins,G,1,ANA,62,55,3201,17,33,3,1949,1757,192,3.60,2,0.901,69,Goalie,Goalie
1382,Lord Skrolk,G,1,KEL,62,52,2984,28,17,5,1468,1328,140,2.81,4,0.905,65,Goalie,Goalie
1384,Skating Dino,G,1,QCC,62,11,633,6,3,1,360,333,27,2.56,1,0.925,74,Goalie,Goalie
1467,Kevin Newman,G,1,NL,62,17,996,11,4,1,344,318,26,1.56,4,0.924,69,Goalie,Goalie
1497,Tim Thomas,G,1,COL,62,15,858,10,4,0,402,367,35,2.45,0,0.913,67,Goalie,Goalie
132,Corey McFarland,G,1,KEL,63,12,731,6,3,3,352,317,35,2.87,1,0.901,66,Goalie,Goalie
264,Conner McLavish,G,1,ANA,63,9,483,3,4,1,284,261,23,2.85,0,0.919,69,Goalie,Goalie
685,Osada Tamura,G,1,CAR,63,62,3514,37,22,1,1800,1625,175,2.99,2,0.903,65,Goalie,Goalie
859,Rebecca Montagne,G,1,REG,63,53,2971,25,24,3,1547,1394,153,3.09,4,0.901,67,Goalie,Goalie
990,Evert Jansson,G,1,DET,63,45,2638,14,27,3,1775,1614,161,3.66,2,0.909,71,Goalie,Goalie
1015,Steffe Stenfors,G,1,VAN,63,54,3034,8,41,0,2102,1903,199,3.93,2,0.905,70,Goalie,Goalie
1041,Dustin Alexander,G,1,STL,63,23,843,3,6,1,690,617,73,5.19,0,0.894,58,Goalie,Goalie
1047,Willie Miller,G,1,NBB,63,51,2879,27,20,1,1686,1546,140,2.92,1,0.917,73,Goalie,Goalie
1095,Nina Tucker,G,1,NL,63,17,990,16,0,1,301,281,20,1.21,5,0.934,71,Goalie,Goalie
1107,Olov Larsson,G,1,VAN,63,24,922,5,12,0,589,524,65,4.23,1,0.890,58,Goalie,Goalie
1108,Recently Tired,G,1,COL,63,58,3225,31,22,4,1783,1607,176,3.27,0,0.901,67,Goalie,Goalie
1120,Jonas Johansson,G,1,NL,63,50,2986,42,6,1,936,848,88,1.77,14,0.906,66,Goalie,Goalie
1121,Justin Time,G,1,QCC,63,54,3097,23,28,3,1902,1729,173,3.35,1,0.909,72,Goalie,Goalie
1158,Enes Gundogan,G,1,ANA,63,59,3489,31,26,1,1833,1676,157,2.70,4,0.914,71,Goalie,Goalie
1163,Adam Rage,G,1,MET,63,24,1324,21,1,0,480,435,45,2.04,3,0.906,64,Goalie,Goalie
1180,Nor Dekes,G,1,QCC,63,17,883,4,7,1,550,497,53,3.60,0,0.904,63,Goalie,Goalie
1194,Hank Stopper,G,1,GFG,63,17,1022,9,7,1,429,394,35,2.05,4,0.918,69,Goalie,Goalie
1221,Ted Lindsay,G,1,ANC,63,33,1852,12,18,1,1054,945,109,3.53,1,0.897,65,Goalie,Goalie
1252,Brick Wall,G,1,GFG,63,49,2975,31,13,5,1274,1147,127,2.56,2,0.900,66,Goalie,Goalie
1278,Meeka Keprosoft,G,1,KEL,63,54,3249,32,18,4,1513,1373,140,2.58,8,0.907,68,Goalie,Goalie
1279,Rusty Remao,G,1,MET,63,45,2650,29,14,1,1203,1076,127,2.87,4,0.894,63,Goalie,Goalie
1280,Jason Playstation,G,1,CAR,63,12,452,2,4,0,314,287,27,3.58,0,0.914,65,Goalie,Goalie
1439,Valerian Sauveterre,G,1,NBB,63,23,1091,14,4,0,554,496,58,3.19,1,0.895,62,Goalie,Goalie
1474,Toms Zile,G,1,DET,63,23,1331,6,15,1,860,780,80,3.60,0,0.907,68,Goalie,Goalie
1497,Tim Thomas,G,1,COL,63,15,760,4,3,2,458,415,43,3.39,1,0.906,66,Goalie,Goalie
1610,Inda Bagg,G,1,REG,63,21,1006,8,4,2,596,539,57,3.40,0,0.904,67,Goalie,Goalie
1615,Joshua CorcoranTwitch,G,1,STL,63,59,3148,5,44,7,2651,2383,268,5.11,0,0.899,67,Goalie,Goalie
1616,Keith Kakapo,G,1,ANC,63,34,1771,12,15,2,1078,982,96,3.25,2,0.911,69,Goalie,Goalie
523,Gus Ceroni,G,1,ANA,64,1,25,0,0,0,9,8,1,2.35,0,0.889,50,Goalie,Goalie
859,Rebecca Montagne,G,1,REG,64,41,2347,19,17,2,1198,1079,119,3.04,3,0.901,67,Goalie,Goalie
990,Evert Jansson,G,1,DET,64,38,2208,24,10,3,939,847,92,2.50,4,0.902,65,Goalie,Goalie
1015,Steffe Stenfors,G,1,STL,64,25,1371,8,9,3,1014,920,94,4.11,0,0.907,70,Goalie,Goalie
1061,Skree McSkreeface,G,1,DET,64,2,61,1,0,0,31,29,2,1.95,0,0.935,60,Goalie,Goalie
1069,Smoky TheBear,G,1,GFG,64,2,42,0,0,0,29,26,3,4.27,0,0.897,51,Goalie,Goalie
1095,Nina Tucker,G,1,NL,64,19,1146,17,2,0,301,269,32,1.68,4,0.894,62,Goalie,Goalie
1107,Olov Larsson,G,1,VAN,64,20,744,0,8,3,511,449,62,5.00,0,0.879,56,Goalie,Goalie
1108,Recently Tired,G,1,COL,64,40,2394,25,9,6,1189,1088,101,2.53,0,0.915,72,Goalie,Goalie
1120,Jonas Johansson,G,1,NL,64,47,2834,40,6,1,913,825,88,1.86,6,0.904,64,Goalie,Goalie
1121,Justin Time,G,1,QCC,64,59,3565,43,13,2,1842,1677,165,2.78,4,0.910,72,Goalie,Goalie
1158,Enes Gundogan,G,1,ANA,64,50,2988,23,20,7,1772,1618,154,3.09,1,0.913,73,Goalie,Goalie
1163,Adam Rage,G,1,MET,64,43,2446,26,11,1,1319,1216,103,2.53,4,0.922,72,Goalie,Goalie
1194,Hank Stopper,G,1,GFG,64,29,1722,14,12,3,1011,923,88,3.06,2,0.913,74,Goalie,Goalie
1221,Ted Lindsay,G,1,ANC,64,30,1204,5,10,1,826,746,80,3.99,1,0.903,64,Goalie,Goalie
1252,Brick Wall,G,1,GFG,64,37,2225,15,19,3,1337,1223,114,3.07,2,0.915,75,Goalie,Goalie
1254,Andrew Kiehl,G,1,ANA,64,19,1001,6,10,0,616,547,69,4.13,0,0.888,57,Goalie,Goalie
1278,Meeka Keprosoft,G,1,KEL,64,50,2980,24,21,5,1508,1379,129,2.60,5,0.914,71,Goalie,Goalie
1279,Rusty Remao,G,1,MET,64,28,1529,15,13,0,911,813,98,3.85,0,0.892,64,Goalie,Goalie
1280,Jason Playstation,G,1,CAR,64,35,1653,10,17,3,959,871,88,3.19,1,0.908,65,Goalie,Goalie
1345,Isabella Bouchard,G,1,QCC,64,9,443,3,4,1,214,189,25,3.38,1,0.883,61,Goalie,Goalie
1410,Bobby Beans,G,1,STL,64,4,140,0,2,0,130,119,11,4.70,0,0.915,69,Goalie,Goalie
1439,Valérian Sauveterre,G,1,NBB,64,58,3372,34,15,7,1690,1525,165,2.94,2,0.902,65,Goalie,Goalie
1468,BASE PACK,G,1,CAR,64,39,2311,12,19,5,1404,1269,135,3.50,0,0.904,69,Goalie,Goalie
1474,Toms Zile,G,1,DET,64,29,1714,18,8,2,719,648,71,2.48,6,0.901,64,Goalie,Goalie
1534,Stepan Krupka,G,1,NBB,64,14,665,7,1,2,349,317,32,2.88,1,0.908,68,Goalie,Goalie
1610,Inda Bagg,G,1,REG,64,31,1638,15,11,2,837,757,80,2.93,2,0.904,66,Goalie,Goalie
1615,Joshua CorcoranTwitch,G,1,STL,64,45,2480,14,30,0,1855,1683,172,4.16,2,0.907,72,Goalie,Goalie
1616,Keith Kakapo,G,1,ANC,64,52,2800,7,37,6,2018,1819,199,4.26,0,0.901,69,Goalie,Goalie
1730,B Jobin,G,1,VAN,64,56,3260,11,38,6,2283,2073,210,3.86,1,0.908,73,Goalie,Goalie
1731,Shiny Shuckle,G,1,COL,64,28,1618,19,4,3,684,610,74,2.74,1,0.892,62,Goalie,Goalie
1743,Alvin Towne,G,1,KEL,64,11,659,6,5,0,328,299,29,2.64,2,0.912,73,Goalie,Goalie
990,Evert Jansson,G,1,DET,65,37,2233,33,3,1,868,794,74,1.99,5,0.915,69,Goalie,Goalie
1015,Steffe Stenfors,G,1,YUM,65,16,719,6,5,0,456,416,40,3.33,2,0.912,67,Goalie,Goalie
1069,Smoky TheBear,G,1,GFG,65,1,60,0,1,0,68,60,8,8.00,0,0.882,72,Goalie,Goalie
1095,Nina Tucker,G,1,NL,65,50,3004,33,14,3,1312,1198,114,2.28,8,0.913,71,Goalie,Goalie
1121,Justin Time,G,1,QCC,65,59,3580,42,11,6,1523,1368,155,2.60,1,0.898,63,Goalie,Goalie
1142,Cal St. Karsikz,G,1,VAN,65,4,92,0,0,0,108,99,9,5.81,0,0.917,65,Goalie,Goalie
1163,Adam Rage,G,1,MET,65,48,2795,25,15,5,1485,1345,140,3.01,3,0.906,68,Goalie,Goalie
1194,Hank Stopper,G,1,GFG,65,37,2041,10,25,1,1382,1236,146,4.29,0,0.894,66,Goalie,Goalie
1221,Ted Lindsay,G,1,ANC,65,15,503,2,6,0,424,374,50,5.96,0,0.882,54,Goalie,Goalie
1235, Casey Fantobens,G,1,KEL,65,40,2156,10,24,0,1588,1429,159,4.42,0,0.900,68,Goalie,Goalie
1322,Graj Virrok,G,1,KEL,65,38,1834,7,21,4,1467,1337,130,4.25,0,0.911,68,Goalie,Goalie
1345,Isabella Bouchard,G,1,YUM,65,52,2973,22,23,5,1867,1695,172,3.47,1,0.908,71,Goalie,Goalie
1439,Valérian Sauveterre,G,1,NBB,65,43,2470,23,13,5,1145,1018,127,3.08,5,0.889,63,Goalie,Goalie
1468,BASE PACK,G,1,CAR,65,57,3128,26,24,5,1760,1586,174,3.34,2,0.901,67,Goalie,Goalie
1474,Toms Zile,G,1,DET,65,29,1743,26,2,1,681,620,61,2.10,3,0.910,67,Goalie,Goalie
1610,Inda Bagg,G,1,REG,65,51,2889,22,20,5,1796,1629,167,3.47,1,0.907,71,Goalie,Goalie
1615,Joshua CorcoranTwitch,G,1,STL,65,41,2360,25,13,1,1381,1266,115,2.92,7,0.917,74,Goalie,Goalie
1625,Anthony Dionne,G,1,STL,65,31,1601,13,13,1,801,705,96,3.60,0,0.880,58,Goalie,Goalie
1629,Edward Elric,G,1,ANC,65,62,3469,13,42,3,2485,2255,230,3.98,0,0.907,71,Goalie,Goalie
1667,Sir Devoir,G,1,MET,65,23,1178,8,13,0,669,596,73,3.72,2,0.891,60,Goalie,Goalie
1729,Gangly Arms,G,1,COL,65,14,594,6,4,0,336,299,37,3.73,0,0.890,57,Goalie,Goalie
1730,B Jobin,G,1,VAN,65,50,2895,12,36,2,2149,1948,201,4.17,1,0.906,74,Goalie,Goalie
1731,Shiny Shuckle,G,1,COL,65,56,3254,33,20,1,1606,1438,168,3.10,4,0.895,65,Goalie,Goalie
1861,Alvin Towne,G,1,GFG,65,34,1867,12,16,1,1310,1198,112,3.60,2,0.915,71,Goalie,Goalie
1862,Samuel Piccard,G,1,NL,65,17,969,14,1,1,352,330,22,1.36,3,0.938,70,Goalie,Goalie
1863,Manny Vector,G,1,VAN,65,23,973,2,14,0,768,683,85,5.24,0,0.889,61,Goalie,Goalie
1866,Caleb Hayden,G,1,QCC,65,7,429,6,0,1,156,144,12,1.68,1,0.923,67,Goalie,Goalie
1867,Dexter Harrison,G,1,NBB,65,30,1503,19,6,0,633,572,61,2.43,6,0.904,63,Goalie,Goalie
1868,Mr Lightning,G,1,CAR,65,21,849,3,8,0,557,495,62,4.38,0,0.889,59,Goalie,Goalie
1872,Jackson Cannon,G,1,REG,65,8,399,3,2,1,267,248,19,2.85,0,0.929,73,Goalie,Goalie
1873,Adam Prpich,G,1,COL,65,2,118,0,2,0,59,53,6,3.04,0,0.898,64,Goalie,Goalie
697,Brady Trussler,G,1,ANC,66,12,437,2,3,2,273,236,37,5.07,0,0.864,56,Goalie,Goalie
1095,Nina Tucker,G,1,NL,66,35,1934,10,20,3,1157,1035,122,3.78,1,0.895,72,Goalie,Goalie
1121,Justin Time,G,1,QCC,66,54,3109,32,21,1,1164,1034,130,2.51,7,0.888,64,Goalie,Goalie
1156,August Von Hecht,G,1,ANC,66,62,3542,29,25,5,1863,1668,195,3.30,1,0.895,70,Goalie,Goalie
1163,Adam Rage,G,1,MET,66,41,2352,22,16,1,992,892,100,2.55,5,0.899,68,Goalie,Goalie
1235, Casey Fantobens,G,1,KEL,66,65,3637,17,44,2,2106,1874,232,3.83,3,0.890,68,Goalie,Goalie
1254,Andrew Kiehl,G,1,GFG,66,20,865,4,8,0,573,494,79,5.48,0,0.862,56,Goalie,Goalie
1345,Isabella Bouchard,G,1,YUM,66,55,3264,38,15,2,1408,1270,138,2.54,4,0.902,70,Goalie,Goalie
1386,Otter Von Bismarck,G,1,CAR,66,22,1054,6,13,0,599,523,76,4.32,0,0.873,61,Goalie,Goalie
1399,Lachlan Moon,G,1,MET,66,12,718,6,4,2,335,299,36,3.01,3,0.893,70,Goalie,Goalie
1439,Valérian Sauveterre,G,1,NBB,66,36,2119,26,7,1,849,771,78,2.21,2,0.908,70,Goalie,Goalie
1464,Gray Rosey,G,1,VAN,66,9,394,3,3,1,140,121,19,2.89,1,0.864,56,Goalie,Goalie
1468,BASE PACK,G,1,CAR,66,32,1661,6,18,4,977,870,107,3.86,0,0.890,68,Goalie,Goalie
1474,Toms Zile,G,1,DET,66,59,3535,24,30,5,1768,1584,184,3.12,8,0.896,70,Goalie,Goalie
1475,Joel Farfalle,G,1,DET,66,8,441,1,5,1,246,218,28,3.80,1,0.886,67,Goalie,Goalie
1610,Inda Bagg,G,1,REG,66,56,3394,29,21,6,1383,1229,154,2.72,4,0.889,65,Goalie,Goalie
1615,Joshua CorcoranTwitch,G,1,STL,66,25,1431,10,11,2,643,563,80,3.35,1,0.876,62,Goalie,Goalie
1616,Keith Kakapo,G,1,KEL,66,10,329,0,3,0,261,223,38,6.92,0,0.854,54,Goalie,Goalie
1625,Anthony Dionne,G,1,STL,66,44,2565,24,14,5,1119,996,123,2.88,3,0.890,67,Goalie,Goalie
1667,Sir Devoir,G,1,MET,66,15,881,5,8,2,445,396,49,3.33,0,0.890,67,Goalie,Goalie
1730,B Jobin,G,1,VAN,66,60,3612,41,14,4,1678,1505,173,2.87,4,0.897,70,Goalie,Goalie
1731,Shiny Shuckle,G,1,COL,66,59,3470,40,14,3,1612,1460,152,2.63,3,0.906,73,Goalie,Goalie
1780,Swiss Cheese,G,1,COL,66,1,48,0,1,0,26,20,6,7.36,0,0.769,31,Goalie,Goalie
1861,Alvin Towne,G,1,GFG,66,57,3109,19,33,2,1827,1593,234,4.52,1,0.872,62,Goalie,Goalie
1862,Samuel Piccard,G,1,NL,66,36,2039,11,19,3,1319,1173,146,4.30,2,0.889,71,Goalie,Goalie
1866,Caleb Hayden,G,1,QCC,66,15,870,8,3,1,365,331,34,2.34,2,0.907,70,Goalie,Goalie
1867,Dexter Harrison,G,1,NBB,66,32,1863,23,6,3,641,571,70,2.25,3,0.891,64,Goalie,Goalie
1872,Jackson Cannon,G,1,REG,66,10,602,6,3,1,223,199,24,2.39,0,0.892,64,Goalie,Goalie
1873,Adam Prpich,G,1,CAR,66,26,1288,8,9,2,650,565,85,3.96,1,0.869,60,Goalie,Goalie
1991,Mr Lightning,G,1,YUM,66,14,707,7,4,0,289,250,39,3.31,1,0.865,58,Goalie,Goalie
697,Brady Trussler,G,1,ANC,67,12,575,1,8,1,302,259,43,4.49,0,0.858,55,Goalie,Goalie
1156,August Von Hecht,G,1,ANC,67,58,3417,29,20,7,1663,1500,163,2.86,3,0.902,71,Goalie,Goalie
1254,Andrew Kiehl,G,1,GFG,67,11,549,2,7,1,307,269,38,4.15,0,0.876,61,Goalie,Goalie
1345,Isabella Bouchard,G,1,MET,67,36,2140,21,14,1,879,778,101,2.83,7,0.885,65,Goalie,Goalie
1386,Otter Von Bismarck,G,1,CAR,67,55,3007,18,29,5,1528,1338,190,3.79,1,0.876,63,Goalie,Goalie
1399,Lachlan Moon,G,1,MET,67,16,921,8,5,2,360,318,42,2.73,1,0.883,63,Goalie,Goalie
1526,Henrik Svensson,G,1,VAN,67,8,437,4,2,1,203,175,28,3.84,0,0.862,58,Goalie,Goalie
1560,Brent Turnerson,G,1,MET,67,15,903,12,3,0,373,332,41,2.72,0,0.890,66,Goalie,Goalie
1625,Anthony Dionne,G,1,STL,67,49,2943,25,22,2,1300,1156,144,2.93,3,0.889,66,Goalie,Goalie
1730,B Jobin,G,1,VAN,67,59,3546,34,24,1,1811,1634,177,2.99,4,0.902,73,Goalie,Goalie
1731,Shiny Shuckle,G,1,COL,67,54,3073,30,23,1,1724,1538,186,3.63,3,0.892,70,Goalie,Goalie
1757,Malachi Booth,G,1,STL,67,18,1053,13,3,1,409,371,38,2.16,1,0.907,70,Goalie,Goalie
1776,Dr. Hugh Orson,G,1,NBB,67,11,570,3,4,1,261,220,41,4.31,0,0.843,52,Goalie,Goalie
1780,Swiss Cheese,G,1,DET,67,11,608,5,3,0,242,213,29,2.86,1,0.880,62,Goalie,Goalie
1822,Bandit Heeler,G,1,YUM,67,54,3162,29,23,1,1442,1288,154,2.92,4,0.893,68,Goalie,Goalie
1827,Jeff Newman,G,1,DET,67,58,3359,33,22,3,1517,1352,165,2.95,6,0.891,67,Goalie,Goalie
1861,Alvin Towne,G,1,GFG,67,59,3445,18,34,4,2021,1812,209,3.64,1,0.897,72,Goalie,Goalie
1862,Samuel Piccard,G,1,NL,67,29,1542,3,18,2,953,844,109,4.24,0,0.886,66,Goalie,Goalie
1866,Caleb Hayden,G,1,QCC,67,57,3367,40,15,1,1463,1311,152,2.71,6,0.896,68,Goalie,Goalie
1867,Dexter Harrison,G,1,NBB,67,49,2895,31,12,6,1188,1061,127,2.63,5,0.893,67,Goalie,Goalie
1872,Jackson Cannon,G,1,REG,67,23,1309,13,4,3,572,538,34,1.56,5,0.941,79,Goalie,Goalie
1896,Copernicus Doomslatter,G,1,CAR,67,12,716,5,6,1,358,312,46,3.85,0,0.872,62,Goalie,Goalie
1991,Mr Lightning,G,1,YUM,67,16,809,6,6,1,351,318,33,2.45,1,0.906,67,Goalie,Goalie
2112,Sjoforsvaret,G,1,KEL,67,40,2200,12,20,3,1120,986,134,3.65,2,0.880,64,Goalie,Goalie
2113,Sea Jebus,G,1,KEL,67,33,1793,11,15,5,910,801,109,3.65,0,0.880,64,Goalie,Goalie
2114,Viktor Navolsky,G,1,COL,67,16,620,4,3,0,304,263,41,3.97,1,0.865,56,Goalie,Goalie
2117,Walter Sobchak,G,1,QCC,67,12,614,4,5,1,252,214,38,3.71,0,0.849,53,Goalie,Goalie
2118,Alexis Texas,G,1,REG,67,46,2698,27,14,5,1161,1046,115,2.56,5,0.901,70,Goalie,Goalie
1156,August Von Hecht,G,1,ANC,68,56,3352,30,21,5,1575,1406,169,3.02,4,0.893,68,Goalie,Goalie
1386,Otter Von Bismarck,G,1,CAR,68,42,2343,23,17,1,1010,877,133,3.40,1,0.868,60,Goalie,Goalie
1399,Lachlan Moon,G,1,MET,68,25,1348,13,8,1,608,548,60,2.67,0,0.901,68,Goalie,Goalie
1410,Bobby Beans,G,1,STL,68,1,4,0,0,0,1,0,1,12.33,0,0.000,40,Goalie,Goalie
1464,Gray Rosey,G,1,VAN,68,10,499,3,3,0,252,227,25,3.01,0,0.901,69,Goalie,Goalie
1499,Noah Charlevoix,G,1,VAN,68,58,3211,21,28,7,1641,1455,186,3.48,4,0.887,67,Goalie,Goalie
1560,Brent Turnerson,G,1,MET,68,45,2615,23,18,3,1279,1142,137,3.14,4,0.893,67,Goalie,Goalie
1625,Anthony Dionne,G,1,STL,68,51,2962,27,18,6,1408,1239,169,3.42,1,0.880,65,Goalie,Goalie
1635,George Walsh,G,1,ANC,68,9,469,5,2,0,199,185,14,1.79,0,0.930,72,Goalie,Goalie
1672,William Boucher,G,1,QCC,68,4,71,0,0,0,49,43,6,5.04,0,0.878,54,Goalie,Goalie
1775,Sam Conroy,G,1,VAN,68,8,279,2,2,0,142,123,19,4.08,1,0.866,55,Goalie,Goalie
1776,Dr. Hugh Orson,G,1,NBB,68,20,957,9,6,1,488,431,57,3.57,0,0.883,63,Goalie,Goalie
1780,Swiss Cheese,G,1,DET,68,8,483,5,2,1,192,176,16,1.99,1,0.917,72,Goalie,Goalie
1822,Bandit Heeler,G,1,YUM,68,55,3173,25,26,3,1484,1299,185,3.50,2,0.875,62,Goalie,Goalie
1827,Jeff Newman,G,1,DET,68,58,3472,49,9,0,1411,1284,127,2.19,5,0.910,72,Goalie,Goalie
1846,Luka Nogoalov,G,1,STL,68,6,364,4,2,0,163,147,16,2.64,1,0.902,72,Goalie,Goalie
1861,Alvin Towne,G,1,GFG,68,47,2674,13,30,3,1384,1204,180,4.04,0,0.870,61,Goalie,Goalie
1862,Samuel Piccard,G,1,NL,68,19,978,5,6,3,528,465,63,3.86,0,0.881,64,Goalie,Goalie
1866,Caleb Hayden,G,1,CAR,68,55,3170,26,25,3,1469,1330,139,2.63,8,0.905,71,Goalie,Goalie
1867,Dexter Harrison,G,1,NBB,68,53,3005,33,16,1,1265,1124,141,2.81,6,0.889,66,Goalie,Goalie
1872,Jackson Cannon,G,1,REG,68,25,1353,9,12,2,571,509,62,2.75,3,0.891,65,Goalie,Goalie
1896,Copernicus Doomslatter,G,1,GFG,68,26,1320,9,11,0,653,577,76,3.45,1,0.884,64,Goalie,Goalie
1991,Mr Lightning,G,1,YUM,68,17,795,8,4,0,332,287,45,3.39,1,0.864,57,Goalie,Goalie
2046,Grzegorz Brzeczyszczykiewicz,G,1,COL,68,51,2828,18,21,7,1551,1391,160,3.39,2,0.897,70,Goalie,Goalie
2103,Elias Adelberg,G,1,CAR,68,15,857,11,2,0,364,333,31,2.17,3,0.915,72,Goalie,Goalie
2112,Sjoforsvaret,G,1,KEL,68,21,1142,4,10,4,650,572,78,4.10,2,0.880,65,Goalie,Goalie
2113,Sea Jebus,G,1,KEL,68,50,2843,19,25,4,1580,1398,182,3.84,2,0.885,67,Goalie,Goalie
2114,Viktor Navolsky,G,1,COL,68,24,1190,8,10,2,637,553,84,4.24,0,0.868,60,Goalie,Goalie
2116,Tummy Hurts,G,1,NL,68,55,3002,21,27,4,1672,1495,177,3.54,3,0.894,69,Goalie,Goalie
2117,Walter Sobchak,G,1,QCC,68,22,1248,5,16,1,701,615,86,4.13,1,0.877,64,Goalie,Goalie
2118,Alexis Texas,G,1,REG,68,46,2640,27,13,3,1160,1053,107,2.43,4,0.908,71,Goalie,Goalie
1156,August Von Hecht,G,1,ANC,69,33,1797,14,14,1,768,679,89,2.97,4,0.884,63,Goalie,Goalie
1386,Otter Von Bismarck,G,1,CAR,69,28,1306,10,8,1,581,518,63,2.89,2,0.892,63,Goalie,Goalie
1475,Joel Farfalle,G,1,YUM,69,27,1480,10,14,0,784,712,72,2.92,1,0.908,73,Goalie,Goalie
1499,Noah Charlevoix,G,1,VAN,69,51,2741,16,29,3,1355,1185,170,3.72,4,0.875,62,Goalie,Goalie
1521,Kay Lee,G,1,STL,69,48,2715,11,33,1,1644,1464,180,3.98,0,0.891,70,Goalie,Goalie
1535,André Santiago,G,1,REG,69,27,1219,6,14,1,597,524,73,3.59,1,0.878,59,Goalie,Goalie
1553,C.J. Sparks,G,1,GFG,69,1,60,1,0,0,14,14,0,0.00,1,1.000,85,Goalie,Goalie
1560,Brent Turnerson,G,1,MET,69,46,2660,29,15,1,1092,958,134,3.02,1,0.877,62,Goalie,Goalie
1635,George Walsh,G,1,ANC,69,39,2155,18,19,0,993,891,102,2.84,1,0.897,67,Goalie,Goalie
1643,Luka Nogoalov,G,1,NBB,69,53,2933,22,27,2,1431,1278,153,3.13,3,0.893,67,Goalie,Goalie
1659,Asher Gibbons,G,1,YUM,69,34,1988,5,27,1,1136,1000,136,4.10,0,0.880,67,Goalie,Goalie
1672,William Boucher,G,1,QCC,69,10,490,5,2,1,221,199,22,2.69,1,0.900,67,Goalie,Goalie
1723,Jaxon Markstrom,G,1,MET,69,24,1306,15,5,1,596,548,48,2.20,4,0.919,74,Goalie,Goalie
1757,Malachi Booth,G,1,STL,69,25,1250,2,17,2,731,625,106,5.08,0,0.855,56,Goalie,Goalie
1775,Sam Conroy,G,1,VAN,69,23,1231,8,10,0,642,574,68,3.31,0,0.894,68,Goalie,Goalie
1776,Dr. Hugh Orson,G,1,NBB,69,21,1032,9,5,1,526,460,66,3.84,0,0.875,61,Goalie,Goalie
1780,Swiss Cheese,G,1,DET,69,9,525,7,0,1,204,185,19,2.17,1,0.907,69,Goalie,Goalie
1790,Tibuk Soonika,G,1,KEL,69,29,1753,15,11,3,722,644,78,2.67,4,0.892,67,Goalie,Goalie
1819,Rhett Carpet,G,1,NL,69,22,1314,14,6,2,455,408,47,2.15,4,0.897,66,Goalie,Goalie
1822,Bandit Heeler,G,1,GFG,69,49,2951,31,13,5,1225,1114,111,2.26,8,0.909,72,Goalie,Goalie
1827,Jeff Newman,G,1,DET,69,58,3458,40,15,3,1247,1104,143,2.48,13,0.885,65,Goalie,Goalie
1896,Copernicus Doomslatter,G,1,GFG,69,18,975,10,6,0,389,344,45,2.77,1,0.884,62,Goalie,Goalie
1899,Ryan Burton,G,1,YUM,69,9,487,4,5,0,229,208,21,2.59,2,0.908,70,Goalie,Goalie
2046,Grzegorz Brzeczyszczykiewicz,G,1,COL,69,49,2852,18,28,3,1535,1372,163,3.43,2,0.894,70,Goalie,Goalie
2103,Elias Adelberg,G,1,CAR,69,49,2669,27,18,2,1150,1014,136,3.06,4,0.882,62,Goalie,Goalie
2113,Sea Jebus,G,1,KEL,69,37,2221,27,8,2,902,818,84,2.27,6,0.907,71,Goalie,Goalie
2114,Viktor Navolsky,G,1,COL,69,21,1108,10,7,0,534,477,57,3.08,2,0.893,67,Goalie,Goalie
2116,Tummy Hurts,G,1,NL,69,45,2647,27,17,0,1040,913,127,2.88,6,0.878,62,Goalie,Goalie
2117,Walter Sobchak,G,1,QCC,69,60,3489,33,19,6,1449,1277,172,2.96,6,0.881,63,Goalie,Goalie
2118,Alexis Texas,G,1,REG,69,49,2765,18,24,3,1270,1108,162,3.51,0,0.872,60,Goalie,Goalie
1499,Noah Charlevoix,G,1,VAN,70,57,3220,29,19,5,1751,1557,194,3.61,2,0.889,68,Goalie,Goalie
1521,Kay Lee,G,1,STL,70,37,2081,11,23,1,1126,1003,123,3.55,1,0.891,68,Goalie,Goalie
1535,André Santiago,G,1,REG,70,34,1635,11,14,2,865,768,97,3.56,2,0.888,65,Goalie,Goalie
1553,C.J. Sparks,G,1,GFG,70,16,770,9,3,1,305,277,28,2.18,1,0.908,66,Goalie,Goalie
1560,Brent Turnerson,G,1,MET,70,48,2784,35,10,3,1179,1056,123,2.65,5,0.896,68,Goalie,Goalie
1635,George Walsh,G,1,ANC,70,59,3276,16,36,5,2027,1759,268,4.91,2,0.868,62,Goalie,Goalie
1643,Luka Nogoalov,G,1,NBB,70,55,3261,36,13,4,1468,1314,154,2.83,3,0.895,68,Goalie,Goalie
1659,Asher Gibbons,G,1,YUM,70,47,2753,23,19,4,1231,1081,150,3.27,1,0.878,62,Goalie,Goalie
1775,Sam Conroy,G,1,VAN,70,18,771,4,9,0,454,389,65,5.06,0,0.857,56,Goalie,Goalie
1776,Dr. Hugh Orson,G,1,NBB,70,14,744,5,6,2,371,317,54,4.35,2,0.854,57,Goalie,Goalie
1780,Swiss Cheese,G,1,DET,70,13,660,4,3,1,364,321,43,3.90,0,0.882,65,Goalie,Goalie
1790,Tibuk Soonika,G,1,KEL,70,32,1928,13,14,5,843,757,86,2.68,2,0.898,69,Goalie,Goalie
1806,Ally Mathieson,G,1,REG,70,43,2348,17,20,2,1174,1042,132,3.37,2,0.888,66,Goalie,Goalie
1819,Rhett Carpet,G,1,NL,70,32,1804,14,15,1,950,839,111,3.69,1,0.883,65,Goalie,Goalie
1822,Bandit Heeler,G,1,GFG,70,54,3211,30,20,3,1336,1172,164,3.06,3,0.877,62,Goalie,Goalie
1827,Jeff Newman,G,1,DET,70,59,3314,35,22,1,1745,1554,191,3.46,5,0.891,68,Goalie,Goalie
1881,Kyle Baretto,G,1,STL,70,33,1908,5,21,5,1055,929,126,3.96,2,0.881,64,Goalie,Goalie
1899,Ryan Burton,G,1,YUM,70,22,1218,8,9,3,581,519,62,3.05,1,0.893,67,Goalie,Goalie
2000,Peter Lasma,G,1,ANC,70,22,716,0,7,2,463,403,60,5.03,0,0.870,57,Goalie,Goalie
2009,Apollo Peed,G,1,CAR,70,17,729,8,1,1,322,289,33,2.71,1,0.898,63,Goalie,Goalie
2046,Grzegorz Brzeczyszczykiewicz,G,1,COL,70,47,2767,33,12,1,1317,1187,130,2.82,3,0.901,72,Goalie,Goalie
2058,Net Man,G,1,QCC,70,29,1475,6,16,1,869,757,112,4.56,1,0.871,62,Goalie,Goalie
2083,Scary Jerry,G,1,COL,70,21,1217,13,5,2,573,502,71,3.50,1,0.876,64,Goalie,Goalie
2103,Elias Adelberg,G,1,CAR,70,56,3251,22,30,4,1697,1496,201,3.71,2,0.882,66,Goalie,Goalie
2113,Sea Jebus,G,1,KEL,70,34,2069,18,14,2,1010,914,96,2.78,3,0.905,74,Goalie,Goalie
2116,Tummy Hurts,G,1,NL,70,37,2158,31,4,1,970,881,89,2.47,5,0.908,73,Goalie,Goalie
2117,Walter Sobchak,G,1,QCC,70,48,2487,13,26,4,1354,1188,166,4.00,0,0.877,63,Goalie,Goalie
2171,Bernard Lodge,G,1,MET,70,3,178,2,1,0,76,70,6,2.02,1,0.921,78,Goalie,Goalie
1370,Beau Kavanagh,G,1,GFG,71,55,2955,14,38,1,1781,1559,222,4.51,1,0.875,63,Goalie,Goalie
1499,Noah Charlevoix,G,1,VAN,71,41,2099,18,14,2,1231,1094,137,3.92,0,0.889,67,Goalie,Goalie
1521,Kay Lee,G,1,STL,71,28,1589,15,10,1,861,773,88,3.32,2,0.898,72,Goalie,Goalie
1553,C.J. Sparks,G,1,GFG,71,24,1000,6,7,0,681,620,61,3.66,0,0.910,71,Goalie,Goalie
1564,Wayne Holloway,G,1,DET,71,59,3149,16,39,2,2133,1847,286,5.45,1,0.866,62,Goalie,Goalie
1635,George Walsh,G,1,ANC,71,60,3350,26,27,3,2189,1961,228,4.08,4,0.896,72,Goalie,Goalie
1643,Luka Nogoalov,G,1,NBB,71,53,3008,34,9,6,1543,1376,167,3.33,3,0.892,69,Goalie,Goalie
1659,Asher Gibbons,G,1,NBB,71,21,986,14,3,0,494,445,49,2.98,1,0.901,68,Goalie,Goalie
1672,William Boucher,G,1,DET,71,19,817,4,4,1,522,467,55,4.04,1,0.895,68,Goalie,Goalie
1723,Jaxon Markstrom,G,1,COL,71,27,1445,7,15,2,921,820,101,4.19,1,0.890,71,Goalie,Goalie
1767,Sith Happens,G,1,CAR,71,52,2933,26,20,3,1698,1514,184,3.76,3,0.892,71,Goalie,Goalie
1790,Tibuk Soonika,G,1,KEL,71,42,2329,11,24,4,1484,1310,174,4.48,0,0.883,68,Goalie,Goalie
1806,Ally Mathieson,G,1,REG,71,46,2405,18,19,4,1339,1200,139,3.47,1,0.896,70,Goalie,Goalie
1819,Rhett Carpet,G,1,NL,71,48,2701,30,13,2,1483,1339,144,3.20,5,0.903,73,Goalie,Goalie
1843,Ryker Johnasson,G,1,YUM,71,35,2019,22,8,2,1016,922,94,2.79,4,0.907,74,Goalie,Goalie
1881,Kyle Baretto,G,1,STL,71,41,2381,18,18,4,1382,1254,128,3.22,2,0.907,77,Goalie,Goalie
1889,Chad Chadwick,G,1,NL,71,26,1282,12,8,1,694,613,81,3.79,2,0.883,65,Goalie,Goalie
1899,Ryan Burton,G,1,COL,71,17,887,6,7,1,561,510,51,3.45,1,0.909,74,Goalie,Goalie
1965,Nelly Celly,G,1,MET,71,10,602,7,1,1,313,286,27,2.69,0,0.914,77,Goalie,Goalie
2000,Peter Lasma,G,1,ANC,71,16,622,5,5,0,475,421,54,5.21,1,0.886,65,Goalie,Goalie
2058,Net Man,G,1,QCC,71,60,3398,22,34,0,2221,1969,252,4.45,0,0.887,70,Goalie,Goalie
2083,Scary Jerry,G,1,VAN,71,54,2900,25,26,1,1742,1550,192,3.97,1,0.890,68,Goalie,Goalie
2103,Elias Adelberg,G,1,QCC,71,20,565,3,7,0,439,388,51,5.41,0,0.884,59,Goalie,Goalie
2107,Zach Cuff Jr,G,1,REG,71,33,1586,13,9,3,916,823,93,3.52,1,0.898,68,Goalie,Goalie
2145,Gunnar Seggi,G,1,YUM,71,35,1957,23,10,1,913,818,95,2.91,3,0.896,68,Goalie,Goalie
2148,rony mcdoudelberg,G,1,CAR,71,21,1053,8,8,1,585,516,69,3.93,0,0.882,64,Goalie,Goalie
2171,Bernard Lodge,G,1,MET,71,45,2655,34,7,3,1225,1108,117,2.64,6,0.904,72,Goalie,Goalie
2190,Activity Check,G,1,KEL,71,31,1648,11,12,4,1018,906,112,4.08,0,0.890,67,Goalie,Goalie
1370,Beau Kavanagh,G,1,GFG,72,49,2693,18,29,0,1872,1668,204,4.54,3,0.891,72,Goalie,Goalie
1521,Kay Lee,G,1,STL,72,32,1751,20,6,1,1006,910,96,3.29,2,0.905,73,Goalie,Goalie
1553,C.J. Sparks,G,1,GFG,72,28,1220,4,14,0,763,685,78,3.83,2,0.898,68,Goalie,Goalie
1564,Wayne Holloway,G,1,DET,72,50,2852,18,27,5,1936,1739,197,4.14,0,0.898,74,Goalie,Goalie
1659,Asher Gibbons,G,1,NBB,72,49,2642,25,14,3,1558,1406,152,3.45,0,0.902,74,Goalie,Goalie
1723,Jaxon Markstrom,G,1,COL,72,49,2041,16,13,3,1464,1295,169,4.97,0,0.885,65,Goalie,Goalie
1767,Sith Happens,G,1,CAR,72,58,3382,31,20,5,1909,1701,208,3.69,2,0.891,71,Goalie,Goalie
1790,Tibuk Soonika,G,1,KEL,72,41,2302,11,27,2,1487,1307,180,4.69,0,0.879,67,Goalie,Goalie
1798,Jim Wen,G,1,YUM,72,52,2580,24,20,0,1499,1342,157,3.65,3,0.895,68,Goalie,Goalie
1806,Ally Mathieson,G,1,REG,72,51,2828,25,19,1,1601,1428,173,3.67,1,0.892,69,Goalie,Goalie
1819,Rhett Carpet,G,1,NL,72,51,2808,26,18,3,1603,1415,188,4.02,4,0.883,66,Goalie,Goalie
1843,Ryker Johnasson,G,1,YUM,72,29,1383,11,10,1,843,754,89,3.86,0,0.894,69,Goalie,Goalie
1881,Kyle Baretto,G,1,STL,72,41,2227,21,16,2,1209,1080,129,3.47,1,0.893,69,Goalie,Goalie
1885,Peyton Kerns,G,1,NBB,72,28,1333,14,10,0,789,692,97,4.37,0,0.877,63,Goalie,Goalie
1899,Ryan Burton,G,1,COL,72,46,1941,6,25,3,1465,1261,204,6.30,0,0.861,58,Goalie,Goalie
1965,Nelly Celly,G,1,MET,72,30,1608,19,4,2,806,716,90,3.36,1,0.888,67,Goalie,Goalie
2000,Peter Lasma,G,1,ANC,72,38,2043,17,17,1,1384,1239,145,4.26,1,0.895,72,Goalie,Goalie
2009,Apollo Peed,G,1,DET,72,22,1126,3,12,1,784,696,88,4.69,1,0.888,69,Goalie,Goalie
2058,Net Man,G,1,QCC,72,60,3342,27,29,2,2153,1922,231,4.15,3,0.893,73,Goalie,Goalie
2083,Scary Jerry,G,1,VAN,72,48,2686,29,11,5,1371,1224,147,3.28,2,0.893,69,Goalie,Goalie
2107,Zach Cuff Jr,G,1,REG,72,27,1128,11,10,0,699,629,70,3.72,1,0.900,66,Goalie,Goalie
2148,rony mcdoudelberg,G,1,CAR,72,14,609,5,4,1,309,275,34,3.34,0,0.890,63,Goalie,Goalie
2171,Bernard Lodge,G,1,MET,72,41,2362,26,13,2,1130,1002,128,3.25,1,0.887,67,Goalie,Goalie
2225,Bradiagh Lomax,G,1,QCC,72,15,614,3,5,0,411,353,58,5.66,1,0.859,56,Goalie,Goalie
2241,Five-Hole Sieve,G,1,KEL,72,30,1678,14,12,0,1094,988,106,3.79,1,0.903,77,Goalie,Goalie
2418,Chad Chadwick,G,1,GFG,72,1,60,0,1,0,44,39,5,5.00,0,0.886,73,Goalie,Goalie
2423,Ben Harrison,G,1,NL,72,26,1163,10,9,0,585,506,79,4.07,0,0.865,56,Goalie,Goalie
2560,Nicholas Scalice,G,1,ANC,72,36,1924,14,17,0,1283,1153,130,4.05,0,0.899,74,Goalie,Goalie
1370,Beau Kavanagh,G,1,GFG,73,49,2664,19,23,2,1543,1383,160,3.60,4,0.896,71,Goalie,Goalie
1564,Wayne Holloway,G,1,DET,73,54,3222,24,22,7,1925,1742,183,3.41,0,0.905,77,Goalie,Goalie
1767,Sith Happens,G,1,CAR,73,38,2211,16,19,2,1351,1220,131,3.55,3,0.903,76,Goalie,Goalie
1798,Jim Wen,G,1,YUM,73,51,2595,20,19,3,1554,1411,143,3.31,1,0.908,72,Goalie,Goalie
1806,Ally Mathieson,G,1,REG,73,58,3041,27,18,4,1919,1731,188,3.71,1,0.902,73,Goalie,Goalie
1843,Ryker Johnasson,G,1,YUM,73,30,1371,10,14,0,901,817,84,3.67,1,0.907,73,Goalie,Goalie
1881,Kyle Baretto,G,1,STL,73,48,2494,20,20,2,1587,1425,162,3.90,2,0.898,72,Goalie,Goalie
1965,Nelly Celly,G,1,MET,73,32,1874,21,9,2,970,864,106,3.39,1,0.891,69,Goalie,Goalie
1973,Yves D'Odeur,G,1,GFG,73,26,1317,3,17,2,895,806,89,4.05,0,0.901,72,Goalie,Goalie
2000,Peter Lasma,G,1,COL,73,36,1375,7,12,2,915,799,116,5.06,1,0.873,60,Goalie,Goalie
2058,Net Man,G,1,QCC,73,54,3046,24,26,2,1896,1698,198,3.90,1,0.896,73,Goalie,Goalie
2073,Dako Nanokov,G,1,DET,73,14,775,7,6,0,444,399,45,3.48,1,0.899,70,Goalie,Goalie
2083,Scary Jerry,G,1,VAN,73,40,2237,26,8,1,1141,1048,93,2.49,4,0.918,77,Goalie,Goalie
2107,Zach Cuff Jr,G,1,REG,73,25,945,7,8,2,556,488,68,4.32,0,0.878,60,Goalie,Goalie
2217,Song Ju-gong,G,1,QCC,73,3,185,3,0,0,91,83,8,2.59,0,0.912,77,Goalie,Goalie
2236,Tanner Pitts,G,1,COL,73,56,2591,20,23,2,1627,1440,187,4.33,2,0.885,65,Goalie,Goalie
2241,Five-Hole Sieve,G,1,KEL,73,55,3166,19,31,4,1813,1617,196,3.71,3,0.892,71,Goalie,Goalie
2270,Bradaigh Lomax,G,1,KEL,73,15,802,2,8,2,538,483,55,4.11,0,0.898,70,Goalie,Goalie
2308,Joulu Kuusi,G,1,VAN,73,33,1738,21,8,2,977,894,83,2.86,3,0.915,75,Goalie,Goalie
2323,Gewmba Stolemamoney,G,1,MET,73,35,2087,20,13,1,1160,1048,112,3.22,3,0.903,75,Goalie,Goalie
2410,Just Perfection,G,1,NBB,73,33,1897,18,12,1,1069,970,99,3.13,2,0.907,75,Goalie,Goalie
2423,Ben Harrison,G,1,NL,73,52,2835,30,13,2,1734,1562,172,3.64,2,0.901,74,Goalie,Goalie
2560,Meo Vanbiesbrouck,G,1,ANC,73,13,727,5,7,0,431,376,55,4.54,1,0.872,65,Goalie,Goalie
2666,Denebor Milasch,G,1,CAR,73,28,1540,13,12,1,1070,976,94,3.66,0,0.912,78,Goalie,Goalie
2801,Rory Dallyn,G,1,NL,73,25,1146,5,16,0,786,690,96,5.02,0,0.878,64,Goalie,Goalie
2807,Yerik Akmetzhanov,G,1,NBB,73,32,1562,16,9,1,923,836,87,3.34,2,0.906,72,Goalie,Goalie
2813,Fergus Stewart,G,1,QCC,73,16,733,7,4,0,441,405,36,2.95,1,0.918,74,Goalie,Goalie
2821,Mr Plow,G,1,STL,73,32,1476,11,12,1,929,835,94,3.82,0,0.899,70,Goalie,Goalie
1370,Beau Kavanagh,G,1,GFG,74,50,2877,19,29,1,1631,1454,177,3.69,3,0.891,69,Goalie,Goalie
1564,Wayne Holloway,G,1,DET,74,50,3002,29,17,3,1429,1280,149,2.98,5,0.896,69,Goalie,Goalie
1779,Nicholas Scalice,G,1,COL,74,25,1286,15,4,2,690,609,81,3.78,0,0.883,65,Goalie,Goalie
1798,Jim Wen,G,1,YUM,74,34,1757,16,14,1,1041,922,119,4.06,0,0.886,67,Goalie,Goalie
1907,Launchpad McQuack,G,1,NL,74,33,1867,17,12,1,843,741,102,3.28,4,0.879,64,Goalie,Goalie
1965,Nelly Celly,G,1,MET,74,43,2555,25,11,6,1243,1110,133,3.12,1,0.893,69,Goalie,Goalie
1973,Yves D'Odeur,G,1,GFG,74,21,1107,4,12,1,636,575,61,3.30,1,0.904,74,Goalie,Goalie
2045,Luke fromm,G,1,DET,74,18,979,13,3,1,432,391,41,2.51,3,0.905,71,Goalie,Goalie
2073,Dako Nanokov,G,1,KEL,74,11,578,3,6,0,308,271,37,3.84,1,0.880,63,Goalie,Goalie
2217,Song Ju-gong,G,1,QCC,74,41,2404,30,5,6,1029,933,96,2.40,3,0.907,71,Goalie,Goalie
2236,Tanner Pitts,G,1,COL,74,49,2695,26,13,6,1433,1276,157,3.49,0,0.890,68,Goalie,Goalie
2241,Five-Hole Sieve,G,1,KEL,74,57,3393,19,36,2,1976,1758,218,3.85,0,0.890,70,Goalie,Goalie
2266,Karter Mendenhall,G,1,YUM,74,40,2221,19,12,4,1302,1172,130,3.51,2,0.900,72,Goalie,Goalie
2308,Joulu Kuusi,G,1,VAN,74,45,2120,19,13,3,1356,1231,125,3.54,2,0.908,73,Goalie,Goalie
2410,Just Perfection,G,1,NBB,74,51,2893,24,17,5,1740,1588,152,3.15,1,0.913,78,Goalie,Goalie
2423,Ben Harrison,G,1,NL,74,38,2093,21,13,2,1017,921,96,2.75,3,0.906,72,Goalie,Goalie
2479,Herman Stahl,G,1,STL,74,35,1472,7,16,0,1098,971,127,5.18,1,0.884,65,Goalie,Goalie
2498,Charlie van Keyzer,G,1,STL,74,41,1798,6,25,2,1306,1137,169,5.64,0,0.871,62,Goalie,Goalie
2540,Lukas Konecny,G,1,QCC,74,28,1582,18,7,0,627,575,52,1.97,6,0.917,72,Goalie,Goalie
2560,Meo Vanbiesbrouck,G,1,ANC,74,35,1966,15,16,1,976,877,99,3.02,3,0.899,71,Goalie,Goalie
2664,Stan Free,G,1,CAR,74,28,1488,13,9,2,818,729,89,3.59,1,0.891,68,Goalie,Goalie
2666,Denebor Milasch,G,1,CAR,74,43,2501,18,19,5,1340,1184,156,3.74,2,0.884,67,Goalie,Goalie
2865,Cameron Kalashnikov,G,1,NBB,74,23,1088,8,10,2,612,543,69,3.80,0,0.887,65,Goalie,Goalie
2871,Masked Stanger,G,1,VAN,74,43,1873,14,15,2,1229,1080,149,4.77,0,0.879,63,Goalie,Goalie
2878,Henri Losanov,G,1,REG,74,41,2178,15,21,1,1206,1071,135,3.72,3,0.888,67,Goalie,Goalie
2879,Roman Cechmanek II,G,1,REG,74,35,1797,11,17,1,1072,958,114,3.81,0,0.894,69,Goalie,Goalie
2884,Shotty McStopper,G,1,MET,74,24,1444,14,9,1,681,600,81,3.36,2,0.881,65,Goalie,Goalie
1798,Jim Wen,G,1,YUM,75,38,1990,17,13,2,1137,1025,112,3.38,1,0.901,70,Goalie,Goalie
1852,Thorn Brown,G,1,NBB,75,34,1091,3,10,0,890,784,106,5.83,0,0.881,62,Goalie,Goalie
1907,Launchpad McQuack,G,1,NL,75,43,2457,22,18,2,1391,1263,128,3.13,5,0.908,75,Goalie,Goalie
1945,Lee Harrison ,G,1,GFG,75,46,2480,21,20,2,1296,1146,150,3.63,4,0.884,65,Goalie,Goalie
2045,Luke fromm,G,1,DET,75,16,857,11,3,0,401,365,36,2.52,1,0.910,72,Goalie,Goalie
2073,Dako Nanokov,G,1,KEL,75,17,720,3,5,0,548,489,59,4.91,0,0.892,68,Goalie,Goalie
2217,Song Ju-gong,G,1,QCC,75,47,2679,37,6,2,1354,1243,111,2.49,4,0.918,77,Goalie,Goalie
2236,Tanner Pitts,G,1,COL,75,40,2246,17,18,1,1213,1085,128,3.42,1,0.894,70,Goalie,Goalie
2241,Five-Hole Sieve,G,1,KEL,75,60,3264,17,38,3,2343,2099,244,4.48,0,0.896,73,Goalie,Goalie
2266,Karter Mendenhall,G,1,YUM,75,39,1971,19,13,2,1074,962,112,3.41,2,0.896,68,Goalie,Goalie
2267,Anastasia Soderstrom,G,1,DET,75,54,3137,29,19,4,1553,1413,140,2.68,5,0.910,75,Goalie,Goalie
2308,Joulu Kuusi,G,1,VAN,75,56,2468,12,30,4,1887,1671,216,5.25,1,0.886,67,Goalie,Goalie
2376,Peter Parker,G,1,GFG,75,28,1423,14,8,0,691,621,70,2.95,1,0.899,67,Goalie,Goalie
2379,Stun Gun,G,1,ANC,75,36,1852,17,13,1,937,821,116,3.76,2,0.876,63,Goalie,Goalie
2410,Just Perfection,G,1,NBB,75,62,2878,21,32,0,2131,1883,248,5.17,1,0.884,67,Goalie,Goalie
2423,Ben Harrison,G,1,NL,75,27,1497,15,9,0,847,767,80,3.21,0,0.906,74,Goalie,Goalie
2479,Herman Stahl,G,1,COL,75,33,1718,27,3,0,790,723,67,2.34,3,0.915,72,Goalie,Goalie
2498,Charlie van Keyzer,G,1,STL,75,38,1426,3,18,0,1125,981,144,6.06,0,0.872,61,Goalie,Goalie
2540,Lukas Konecny,G,1,QCC,75,22,1287,14,6,1,699,631,68,3.17,3,0.903,75,Goalie,Goalie
2560,Meo Vanbiesbrouck,G,1,ANC,75,40,2109,18,16,1,1168,1038,130,3.70,2,0.889,67,Goalie,Goalie
2626,Kris,G,1,STL,75,58,2540,12,32,1,1952,1731,221,5.22,0,0.887,67,Goalie,Goalie
2664,Stan Free,G,1,CAR,75,22,1288,10,9,1,742,669,73,3.40,1,0.902,75,Goalie,Goalie
2666,Denebor Milasch,G,1,CAR,75,47,2690,19,22,5,1628,1456,172,3.84,3,0.894,72,Goalie,Goalie
2733,Timo Leppanen,G,1,MET,75,19,1029,10,4,2,447,400,47,2.74,3,0.895,67,Goalie,Goalie
2871,Masked Stanger,G,1,VAN,75,40,1508,4,15,1,1164,1035,129,5.13,0,0.889,66,Goalie,Goalie
2878,Henri Losanov,G,1,REG,75,37,2100,21,12,2,1096,996,100,2.86,1,0.909,73,Goalie,Goalie
2879,Roman Cechmanek II,G,1,REG,75,35,1886,14,12,5,1029,924,105,3.34,3,0.898,70,Goalie,Goalie
2884,Shotty McStopper,G,1,MET,75,50,2947,35,13,2,1381,1241,140,2.85,5,0.899,69,Goalie,Goalie
1907,Launchpad McQuack,G,1,NL,76,49,2770,35,11,1,1526,1374,152,3.29,4,0.900,73,Goalie,Goalie
1945,Lee Harrison ,G,1,GFG,76,40,2330,19,17,3,1165,1058,107,2.75,5,0.908,73,Goalie,Goalie
2034,Josh Pyrate,G,1,VAN,76,28,1183,10,11,0,789,720,69,3.50,1,0.913,72,Goalie,Goalie
2045,Luke fromm,G,1,DET,76,18,977,8,5,2,525,483,42,2.58,0,0.920,77,Goalie,Goalie
2217,Song Ju-gong,G,1,QCC,76,55,3217,39,14,2,1575,1419,156,2.91,5,0.901,72,Goalie,Goalie
2236,Tanner Pitts,G,1,OTT,76,51,2856,15,28,4,1627,1452,175,3.68,2,0.892,69,Goalie,Goalie
2266,Karter Mendenhall,G,1,YUM,76,46,2351,11,23,5,1504,1360,144,3.67,4,0.904,72,Goalie,Goalie
2267,Anastasia Soderstrom,G,1,DET,76,52,2997,21,29,1,1680,1502,178,3.56,2,0.894,71,Goalie,Goalie
2374,Tomas Suchanek,G,1,NBB,76,26,1360,13,7,2,749,671,78,3.44,1,0.896,69,Goalie,Goalie
2379,Stun Gun,G,1,ANC,76,50,2780,24,23,1,1604,1444,160,3.45,3,0.900,73,Goalie,Goalie
2410,Just Perfection,G,1,NBB,76,46,2624,23,16,5,1546,1407,139,3.18,4,0.910,79,Goalie,Goalie
2479,Herman Stahl,G,1,COL,76,49,2824,25,17,5,1615,1449,166,3.53,0,0.897,73,Goalie,Goalie
2560,Meo Vanbiesbrouck,G,1,SDT,76,59,3356,27,29,1,2112,1879,233,4.16,1,0.890,71,Goalie,Goalie
2636,Bishop Van Apeldoorn,G,1,OTT,76,19,943,7,10,0,501,448,53,3.37,2,0.894,68,Goalie,Goalie
2663,Grant Berd,G,1,KEL,76,2,83,1,0,0,48,47,1,0.72,0,0.979,82,Goalie,Goalie
2664,Stan Free,G,1,CAR,76,26,1336,11,9,1,700,637,63,2.83,2,0.910,72,Goalie,Goalie
2666,Denebor Milasch,G,1,CAR,76,47,2650,31,12,2,1352,1232,120,2.72,3,0.911,74,Goalie,Goalie
2733,Timo Leppanen,G,1,MET,76,21,1151,13,6,1,638,573,65,3.39,3,0.898,71,Goalie,Goalie
2757,Adam Joy,G,1,ANC,76,23,1204,8,9,1,702,621,81,4.03,1,0.885,65,Goalie,Goalie
2807,Yerik Akmetzhanov,G,1,QCC,76,13,763,10,1,0,327,305,22,1.73,3,0.933,79,Goalie,Goalie
2821,Mr Plow,G,1,COL,76,22,1145,14,4,1,575,517,58,3.04,0,0.899,69,Goalie,Goalie
2871,Masked Stanger,G,1,VAN,76,52,2779,18,26,1,1800,1627,173,3.73,2,0.904,74,Goalie,Goalie
2878,Henri Losanov,G,1,REG,76,44,2569,22,14,6,1308,1186,122,2.85,2,0.907,74,Goalie,Goalie
2879,Roman Cechmanek II,G,1,REG,76,27,1419,17,7,0,662,603,59,2.49,1,0.911,70,Goalie,Goalie
2884,Shotty McStopper,G,1,MET,76,49,2821,29,15,2,1594,1447,147,3.13,6,0.908,76,Goalie,Goalie
3235,Elvar Gil-Galad,G,1,GFG,76,28,1658,16,9,2,781,712,69,2.50,4,0.912,73,Goalie,Goalie
3239,Doom Guy,G,1,KEL,76,59,3292,10,43,5,2260,1998,262,4.77,1,0.884,70,Goalie,Goalie
3242,Nicholas Scalice,G,1,NL,76,22,1207,9,9,1,753,677,76,3.78,3,0.899,73,Goalie,Goalie
3254,Josh Grygo,G,1,SDT,76,17,613,6,3,0,375,336,39,3.81,0,0.896,64,Goalie,Goalie
3258,Dexter Harrison Jr.,G,1,YUM,76,32,1623,13,13,1,1141,1037,104,3.84,0,0.909,76,Goalie,Goalie
3264,Evil Kyle Murray ,G,1,STL,76,46,2497,12,29,4,1632,1448,184,4.42,1,0.887,71,Goalie,Goalie
1246,Unstopab Owl,G,1,QCC,77,1,32,0,0,0,17,12,5,9.28,0,0.706,25,Goalie,Goalie
1852,Thorn Brown,G,1,DET,77,1,14,0,0,0,11,10,1,4.09,0,0.909,58,Goalie,Goalie
1907,Launchpad McQuack,G,1,NL,77,48,2588,22,21,3,1380,1231,149,3.45,1,0.892,67,Goalie,Goalie
1932,Jokull Magnusson,G,1,COL,77,21,1097,8,7,3,573,501,72,3.94,0,0.874,63,Goalie,Goalie
1945,Lee Harrison ,G,1,GFG,77,26,1345,5,10,6,695,623,72,3.21,1,0.896,68,Goalie,Goalie
2217,Song Ju-gong,G,1,QCC,77,46,2646,24,20,1,1386,1247,139,3.15,2,0.900,72,Goalie,Goalie
2267,Anastasia Soderstrom,G,1,DET,77,42,2385,24,14,2,1291,1183,108,2.72,3,0.916,76,Goalie,Goalie
2283,Vatali Yermakov,G,1,STL,77,4,56,0,1,0,39,34,5,5.36,0,0.872,52,Goalie,Goalie
2374,Tomas Suchanek,G,1,NBB,77,53,3059,33,17,1,1679,1502,177,3.47,3,0.895,70,Goalie,Goalie
2479,Herman Stahl,G,1,COL,77,40,2099,16,14,4,1124,996,128,3.66,1,0.886,66,Goalie,Goalie
2498,Charlie van Keyzer,G,1,QCC,77,23,1275,11,10,0,722,647,75,3.53,1,0.896,70,Goalie,Goalie
2626,Kris,G,1,MET,77,18,978,13,4,0,484,439,45,2.76,1,0.907,73,Goalie,Goalie
2636,Bishop Van Apeldoorn,G,1,OTT,77,58,3313,30,21,4,1874,1686,188,3.40,4,0.900,73,Goalie,Goalie
2663,Grant Berd,G,1,REG,77,46,2717,31,14,0,1261,1144,117,2.58,6,0.907,73,Goalie,Goalie
2664,Stan Free,G,1,CAR,77,38,2257,15,18,4,1282,1158,124,3.30,2,0.903,75,Goalie,Goalie
2680,Gino Fortezza,G,1,KEL,77,48,2750,23,19,2,1431,1273,158,3.45,2,0.890,68,Goalie,Goalie
2733,Timo Leppanen,G,1,COL,77,15,776,9,5,0,436,382,54,4.17,1,0.876,62,Goalie,Goalie
2757,Adam Joy,G,1,ANC,77,37,2107,12,20,1,1346,1201,145,4.13,0,0.892,72,Goalie,Goalie
2871,Masked Stanger,G,1,VAN,77,38,1946,14,12,4,1105,1005,100,3.08,5,0.910,73,Goalie,Goalie
2884,Shotty McStopper,G,1,MET,77,50,2990,35,12,2,1506,1357,149,2.99,3,0.901,73,Goalie,Goalie
2943,Mark Andrew Flower,G,1,DET,77,29,1593,14,9,3,784,707,77,2.90,1,0.902,70,Goalie,Goalie
2977,Sami Samsonov,G,1,NL,77,26,1392,8,10,2,855,757,98,4.22,1,0.885,67,Goalie,Goalie
2983,PeanutButter Zamboni,G,1,ANC,77,34,1864,10,21,2,1135,1017,118,3.80,1,0.896,72,Goalie,Goalie
3018,Mason remy,G,1,CAR,77,31,1735,15,10,4,1012,924,88,3.04,1,0.913,76,Goalie,Goalie
3074,Wolfgang Puck,G,1,STL,77,20,943,4,14,0,582,501,81,5.15,0,0.861,58,Goalie,Goalie
3077,Zsigmond Popovics,G,1,OTT,77,6,185,3,1,0,108,98,10,3.23,0,0.907,64,Goalie,Goalie
3133,Walter Scheibli,G,1,SDT,77,60,3199,17,37,1,2052,1813,239,4.48,0,0.884,67,Goalie,Goalie
3235,Elvar Gil-Galad,G,1,GFG,77,47,2662,25,17,3,1288,1145,143,3.22,4,0.889,66,Goalie,Goalie
3239,Doom Guy,G,1,KEL,77,23,1214,10,12,0,632,563,69,3.41,2,0.891,68,Goalie,Goalie
3254,Josh Grygo,G,1,SDT,77,22,763,4,7,0,543,466,77,6.05,0,0.858,56,Goalie,Goalie
3258,Dexter Harrison Jr.,G,1,YUM,77,43,2265,14,20,3,1287,1140,147,3.89,1,0.886,66,Goalie,Goalie
3264,Evil Kyle Murray ,G,1,STL,77,54,2964,18,27,2,1737,1527,210,4.25,2,0.879,65,Goalie,Goalie
3400,Nicholas Scalice,G,1,REG,77,22,1252,10,10,1,629,572,57,2.73,1,0.909,73,Goalie,Goalie
3407,Galton Woggins,G,1,VAN,77,40,2032,21,15,0,1083,982,101,2.98,4,0.907,70,Goalie,Goalie
3411,Phemeia McLaughlin,G,1,YUM,77,35,1700,15,13,1,905,814,91,3.21,1,0.899,67,Goalie,Goalie
1945,Lee Harrison ,G,1,GFG,78,17,1009,8,7,1,496,450,46,2.73,1,0.907,71,Goalie,Goalie
2154,Jon-Isaac Forty-One,G,1,KEL,78,24,1230,9,10,1,584,511,73,3.56,1,0.875,61,Goalie,Goalie
2267,Anastasia Soderstrom,G,1,DET,78,55,3138,29,22,2,1565,1409,156,2.98,2,0.900,71,Goalie,Goalie
2374,Tomas Suchanek,G,1,COL,78,32,1695,15,9,3,931,840,91,3.22,1,0.902,71,Goalie,Goalie
2626,Kris,G,1,MET,78,41,2419,32,6,2,1211,1092,119,2.95,1,0.902,73,Goalie,Goalie
2636,Bishop Van Apeldoorn,G,1,OTT,78,46,2579,20,21,2,1620,1457,163,3.79,0,0.899,73,Goalie,Goalie
2663,Grant Berd,G,1,TBW,78,56,3125,22,31,3,1737,1534,203,3.90,2,0.883,67,Goalie,Goalie
2680,Gino Fortezza,G,1,KEL,78,47,2750,29,16,1,1301,1163,138,3.01,2,0.894,68,Goalie,Goalie
2733,Timo Leppanen,G,1,COL,78,41,2288,22,12,5,1183,1072,111,2.91,4,0.906,73,Goalie,Goalie
2757,Adam Joy,G,1,ANC,78,36,2037,18,13,3,1039,921,118,3.47,2,0.886,67,Goalie,Goalie
2943,Mark Andrew Flower,G,1,DET,78,16,841,8,4,1,434,387,47,3.35,1,0.892,68,Goalie,Goalie
2977,Sami Samsonov,G,1,NL,78,22,1172,8,10,1,711,642,69,3.53,1,0.903,73,Goalie,Goalie
2983,PeanutButter Zamboni,G,1,ANC,78,33,1949,21,9,2,1007,906,101,3.11,1,0.900,73,Goalie,Goalie
2988,Jakub Alexa,G,1,YUM,78,31,1711,17,8,3,1048,961,87,3.05,1,0.917,78,Goalie,Goalie
3018,Mason remy,G,1,CAR,78,44,2524,15,26,2,1521,1354,167,3.97,0,0.890,70,Goalie,Goalie
3074,Wolfgang Puck,G,1,STL,78,28,1441,13,8,1,818,728,90,3.75,3,0.890,68,Goalie,Goalie
3077,Zsigmond Popovics,G,1,MET,78,27,1560,19,5,2,767,690,77,2.96,1,0.900,71,Goalie,Goalie
3098,Cristobal Khabibulin,G,1,VAN,78,42,2173,17,19,2,1168,1039,129,3.56,3,0.890,66,Goalie,Goalie
3133,Walter Scheibli,G,1,SDT,78,60,3104,12,37,5,2233,2001,232,4.48,0,0.896,71,Goalie,Goalie
3235,Elvar Gil-Galad,G,1,GFG,78,50,2977,25,21,4,1550,1414,136,2.74,3,0.912,76,Goalie,Goalie
3239,Doom Guy,G,1,VAN,78,36,1814,13,13,2,1038,948,90,2.98,2,0.913,74,Goalie,Goalie
3254,Josh Grygo,G,1,SDT,78,24,877,3,9,0,636,563,73,4.99,0,0.885,62,Goalie,Goalie
3264,Evil Kyle Murray ,G,1,STL,78,47,2539,24,19,1,1611,1456,155,3.66,2,0.904,73,Goalie,Goalie
3325,Jökull Magnússon,G,1,YUM,78,5,251,2,2,0,164,150,14,3.34,0,0.915,76,Goalie,Goalie
3400,Nicholas Scalice,G,1,TBW,78,22,860,2,6,2,494,435,59,4.11,0,0.881,60,Goalie,Goalie
3411,Phemeia McLaughlin,G,1,YUM,78,32,1666,9,14,5,974,883,91,3.28,0,0.907,72,Goalie,Goalie
3562,Andrei Vasilevskiy,G,1,CAR,78,25,1449,10,9,4,834,750,84,3.48,1,0.899,73,Goalie,Goalie
3566,Gregory Eriksson,G,1,NBB,78,29,1522,16,7,1,766,686,80,3.15,1,0.896,68,Goalie,Goalie
3568,Katharina Rosenthal,G,1,NL,78,48,2817,22,23,2,1564,1398,166,3.53,1,0.894,71,Goalie,Goalie
3578,Jeff Kirkstone III,G,1,OTT,78,27,1406,10,11,2,800,716,84,3.58,2,0.895,68,Goalie,Goalie
3579,QCCBOT4,G,1,QCC,78,32,1655,11,15,1,941,836,105,3.81,1,0.888,67,Goalie,Goalie
3580,Ela Solberg,G,1,QCC,78,42,2299,18,19,2,1342,1207,135,3.52,0,0.899,72,Goalie,Goalie
2154,Jon-Isaac Forty-One,G,1,KEL,79,36,1922,10,18,3,1101,982,119,3.71,0,0.892,69,Goalie,Goalie
2501,Dolph,G,1,CAR,79,57,3234,37,13,3,1697,1519,178,3.30,1,0.895,71,Goalie,Goalie
2626,Kris,G,1,MET,79,47,2654,30,13,2,1377,1226,151,3.41,1,0.890,69,Goalie,Goalie
2634,Akira Suzuki,G,1,NBB,79,48,2238,13,20,4,1460,1301,159,4.26,0,0.891,67,Goalie,Goalie
2636,Bishop Van Apeldoorn,G,1,OTT,79,36,1953,20,11,1,1105,987,118,3.62,2,0.893,70,Goalie,Goalie
2663,Grant Berd,G,1,TBW,79,47,2404,20,21,2,1416,1270,146,3.64,0,0.897,69,Goalie,Goalie
2680,Gino Fortezza,G,1,KEL,79,40,2060,9,24,2,1205,1050,155,4.51,2,0.871,61,Goalie,Goalie
2724,Trent Mackenzie,G,1,VAN,79,60,3085,8,46,2,2399,2137,262,5.10,0,0.891,71,Goalie,Goalie
2757,Adam Joy,G,1,ANC,79,44,2328,27,10,0,1236,1104,132,3.40,3,0.893,68,Goalie,Goalie
2943,Mark Andrew Flower,G,1,DET,79,46,2602,20,18,3,1610,1452,158,3.64,1,0.902,75,Goalie,Goalie
2983,PeanutButter Zamboni,G,1,ANC,79,32,1641,15,13,1,892,787,105,3.84,1,0.882,65,Goalie,Goalie
2988,Jakub Alexa,G,1,YUM,79,49,2605,21,23,3,1473,1310,163,3.75,1,0.889,68,Goalie,Goalie
3012,Bungus Tungus,G,1,SDT,79,50,2663,16,27,3,1861,1646,215,4.84,1,0.884,70,Goalie,Goalie
3018,Mason remy,G,1,CAR,79,16,754,7,5,1,415,375,40,3.18,1,0.904,70,Goalie,Goalie
3036,Deetee,G,1,SDT,79,21,977,4,10,1,676,604,72,4.42,1,0.893,70,Goalie,Goalie
3068,Jack,G,1,NBB,79,22,980,6,9,2,637,557,80,4.90,1,0.874,63,Goalie,Goalie
3074,Wolfgang Puck,G,1,STL,79,23,1166,11,7,1,667,603,64,3.29,1,0.904,70,Goalie,Goalie
3077,Zsigmond Popovics,G,1,MET,79,26,1326,14,7,0,765,673,92,4.16,0,0.880,65,Goalie,Goalie
3098,Cristobal Khabibulin,G,1,VAN,79,29,909,2,6,2,764,678,86,5.68,1,0.887,63,Goalie,Goalie
3235,Elvar Gil-Galad,G,1,GFG,79,53,2948,19,27,1,1894,1676,218,4.44,1,0.885,70,Goalie,Goalie
3264,Evil Kyle Murray ,G,1,STL,79,50,2821,25,17,5,1619,1448,171,3.64,1,0.894,70,Goalie,Goalie
3321,Honza Havran,G,1,SDT,79,6,336,3,2,0,209,184,25,4.45,0,0.880,68,Goalie,Goalie
3400,Nicholas Scalice,G,1,TBW,79,32,1578,9,11,3,1041,932,109,4.14,0,0.895,69,Goalie,Goalie
3411,Phemeia McLaughlin,G,1,YUM,79,29,1357,8,10,1,863,770,93,4.11,0,0.892,66,Goalie,Goalie
3566,Gregory Eriksson,G,1,NBB,79,16,755,4,8,0,488,424,64,5.08,0,0.869,62,Goalie,Goalie
3568,Katharina Rosenthal,G,1,NL,79,47,2743,31,11,4,1369,1231,138,3.02,4,0.899,72,Goalie,Goalie
3578,Jeff Kirkstone III,G,1,OTT,79,35,2017,16,16,2,1287,1153,134,3.99,2,0.896,73,Goalie,Goalie
3579,QCCBOT4,G,1,QCC,79,45,2422,29,13,0,1267,1138,129,3.19,2,0.898,70,Goalie,Goalie
3580,Ela Solberg,G,1,QCC,79,28,1537,17,5,2,791,712,79,3.08,2,0.900,71,Goalie,Goalie
3722,DarthDeavin,G,1,COL,79,37,1941,22,9,2,1079,962,117,3.62,0,0.892,67,Goalie,Goalie
3724,Meowlnir Kittenson,G,1,COL,79,38,2037,18,14,1,1320,1198,122,3.59,0,0.908,75,Goalie,Goalie
3730,Martin Mackerelmore,G,1,GFG,79,26,1029,10,9,0,629,555,74,4.31,0,0.882,62,Goalie,Goalie
3741,James Connolly,G,1,NL,79,22,1235,14,6,0,645,578,67,3.25,0,0.896,70,Goalie,Goalie
3746,Lucas Dill,G,1,DET,79,26,1387,13,11,1,842,754,88,3.81,1,0.895,71,Goalie,Goalie
1246,Unstopab Owl,G,1,QCC,80,1,12,0,0,0,1,1,0,0.00,0,1.000,49,Goalie,Goalie
2154,Jon-Isaac Forty-One,G,1,KEL,80,38,2012,21,11,1,1121,1012,109,3.25,4,0.903,72,Goalie,Goalie
2626,Kris,G,1,MET,80,45,2574,29,15,0,1234,1103,131,3.05,2,0.894,69,Goalie,Goalie
2663,Grant Berd,G,1,TBW,80,49,2524,14,23,4,1566,1390,176,4.18,1,0.888,67,Goalie,Goalie
2680,Gino Fortezza,G,1,KEL,80,37,1950,13,20,0,1260,1131,129,3.97,1,0.898,73,Goalie,Goalie
2713,Andrei Vasilevskiy,G,1,DET,80,3,149,0,2,0,156,145,11,4.42,0,0.929,88,Goalie,Goalie
2724,Trent Mackenzie,G,1,VAN,80,58,3358,26,26,6,2161,1954,207,3.70,3,0.904,76,Goalie,Goalie
2769,Meguru Bachira,G,1,YUM,80,43,1855,16,10,3,1164,1031,133,4.30,2,0.886,64,Goalie,Goalie
2983,PeanutButter Zamboni,G,1,ANC,80,41,2371,27,9,3,1221,1101,120,3.04,4,0.902,72,Goalie,Goalie
2988,Jakub Alexa,G,1,YUM,80,43,2133,15,21,1,1427,1267,160,4.50,3,0.888,67,Goalie,Goalie
3068,Jack,G,1,NBB,80,39,1956,16,16,1,1072,935,137,4.20,0,0.872,61,Goalie,Goalie
3074,Wolfgang Puck,G,1,STL,80,50,2746,10,32,5,1686,1507,179,3.91,3,0.894,71,Goalie,Goalie
3077,Zsigmond Popovics,G,1,MET,80,26,1392,13,8,1,695,610,85,3.66,1,0.878,63,Goalie,Goalie
3098,Cristobal Khabibulin,G,1,VAN,80,13,643,1,7,0,464,408,56,5.22,0,0.879,64,Goalie,Goalie
3278,Matt Retinol,G,1,CAR,80,35,1929,21,10,2,951,856,95,2.95,2,0.900,70,Goalie,Goalie
3308,Jack Ryan,G,1,TBW,80,35,1455,6,18,1,920,814,106,4.37,1,0.885,64,Goalie,Goalie
3321,Honza Havran,G,1,CAR,80,36,2051,27,4,2,957,874,83,2.43,5,0.913,74,Goalie,Goalie
3411,Phemeia McLaughlin,G,1,COL,80,29,1298,8,13,0,892,801,91,4.21,1,0.898,70,Goalie,Goalie
3458,Luká Dostál,G,1,STL,80,23,1139,6,10,2,711,636,75,3.95,0,0.895,68,Goalie,Goalie
3490,Mark Andrew Flower,G,1,OTT,80,7,338,4,2,0,197,175,22,3.90,0,0.888,67,Goalie,Goalie
3530,John Gibson,G,1,DET,80,36,1995,8,22,3,1310,1168,142,4.27,2,0.892,69,Goalie,Goalie
3568,Katharina Rosenthal,G,1,NL,80,47,2773,36,8,2,1471,1346,125,2.70,3,0.915,77,Goalie,Goalie
3578,Jeff Kirkstone III,G,1,OTT,80,57,3240,31,23,1,1674,1499,175,3.24,8,0.895,70,Goalie,Goalie
3579,QCCBOT4,G,1,QCC,80,31,1680,26,3,0,779,698,81,2.89,1,0.896,68,Goalie,Goalie
3580,Ela Solberg,G,1,QCC,80,40,2286,27,8,2,1181,1075,106,2.78,4,0.910,73,Goalie,Goalie
3724,Meowlnir Kittenson,G,1,COL,80,48,2659,23,20,2,1565,1405,160,3.61,1,0.898,71,Goalie,Goalie
3730,Martin Mackerelmore,G,1,GFG,80,52,2860,15,30,3,1783,1601,182,3.82,1,0.898,73,Goalie,Goalie
3741,James Connolly,G,1,NL,80,20,1207,14,4,2,702,634,68,3.38,1,0.903,77,Goalie,Goalie
3746,Lucas Dill,G,1,DET,80,24,1083,5,11,2,700,625,75,4.15,0,0.893,67,Goalie,Goalie
3882,Linus Ully,G,1,ANC,80,29,1604,17,7,3,781,701,80,2.99,2,0.898,71,Goalie,Goalie
3886,Matti Brynjarsson,G,1,GFG,80,26,1124,4,12,2,691,617,74,3.95,1,0.893,64,Goalie,Goalie
3894,Claude L'Castor,G,1,NBB,80,40,2012,16,16,1,1095,969,126,3.76,1,0.885,65,Goalie,Goalie
3903,Baldur-Ulysse Soderberg-Tremblay,G,1,SDT,80,50,2680,20,20,8,1687,1511,176,3.94,1,0.896,70,Goalie,Goalie
3906,Cauliflower Pizza,G,1,SDT,80,26,1314,8,9,1,747,668,79,3.61,0,0.894,68,Goalie,Goalie
1246,Unstopab Owl,G,1,QCC,81,2,64,0,0,0,46,42,4,3.74,0,0.913,68,Goalie,Goalie
2154,Jon-Isaac Forty-One,G,1,KEL,81,40,2013,22,13,0,1133,1017,116,3.46,1,0.898,69,Goalie,Goalie
2724,Florence-Amelie Mackenzie,G,1,VAN,81,46,2558,30,14,1,1325,1201,124,2.91,3,0.906,72,Goalie,Goalie
2914,Mrkicksave41,G,1,COL,81,36,1446,10,14,1,885,770,115,4.77,0,0.870,58,Goalie,Goalie
3068,Jack,G,1,VAN,81,33,1704,10,13,4,1003,891,112,3.94,1,0.888,68,Goalie,Goalie
3091,Wal Rus,G,1,STL,81,46,2471,12,26,3,1548,1366,182,4.42,0,0.882,67,Goalie,Goalie
3105,Travis Coates,G,1,MET,81,34,1937,19,13,0,1099,977,122,3.78,0,0.889,70,Goalie,Goalie
3111,K.J Daniels,G,1,NL,81,19,1029,9,8,0,488,428,60,3.50,0,0.877,62,Goalie,Goalie
3119,Jonny Hockey,G,1,ANC,81,42,2357,16,20,4,1436,1292,144,3.67,1,0.900,73,Goalie,Goalie
3159,Tyler Bodega,G,1,GFG,81,28,1324,7,13,1,974,870,104,4.71,0,0.893,70,Goalie,Goalie
3296,George Dankse,G,1,MET,81,35,2020,23,11,0,1065,957,108,3.21,1,0.899,72,Goalie,Goalie
3308,Jack Ryan,G,1,TBW,81,49,2591,22,19,2,1746,1546,200,4.63,1,0.885,68,Goalie,Goalie
3321,Honza Havran,G,1,CAR,81,35,1989,22,10,1,1036,934,102,3.08,2,0.902,72,Goalie,Goalie
3369,Andrew Drewski,G,1,CAR,81,34,1977,16,16,1,1057,932,125,3.79,1,0.882,67,Goalie,Goalie
3417,Yuri Satoshi,G,1,KEL,81,39,1949,23,8,0,1034,931,103,3.17,1,0.900,69,Goalie,Goalie
3438,Teemu Järvinen,G,1,STL,81,32,1506,10,15,0,954,856,98,3.90,2,0.897,69,Goalie,Goalie
3530,John Gibson,G,1,DET,81,45,2481,12,29,1,1587,1419,168,4.06,1,0.894,73,Goalie,Goalie
3568,Katharina Rosenthal,G,1,NL,81,51,2941,35,11,3,1398,1267,131,2.67,4,0.906,72,Goalie,Goalie
3578,Jeff Kirkstone III,G,1,OTT,81,46,2666,25,18,2,1412,1269,143,3.22,5,0.899,71,Goalie,Goalie
3579,QCCBOT4,G,1,QCC,81,29,1683,15,11,3,861,771,90,3.21,2,0.895,71,Goalie,Goalie
3580,Ela Solberg,G,1,QCC,81,40,2226,29,7,1,1168,1076,92,2.48,4,0.921,79,Goalie,Goalie
3724,Meowlnir Kittenson,G,1,COL,81,51,2523,17,20,4,1618,1456,162,3.85,1,0.900,71,Goalie,Goalie
3746,Lucas Dill,G,1,DET,81,28,1477,10,14,0,926,832,94,3.82,0,0.898,73,Goalie,Goalie
3882,Linus Ully,G,1,ANC,81,29,1647,12,12,2,950,858,92,3.35,0,0.903,74,Goalie,Goalie
3886,Matti Brynjarsson,G,1,GFG,81,50,2647,13,28,4,1851,1673,178,4.03,2,0.904,75,Goalie,Goalie
3894,Claude L'Castor,G,1,NBB,81,42,2149,17,21,1,1238,1094,144,4.02,0,0.884,65,Goalie,Goalie
3906,Cauliflower Pizza,G,1,SDT,81,50,2797,25,23,2,1474,1308,166,3.56,4,0.887,67,Goalie,Goalie
4041,Cj Foley,G,1,YUM,81,36,1815,9,20,1,1146,997,149,4.92,2,0.870,62,Goalie,Goalie
4047,Jose Brodeur,G,1,TBW,81,29,1381,10,11,2,936,831,105,4.56,0,0.888,69,Goalie,Goalie
4056,Nicholas Scalice,G,1,SDT,81,22,1173,11,4,1,581,519,62,3.17,0,0.893,67,Goalie,Goalie
4068,Victor Bjork-Pejlikka,G,1,OTT,81,23,1311,14,5,2,630,566,64,2.93,1,0.898,70,Goalie,Goalie
4069,Tyler Yakimo,G,1,NBB,81,26,1390,9,9,1,871,774,97,4.19,0,0.889,70,Goalie,Goalie
4070,Mr. Electric,G,1,YUM,81,43,2146,13,20,3,1350,1209,141,3.94,1,0.896,69,Goalie,Goalie
2724,Florence-Amelie Mackenzie,G,1,VAN,82,47,2778,23,18,5,1324,1184,140,3.02,1,0.894,68,Goalie,Goalie
2914,Mrkicksave41,G,1,COL,82,30,1408,7,12,1,730,644,86,3.66,3,0.882,61,Goalie,Goalie
3006,Theo Dahl,G,1,DET,82,23,1107,11,4,1,515,457,58,3.14,2,0.887,62,Goalie,Goalie
3068,Jack,G,1,VAN,82,21,1202,16,3,1,491,438,53,2.64,0,0.892,66,Goalie,Goalie
3105,Travis Coates,G,1,MET,82,36,1968,17,14,2,1070,963,107,3.26,1,0.900,70,Goalie,Goalie
3111,K.J Daniels,G,1,NL,82,65,3648,29,33,3,2344,2086,258,4.24,0,0.890,69,Goalie,Goalie
3119,Jonny Hockey,G,1,ANC,82,40,2258,10,27,0,1306,1143,163,4.33,1,0.875,64,Goalie,Goalie
3159,Tyler Bodega,G,1,GFG,82,23,1294,14,6,1,516,457,59,2.73,1,0.886,63,Goalie,Goalie
3296,George Dankse,G,1,MET,82,36,2047,20,9,4,1042,942,100,2.93,4,0.904,72,Goalie,Goalie
3308,Jack Ryan,G,1,TBW,82,42,2338,7,31,0,1464,1255,209,5.36,2,0.857,59,Goalie,Goalie
3321,Honza Havran,G,1,CAR,82,35,2069,21,11,2,1040,920,120,3.48,2,0.885,68,Goalie,Goalie
3369,Andrew Drewski,G,1,STL,82,16,858,11,2,0,384,346,38,2.66,0,0.901,68,Goalie,Goalie
3417,Yuri Satoshi,G,1,KEL,82,48,2702,29,13,3,1312,1161,151,3.35,3,0.885,65,Goalie,Goalie
3438,Teemu Järvinen,G,1,STL,82,53,3121,38,14,1,1504,1341,163,3.13,2,0.892,67,Goalie,Goalie
3530,John Gibson,G,1,DET,82,49,2810,20,27,2,1390,1210,180,3.84,3,0.871,61,Goalie,Goalie
3622,Haddie Minch,G,1,OTT,82,28,1449,8,15,2,785,688,97,4.02,1,0.876,62,Goalie,Goalie
3639,Lurtz Makoare,G,1,QCC,82,54,3071,29,21,2,1370,1200,170,3.32,2,0.876,62,Goalie,Goalie
3669,Maverick,G,1,NL,82,9,315,0,1,0,166,142,24,4.57,0,0.855,53,Goalie,Goalie
3697,Joe McPadstack,G,1,CAR,82,33,1923,19,10,3,1005,905,100,3.12,2,0.900,71,Goalie,Goalie
3724,Meowlnir Kittenson,G,1,COL,82,49,2558,20,25,1,1415,1257,158,3.71,1,0.888,66,Goalie,Goalie
3730,Martin Mackerelmore,G,1,QCC,82,18,905,7,4,3,474,427,47,3.11,0,0.901,67,Goalie,Goalie
3882,Linus Ully,G,1,KEL,82,26,1291,12,7,2,578,500,78,3.62,1,0.865,58,Goalie,Goalie
3886,Matti Brynjarsson,G,1,GFG,82,46,2678,28,13,4,1142,1030,112,2.51,2,0.902,69,Goalie,Goalie
3894,Claude L'Castor,G,1,NBB,82,44,2452,15,26,1,1369,1207,162,3.96,1,0.882,65,Goalie,Goalie
3906,Cauliflower Pizza,G,1,SDT,82,48,2638,19,24,4,1451,1292,159,3.62,3,0.890,67,Goalie,Goalie
4041,Cj Foley,G,1,YUM,82,24,1312,9,12,1,714,619,95,4.34,2,0.867,60,Goalie,Goalie
4047,Jose Brodeur,G,1,TBW,82,33,1619,8,18,2,1048,932,116,4.30,2,0.889,67,Goalie,Goalie
4056,Nicholas Scalice,G,1,SDT,82,25,1373,5,9,5,738,639,99,4.32,0,0.866,59,Goalie,Goalie
4068,Victor Bjork-Pejlikka,G,1,OTT,82,45,2530,25,15,1,1279,1158,121,2.87,3,0.905,72,Goalie,Goalie
4069,Tyler Yakimo,G,1,NBB,82,30,1504,10,14,0,895,784,111,4.43,2,0.876,62,Goalie,Goalie
4070,Mr. Electric,G,1,YUM,82,5,299,3,2,0,163,146,17,3.41,1,0.896,74,Goalie,Goalie
4207,Olivia Osgood,G,1,ANC,82,32,1695,13,14,2,947,838,109,3.86,1,0.885,67,Goalie,Goalie
2769,Meguru Bachira,G,1,VAN,83,59,3468,26,28,4,1793,1588,205,3.55,4,0.886,67,Goalie,Goalie
2894,angel anne kowalczyk,G,1,STL,83,45,2568,30,8,4,1257,1127,130,3.04,3,0.897,70,Goalie,Goalie
2914,Mrkicksave41,G,1,COL,83,58,3230,23,23,6,1722,1524,198,3.68,2,0.885,66,Goalie,Goalie
3006,Theo Dahl,G,1,DET,83,24,1290,12,6,2,675,612,63,2.93,1,0.907,71,Goalie,Goalie
3094,Puck Norris,G,1,QCC,83,6,305,4,2,0,192,174,18,3.54,0,0.906,76,Goalie,Goalie
3105,Travis Coates,G,1,MET,83,57,3253,21,32,4,2041,1815,226,4.17,1,0.889,71,Goalie,Goalie
3111,K.J Daniels,G,1,TBW,83,55,3043,17,28,6,1703,1484,219,4.32,0,0.871,62,Goalie,Goalie
3119,Jonny Hockey,G,1,ANC,83,37,2101,15,20,1,1051,934,117,3.34,3,0.889,68,Goalie,Goalie
3159,Tyler Bodega,G,1,GFG,83,34,2032,20,10,3,888,802,86,2.54,3,0.903,70,Goalie,Goalie
3296,George Dankse,G,1,MET,83,18,722,3,6,0,482,429,53,4.40,1,0.890,66,Goalie,Goalie
3308,Jack Ryan,G,1,NL,83,47,2627,18,28,0,1610,1424,186,4.25,2,0.884,68,Goalie,Goalie
3321,Honza Havran,G,1,CAR,83,50,2906,26,20,3,1582,1412,170,3.51,3,0.893,70,Goalie,Goalie
3369,Andrew Drewski,G,1,COL,83,22,764,5,6,3,446,398,48,3.77,1,0.892,63,Goalie,Goalie
3417,Yuri Satoshi,G,1,KEL,83,53,3041,20,28,4,1776,1583,193,3.81,3,0.891,70,Goalie,Goalie
3421,Campanella and Giovanni,G,1,NBB,83,23,1358,9,8,5,604,524,80,3.53,3,0.868,60,Goalie,Goalie
3438,Teemu Jarvinen,G,1,STL,83,25,1421,18,5,1,691,621,70,2.95,1,0.899,70,Goalie,Goalie
3481,Clortus Skeertech,G,1,CAR,83,3,139,0,3,0,77,65,12,5.17,0,0.844,51,Goalie,Goalie
3530,John Gibson,G,1,DET,83,46,2676,26,18,2,1340,1188,152,3.41,0,0.887,67,Goalie,Goalie
3622,Haddie Minch,G,1,OTT,83,16,831,5,8,0,444,382,62,4.48,1,0.860,58,Goalie,Goalie
3639,Lurtz Makoare,G,1,QCC,83,55,3232,40,11,2,1627,1465,162,3.01,1,0.900,72,Goalie,Goalie
3669,Maverick,G,1,NL,83,26,1329,14,5,0,772,689,83,3.74,1,0.892,67,Goalie,Goalie
3697,Joe McPadstack,G,1,CAR,83,17,914,8,6,0,519,469,50,3.28,1,0.904,71,Goalie,Goalie
3882,Linus Ully,G,1,KEL,83,22,934,7,6,1,528,485,43,2.76,1,0.919,71,Goalie,Goalie
3886,Matti Brynjarsson,G,1,GFG,83,33,1978,25,8,0,854,768,86,2.61,1,0.899,69,Goalie,Goalie
3894,Claude L'Castor,G,1,NBB,83,45,2630,26,17,1,1190,1049,141,3.22,5,0.882,65,Goalie,Goalie
3906,Cauliflower Pizza,G,1,SDT,83,55,3120,16,32,4,1786,1554,232,4.46,1,0.870,62,Goalie,Goalie
4041,Cj Foley,G,1,YUM,83,49,2864,24,20,3,1417,1268,149,3.12,2,0.895,69,Goalie,Goalie
4047,Jose Brodeur,G,1,TBW,83,21,960,7,9,0,579,503,76,4.75,0,0.869,59,Goalie,Goalie
4056,Nicholas Scalice,G,1,SDT,83,20,856,3,11,0,538,452,86,6.02,0,0.840,50,Goalie,Goalie
4068,Victor Bjork-Pejlikka,G,1,OTT,83,55,3150,32,20,1,1711,1535,176,3.35,4,0.897,72,Goalie,Goalie
4069,Tyler Yakimo,G,1,VAN,83,11,509,6,2,0,263,237,26,3.06,0,0.901,67,Goalie,Goalie
4070,Mr. Electric,G,1,YUM,83,20,1113,8,10,1,664,601,63,3.40,2,0.905,74,Goalie,Goalie
4207,Olivia Osgood,G,1,ANC,83,34,1866,10,18,2,982,861,121,3.89,0,0.877,64,Goalie,Goalie
876,ANC EBUG,G,1,ANC,84,3,187,3,0,0,76,65,11,3.52,0,0.855,57,Goalie,Goalie
2354,Det EBUG,G,1,DET,84,25,1366,13,10,0,695,604,91,4.00,0,0.869,61,Goalie,Goalie
2635,Buggy D. Backup,G,1,NBB,84,22,1199,10,6,3,510,448,62,3.10,2,0.878,63,Goalie,Goalie
2637,KEL EBUG,G,1,KEL,84,11,366,0,4,0,232,192,40,6.55,0,0.828,48,Goalie,Goalie
2736,Robert Krohn,G,1,SDT,84,51,2833,28,18,2,1473,1313,160,3.39,4,0.891,69,Goalie,Goalie
2894,angel anne kowalczyk,G,1,STL,84,34,1732,19,11,2,856,757,99,3.43,3,0.884,65,Goalie,Goalie
2914,Mrkicksave41,G,1,COL,84,47,2362,17,21,1,1430,1253,177,4.50,1,0.876,63,Goalie,Goalie
3006,Theo Dahl,G,1,DET,84,46,2620,29,13,1,1267,1125,142,3.25,3,0.888,67,Goalie,Goalie
3094,Puck Norris,G,1,QCC,84,29,1503,18,8,1,740,663,77,3.07,3,0.896,68,Goalie,Goalie
3105,Travis Coates,G,1,MET,84,39,2116,15,18,0,1227,1062,165,4.68,2,0.866,61,Goalie,Goalie
3111,K.J Daniels,G,1,TBW,84,48,2726,28,15,4,1474,1311,163,3.59,3,0.889,69,Goalie,Goalie
3119,Jonny Hockey,G,1,CAR,84,44,2542,27,15,1,1256,1123,133,3.14,4,0.894,69,Goalie,Goalie
3159,Tyler Bodega,G,1,GFG,84,49,2697,21,26,1,1499,1339,160,3.56,3,0.893,69,Goalie,Goalie
3287,Petrov Semenov,G,1,ANC,84,24,1272,12,10,1,680,586,94,4.43,0,0.862,59,Goalie,Goalie
3296,George Dankse,G,1,MET,84,36,1830,8,24,1,1104,952,152,4.98,0,0.862,60,Goalie,Goalie
3369,Andrew Drewski,G,1,OTT,84,20,788,2,8,1,443,379,64,4.87,1,0.856,54,Goalie,Goalie
3417,Yuri Satoshi,G,1,KEL,84,34,1780,12,17,1,1001,889,112,3.77,0,0.888,67,Goalie,Goalie
3421,Campanella and Giovanni,G,1,NBB,84,47,2769,30,17,0,1322,1174,148,3.21,1,0.888,67,Goalie,Goalie
3433,Ouri,G,1,GFG,84,26,1265,5,10,3,735,656,79,3.74,0,0.893,67,Goalie,Goalie
3438,Teemu Jarvinen,G,1,STL,84,41,2256,25,5,4,1087,949,138,3.67,1,0.873,61,Goalie,Goalie
3442,Haddie Minch,G,1,NL,84,57,3066,23,29,2,1966,1735,231,4.52,2,0.883,66,Goalie,Goalie
3481,Clortus Skeertech,G,1,COL,84,37,1597,14,12,1,924,807,117,4.39,1,0.873,59,Goalie,Goalie
3497,Colton,G,1,CAR,84,26,1447,11,11,1,686,604,82,3.40,3,0.880,63,Goalie,Goalie
3511,Theo Seber,G,1,KEL,84,43,1827,13,17,2,1141,990,151,4.96,1,0.868,58,Goalie,Goalie
3639,Lurtz Makoare,G,1,QCC,84,44,2462,28,8,3,1112,976,136,3.31,1,0.878,62,Goalie,Goalie
3669,Maverick,G,1,NL,84,20,894,2,9,1,553,476,77,5.17,0,0.861,58,Goalie,Goalie
3697,Joe McPadstack,G,1,ANC,84,44,2356,16,19,2,1167,1033,134,3.41,3,0.885,65,Goalie,Goalie
4041,Cj Foley,G,1,YUM,84,63,3434,22,39,1,2158,1872,286,5.00,1,0.867,61,Goalie,Goalie
4047,Jose Brodeur,G,1,TBW,84,24,1246,14,4,1,608,549,59,2.84,1,0.903,69,Goalie,Goalie
4056,Nicholas Scalice,G,1,SDT,84,20,1132,7,10,1,650,564,86,4.56,0,0.868,62,Goalie,Goalie
4068,Victor Bjork-Pejlikka,G,1,OTT,84,57,3186,22,29,4,1666,1449,217,4.09,0,0.870,61,Goalie,Goalie
4069,Tyler Yakimo,G,1,VAN,84,57,3242,27,25,3,1530,1357,173,3.20,2,0.887,66,Goalie,Goalie
4070,Mr. Electric,G,1,YUM,84,16,521,1,2,1,298,254,44,5.06,0,0.852,53,Goalie,Goalie
4309,Zaheer Zilliams,G,1,VAN,84,5,288,1,3,0,113,97,16,3.33,0,0.858,56,Goalie,Goalie
