id,season,league,conference,division,name,abbreviation,location,nameDetails_first,nameDetails_second,colors_primary,colors_secondary,colors_text,stats_wins,stats_losses,stats_overtimeLosses,stats_shootoutWins,stats_shootoutLosses,stats_points,stats_goalsFor,stats_goalsAgainst,stats_winPercent
0,53,0,0,0,Buffalo Stampede,BUF,Buffalo,Buffalo,Stampede,#164833,#f6bf11,#ffffff,35,14,1,1,0,71,196,109,0.710
1,53,0,0,0,Chicago Syndicate,CHI,Chicago,Chicago,Syndicate,#000000,#d9ad00,#ffffff,24,24,1,1,1,50,134,148,0.500
2,53,0,0,0,Hamilton Steelhawks,HAM,Hamilton,Hamilton,Steelhawks,#243b50,#bab9b9,#ffffff,40,7,0,3,3,83,207,103,0.830
3,53,0,0,0,Toronto North Stars,TOR,Toronto,Toronto,North Stars,#195aa5,#195aa5,#ffffff,6,41,1,1,2,15,84,255,0.150
4,53,0,0,1,Manhattan Rage,MAN,Manhattan,Manhattan,Rage,#97181b,#040101,#ffffff,25,22,1,2,2,53,159,134,0.530
5,53,0,0,1,New England Wolfpack,NEW,New England,New England,Wolfpack,#008236,#6d6e72,#ffffff,42,7,1,2,0,85,196,81,0.850
6,53,0,0,1,Tampa Bay Barracuda,TBB,Tampa Bay,Tampa Bay,Barracuda,#00839a,#061b28,#ffffff,10,38,0,4,2,22,98,197,0.220
7,53,0,0,1,West Kendall Platoon,WKP,West Kendall,West Kendall,Platoon,#08102c,#6b1616,#ffffff,21,22,2,3,5,49,109,156,0.490
8,53,0,1,0,Calgary Dragons,CGY,Calgary,Calgary,Dragons,#b91a2e,#939ba0,#ffffff,31,14,1,1,4,67,189,134,0.670
9,53,0,1,0,Edmonton Blizzard,EDM,Edmonton,Edmonton,Blizzard,#091e40,#249cc4,#ffffff,32,13,2,1,3,69,172,121,0.690
10,53,0,1,0,Minnesota Chiefs,MIN,Minnesota,Minnesota,Chiefs,#003500,#990000,#ffffff,12,33,4,2,1,29,90,183,0.290
11,53,0,1,0,Winnipeg Jets,WPG,Winnipeg,Winnipeg,Jets,#081c41,#be0f25,#ffffff,22,25,2,0,1,47,132,148,0.470
12,53,0,1,1,San Francisco Pride,SFP,San Francisco,San Francisco,Pride,#360854,#d4af37,#ffffff,27,20,2,1,1,57,155,132,0.570
13,53,0,1,1,Los Angeles Panthers,LAP,Los Angeles,Los Angeles,Panthers,#006a7a,#eb7d0b,#ffffff,35,11,1,0,3,74,168,119,0.740
14,53,0,1,1,New Orleans Specters,NOL,New Orleans,New Orleans,Specters,#860efd,#000000,#ffffff,29,17,3,6,1,62,146,122,0.620
15,53,0,1,1,Texas Renegades,TEX,Texas,Texas,Renegades,#000000,#606060,#ffffff,9,41,0,1,0,18,101,194,0.180
0,54,0,0,0,Buffalo Stampede,BUF,Buffalo,Buffalo,Stampede,#164833,#f6bf11,#ffffff,41,7,2,0,0,84,217,93,0.840
1,54,0,0,0,Chicago Syndicate,CHI,Chicago,Chicago,Syndicate,#000000,#d9ad00,#ffffff,35,13,2,0,0,72,226,107,0.720
2,54,0,0,0,Hamilton Steelhawks,HAM,Hamilton,Hamilton,Steelhawks,#243b50,#bab9b9,#ffffff,38,10,1,2,1,78,220,106,0.780
3,54,0,0,0,Toronto North Stars,TOR,Toronto,Toronto,North Stars,#195aa5,#195aa5,#ffffff,11,37,0,0,2,24,101,195,0.240
4,54,0,0,1,Manhattan Rage,MAN,Manhattan,Manhattan,Rage,#97181b,#040101,#ffffff,29,17,0,1,4,62,162,126,0.620
5,54,0,0,1,New England Wolfpack,NEW,New England,New England,Wolfpack,#008236,#6d6e72,#ffffff,28,21,1,2,0,57,171,113,0.570
6,54,0,0,1,Tampa Bay Barracuda,TBB,Tampa Bay,Tampa Bay,Barracuda,#00839a,#061b28,#ffffff,0,50,0,0,0,0,45,309,0.000
7,54,0,0,1,Baltimore Platoon,BAP,Baltimore,Baltimore,Platoon,#08102c,#6b1616,#ffffff,15,33,0,0,2,32,117,181,0.320
8,54,0,1,0,Calgary Dragons,CGY,Calgary,Calgary,Dragons,#b91a2e,#939ba0,#ffffff,26,19,2,2,3,57,162,157,0.570
9,54,0,1,0,Edmonton Blizzard,EDM,Edmonton,Edmonton,Blizzard,#091e40,#249cc4,#ffffff,29,18,2,0,1,61,180,145,0.610
10,54,0,1,0,Minnesota Chiefs,MIN,Minnesota,Minnesota,Chiefs,#003500,#990000,#ffffff,13,34,1,2,2,29,107,216,0.290
11,54,0,1,0,Winnipeg Jets,WPG,Winnipeg,Winnipeg,Jets,#081c41,#be0f25,#ffffff,19,29,1,1,1,40,138,166,0.400
12,54,0,1,1,San Francisco Pride,SFP,San Francisco,San Francisco,Pride,#360854,#d4af37,#ffffff,27,22,0,3,1,55,162,165,0.550
13,54,0,1,1,Los Angeles Panthers,LAP,Los Angeles,Los Angeles,Panthers,#006a7a,#eb7d0b,#ffffff,33,17,0,2,0,66,160,114,0.660
14,54,0,1,1,New Orleans Specters,NOL,New Orleans,New Orleans,Specters,#860efd,#000000,#ffffff,30,16,4,3,0,64,163,138,0.640
15,54,0,1,1,Texas Renegades,TEX,Texas,Texas,Renegades,#000000,#606060,#ffffff,26,19,1,3,4,57,138,138,0.570
0,55,0,0,0,Buffalo Stampede,BUF,Buffalo,Buffalo,Stampede,#164833,#f6bf11,#ffffff,40,10,0,0,0,80,226,98,0.800
1,55,0,0,0,Chicago Syndicate,CHI,Chicago,Chicago,Syndicate,#000000,#d9ad00,#ffffff,30,17,0,1,3,63,187,116,0.630
2,55,0,0,0,Hamilton Steelhawks,HAM,Hamilton,Hamilton,Steelhawks,#243b50,#bab9b9,#ffffff,33,14,1,0,2,69,198,107,0.690
3,55,0,0,0,Toronto North Stars,TOR,Toronto,Toronto,North Stars,#195aa5,#195aa5,#ffffff,10,39,0,0,1,21,87,220,0.210
4,55,0,0,1,Manhattan Rage,MAN,Manhattan,Manhattan,Rage,#97181b,#040101,#ffffff,36,10,2,6,2,76,171,117,0.760
5,55,0,0,1,New England Wolfpack,NEW,New England,New England,Wolfpack,#008236,#6d6e72,#ffffff,27,16,1,0,6,61,149,122,0.610
6,55,0,0,1,Tampa Bay Barracuda,TBB,Tampa Bay,Tampa Bay,Barracuda,#00839a,#061b28,#ffffff,8,42,0,2,0,16,77,260,0.160
7,55,0,0,1,Baltimore Platoon,BAP,Baltimore,Baltimore,Platoon,#08102c,#6b1616,#ffffff,14,32,1,4,3,32,101,178,0.320
8,55,0,1,0,Calgary Dragons,CGY,Calgary,Calgary,Dragons,#b91a2e,#939ba0,#ffffff,31,13,2,3,4,68,168,120,0.680
9,55,0,1,0,Edmonton Blizzard,EDM,Edmonton,Edmonton,Blizzard,#091e40,#249cc4,#ffffff,39,9,1,0,1,80,232,119,0.800
10,55,0,1,0,Minnesota Chiefs,MIN,Minnesota,Minnesota,Chiefs,#003500,#990000,#ffffff,12,38,0,3,0,24,92,191,0.240
11,55,0,1,0,Winnipeg Jets,WPG,Winnipeg,Winnipeg,Jets,#081c41,#be0f25,#ffffff,23,24,0,2,3,49,149,168,0.490
12,55,0,1,1,San Francisco Pride,SFP,San Francisco,San Francisco,Pride,#360854,#d4af37,#ffffff,16,32,1,4,1,34,114,207,0.340
13,55,0,1,1,Los Angeles Panthers,LAP,Los Angeles,Los Angeles,Panthers,#006a7a,#eb7d0b,#ffffff,19,29,0,1,2,40,136,158,0.400
14,55,0,1,1,New Orleans Specters,NOL,New Orleans,New Orleans,Specters,#860efd,#000000,#ffffff,34,11,3,2,2,73,202,120,0.730
15,55,0,1,1,Texas Renegades,TEX,Texas,Texas,Renegades,#000000,#606060,#ffffff,28,19,2,3,1,59,153,141,0.590
0,56,0,0,0,Buffalo Stampede,BUF,Buffalo,Buffalo,Stampede,#164833,#f6bf11,#ffffff,34,16,0,0,0,68,187,112,0.680
1,56,0,0,0,Chicago Syndicate,CHI,Chicago,Chicago,Syndicate,#1a1a18,#d9ad00,#ffffff,37,9,0,1,4,78,201,98,0.780
2,56,0,0,0,Hamilton Steelhawks,HAM,Hamilton,Hamilton,Steelhawks,#243b50,#bab9b9,#ffffff,40,4,2,3,4,86,228,91,0.860
3,56,0,0,0,Toronto North Stars,TOR,Toronto,Toronto,North Stars,#195aa5,#195aa5,#ffffff,19,28,1,2,2,41,118,156,0.410
4,56,0,0,1,Manhattan Rage,MAN,Manhattan,Manhattan,Rage,#97181b,#1a1a18,#ffffff,35,14,1,1,0,71,195,115,0.710
5,56,0,0,1,New England Wolfpack,NEW,New England,New England,Wolfpack,#008236,#6d6e72,#ffffff,25,23,1,2,1,52,136,163,0.520
6,56,0,0,1,Tampa Bay Barracuda,TBB,Tampa Bay,Tampa Bay,Barracuda,#00839a,#061b28,#ffffff,11,37,1,2,1,24,78,223,0.240
7,56,0,0,1,Baltimore Platoon,BAP,Baltimore,Baltimore,Platoon,#08102c,#6b1616,#ffffff,10,37,1,4,2,23,87,193,0.230
8,56,0,1,0,Calgary Dragons,CGY,Calgary,Calgary,Dragons,#b91a2e,#939ba0,#ffffff,38,8,2,2,2,80,190,85,0.800
9,56,0,1,0,Edmonton Blizzard,EDM,Edmonton,Edmonton,Blizzard,#091e40,#249cc4,#ffffff,32,17,0,0,1,65,192,123,0.650
10,56,0,1,0,Minnesota Monarchs,MIN,Minnesota,Minnesota,Monarchs,#0e3b1e,#322460,#ffffff,16,32,1,2,1,34,104,177,0.340
11,56,0,1,0,Winnipeg Jets,WPG,Winnipeg,Winnipeg,Jets,#081c41,#be0f25,#ffffff,21,26,2,0,1,45,127,167,0.450
12,56,0,1,1,San Francisco Pride,SFP,San Francisco,San Francisco,Pride,#360854,#d4af37,#ffffff,4,42,2,2,2,12,71,243,0.120
13,56,0,1,1,Los Angeles Panthers,LAP,Los Angeles,Los Angeles,Panthers,#006a7a,#eb7d0b,#ffffff,24,22,1,3,3,52,109,135,0.520
14,56,0,1,1,New Orleans Specters,NOL,New Orleans,New Orleans,Specters,#860efd,#1a1a18,#ffffff,28,15,5,4,2,63,148,119,0.630
15,56,0,1,1,Texas Renegades,TEX,Texas,Texas,Renegades,#1a1a18,#606060,#ffffff,34,16,0,3,0,68,178,128,0.680
18,56,0,0,1,Atlanta Inferno,ATL,Atlanta,Atlanta,Inferno,#be1e2d,#f26522,#ffffff,25,22,0,0,3,53,175,153,0.530
19,56,0,1,0,Seattle Argonauts,SEA,Seattle,Seattle,Argonauts,#192e58,#c5942c,#ffffff,17,29,1,1,3,38,113,156,0.380
0,57,0,0,0,Buffalo Stampede,BUF,Buffalo,Buffalo,Stampede,#164833,#f6bf11,#ffffff,50,13,1,4,2,103,254,148,0.780
1,57,0,0,0,Chicago Syndicate,CHI,Chicago,Chicago,Syndicate,#1a1a18,#d9ad00,#ffffff,51,12,1,7,2,105,280,142,0.795
2,57,0,0,0,Hamilton Steelhawks,HAM,Hamilton,Hamilton,Steelhawks,#243b50,#bab9b9,#ffffff,53,9,0,1,4,110,283,147,0.833
3,57,0,0,0,Toronto North Stars,TOR,Toronto,Toronto,North Stars,#195aa5,#195aa5,#ffffff,34,26,3,2,3,74,192,181,0.561
4,57,0,0,1,Manhattan Rage,MAN,Manhattan,Manhattan,Rage,#97181b,#1a1a18,#ffffff,42,20,2,2,2,88,252,171,0.667
5,57,0,0,1,New England Wolfpack,NEW,New England,New England,Wolfpack,#008236,#6d6e72,#ffffff,24,37,1,3,4,53,180,231,0.402
6,57,0,0,1,Tampa Bay Barracuda,TBB,Tampa Bay,Tampa Bay,Barracuda,#00839a,#061b28,#ffffff,17,46,1,1,2,37,125,295,0.280
7,57,0,0,1,Baltimore Platoon,BAP,Baltimore,Baltimore,Platoon,#08102c,#6b1616,#ffffff,13,48,2,0,3,31,112,246,0.235
8,57,0,1,0,Calgary Dragons,CGY,Calgary,Calgary,Dragons,#a40000,#797979,#ffffff,44,19,0,2,3,91,237,157,0.689
9,57,0,1,0,Edmonton Blizzard,EDM,Edmonton,Edmonton,Blizzard,#091e40,#249cc4,#ffffff,45,16,1,2,4,95,266,184,0.720
10,57,0,1,0,Minnesota Monarchs,MIN,Minnesota,Minnesota,Monarchs,#0e3b1e,#322460,#ffffff,21,42,2,1,1,45,163,234,0.341
11,57,0,1,0,Winnipeg Jets,WPG,Winnipeg,Winnipeg,Jets,#081c41,#be0f25,#ffffff,37,26,2,5,1,77,195,173,0.583
12,57,0,1,1,San Francisco Pride,SFP,San Francisco,San Francisco,Pride,#360854,#d4af37,#ffffff,12,53,0,3,1,25,113,254,0.189
13,57,0,1,1,Los Angeles Panthers,LAP,Los Angeles,Los Angeles,Panthers,#006a7a,#eb7d0b,#ffffff,36,22,1,3,7,80,193,176,0.606
14,57,0,1,1,New Orleans Specters,NOL,New Orleans,New Orleans,Specters,#860efd,#1a1a18,#ffffff,22,41,1,3,2,47,137,221,0.356
15,57,0,1,1,Texas Renegades,TEX,Texas,Texas,Renegades,#1a1a18,#606060,#ffffff,44,20,0,2,2,90,244,161,0.682
18,57,0,0,1,Atlanta Inferno,ATL,Atlanta,Atlanta,Inferno,#be1e2d,#f26522,#ffffff,27,33,4,3,2,60,199,223,0.455
19,57,0,1,0,Seattle Argonauts,SEA,Seattle,Seattle,Argonauts,#192e58,#c5942c,#ffffff,22,42,2,1,0,46,138,219,0.348
0,58,0,0,0,Buffalo Stampede,BUF,Buffalo,Buffalo,Stampede,#164833,#f6bf11,#ffffff,42,18,0,0,6,90,253,134,0.682
1,58,0,0,0,Chicago Syndicate,CHI,Chicago,Chicago,Syndicate,#1a1a18,#d9ad00,#ffffff,42,20,3,2,1,88,240,130,0.667
2,58,0,0,0,Hamilton Steelhawks,HAM,Hamilton,Hamilton,Steelhawks,#243b50,#bab9b9,#ffffff,50,13,0,2,3,103,261,169,0.780
3,58,0,0,0,Toronto North Stars,TOR,Toronto,Toronto,North Stars,#195aa5,#195aa5,#ffffff,46,14,4,3,2,98,240,159,0.742
4,58,0,0,1,Manhattan Rage,MAN,Manhattan,Manhattan,Rage,#97181b,#1a1a18,#ffffff,34,26,2,2,4,74,217,198,0.561
5,58,0,0,1,New England Wolfpack,NEW,New England,New England,Wolfpack,#008236,#6d6e72,#ffffff,25,37,2,7,2,54,149,240,0.409
6,58,0,0,1,Tampa Bay Barracuda,TBB,Tampa Bay,Tampa Bay,Barracuda,#00839a,#061b28,#ffffff,26,38,2,4,0,54,181,240,0.409
7,58,0,0,1,Baltimore Platoon,BAP,Baltimore,Baltimore,Platoon,#08102c,#6b1616,#ffffff,27,34,2,3,3,59,181,241,0.447
8,58,0,1,0,Calgary Dragons,CGY,Calgary,Calgary,Dragons,#a40000,#797979,#ffffff,44,19,1,2,2,91,239,158,0.689
9,58,0,1,0,Edmonton Blizzard,EDM,Edmonton,Edmonton,Blizzard,#091e40,#249cc4,#ffffff,42,21,1,4,2,87,267,204,0.659
10,58,0,1,0,Minnesota Monarchs,MIN,Minnesota,Minnesota,Monarchs,#0e3b1e,#322460,#ffffff,23,36,4,3,3,53,153,222,0.402
11,58,0,1,0,Winnipeg Aurora,WPG,Winnipeg,Winnipeg,Aurora,#0e2e2d,#2ef9b4,#ffffff,26,37,0,2,3,55,170,208,0.417
12,58,0,1,1,San Francisco Pride,SFP,San Francisco,San Francisco,Pride,#360854,#d4af37,#ffffff,20,40,0,1,6,46,158,263,0.348
13,58,0,1,1,Los Angeles Panthers,LAP,Los Angeles,Los Angeles,Panthers,#006a7a,#eb7d0b,#ffffff,29,31,0,4,6,64,198,222,0.485
14,58,0,1,1,New Orleans Specters,NOL,New Orleans,New Orleans,Specters,#860efd,#1a1a18,#ffffff,10,50,2,1,4,26,135,317,0.197
15,58,0,1,1,Texas Renegades,TEX,Texas,Texas,Renegades,#1a1a18,#606060,#ffffff,54,11,0,3,1,109,283,136,0.826
18,58,0,0,1,Atlanta Inferno,ATL,Atlanta,Atlanta,Inferno,#be1e2d,#f26522,#ffffff,30,34,2,4,0,62,212,225,0.470
19,58,0,1,0,Seattle Argonauts,SEA,Seattle,Seattle,Argonauts,#192e58,#c5942c,#ffffff,24,38,2,3,2,52,164,235,0.394
0,59,0,0,0,Buffalo Stampede,BUF,Buffalo,Buffalo,Stampede,#164833,#f6bf11,#ffffff,50,13,1,4,2,103,305,172,0.780
1,59,0,0,0,Chicago Syndicate,CHI,Chicago,Chicago,Syndicate,#1a1a18,#d9ad00,#ffffff,49,15,0,2,2,100,264,151,0.758
2,59,0,0,0,Hamilton Steelhawks,HAM,Hamilton,Hamilton,Steelhawks,#243b50,#bab9b9,#ffffff,56,9,1,0,0,113,308,145,0.856
3,59,0,0,0,Toronto North Stars,TOR,Toronto,Toronto,North Stars,#195aa5,#195aa5,#ffffff,44,17,2,4,3,93,243,176,0.705
4,59,0,0,1,Manhattan Rage,MAN,Manhattan,Manhattan,Rage,#97181b,#1a1a18,#ffffff,21,41,1,4,3,46,148,248,0.348
5,59,0,0,1,New England Wolfpack,NEW,New England,New England,Wolfpack,#008236,#6d6e72,#ffffff,22,41,2,1,1,47,171,246,0.356
6,59,0,0,1,Tampa Bay Barracuda,TBB,Tampa Bay,Tampa Bay,Barracuda,#0ad2d2,#f499c2,#ffffff,20,38,4,2,4,48,185,227,0.364
7,59,0,0,1,Baltimore Platoon,BAP,Baltimore,Baltimore,Platoon,#08102c,#6b1616,#ffffff,23,39,1,3,3,50,177,259,0.379
8,59,0,1,0,Calgary Dragons,CGY,Calgary,Calgary,Dragons,#a40000,#797979,#ffffff,42,20,1,5,3,88,228,184,0.667
9,59,0,1,0,Edmonton Blizzard,EDM,Edmonton,Edmonton,Blizzard,#091e40,#249cc4,#ffffff,34,26,2,2,4,74,226,204,0.561
10,59,0,1,0,Minnesota Monarchs,MIN,Minnesota,Minnesota,Monarchs,#0e3b1e,#322460,#ffffff,30,34,1,4,1,62,164,226,0.470
11,59,0,1,0,Winnipeg Aurora,WPG,Winnipeg,Winnipeg,Aurora,#0e2e2d,#2ef9b4,#ffffff,25,37,2,3,2,54,152,230,0.409
12,59,0,1,1,San Francisco Pride,SFP,San Francisco,San Francisco,Pride,#360854,#d4af37,#ffffff,26,35,3,3,2,57,158,223,0.432
13,59,0,1,1,Los Angeles Panthers,LAP,Los Angeles,Los Angeles,Panthers,#006a7a,#eb7d0b,#ffffff,31,27,3,4,5,70,205,209,0.530
14,59,0,1,1,New Orleans Specters,NOL,New Orleans,New Orleans,Specters,#860efd,#1a1a18,#ffffff,12,49,3,0,2,29,125,285,0.220
15,59,0,1,1,Texas Renegades,TEX,Texas,Texas,Renegades,#1a1a18,#606060,#ffffff,49,15,0,0,2,100,272,141,0.758
18,59,0,0,1,Atlanta Inferno,ATL,Atlanta,Atlanta,Inferno,#be1e2d,#f26522,#ffffff,25,35,1,3,5,56,213,251,0.424
19,59,0,1,0,Seattle Argonauts,SEA,Seattle,Seattle,Argonauts,#192e58,#c5942c,#ffffff,35,27,3,1,1,74,203,170,0.561
0,60,0,0,0,Buffalo Stampede,BUF,Buffalo,Buffalo,Stampede,#164833,#f6bf11,#ffffff,51,10,3,3,2,107,306,166,0.811
1,60,0,1,0,Chicago Syndicate,CHI,Chicago,Chicago,Syndicate,#1a1a18,#d9ad00,#ffffff,45,19,1,4,1,92,267,175,0.697
2,60,0,0,0,Hamilton Steelhawks,HAM,Hamilton,Hamilton,Steelhawks,#243b50,#bab9b9,#ffffff,49,15,1,3,1,100,305,164,0.758
3,60,0,0,0,Toronto North Stars,TOR,Toronto,Toronto,North Stars,#195aa5,#195aa5,#ffffff,42,18,2,1,4,90,230,174,0.682
4,60,0,0,1,Manhattan Rage,MAN,Manhattan,Manhattan,Rage,#97181b,#1a1a18,#ffffff,19,45,1,3,1,40,161,277,0.303
5,60,0,0,0,New England Wolfpack,NEW,New England,New England,Wolfpack,#008236,#6d6e72,#ffffff,27,31,4,3,4,62,198,233,0.470
6,60,0,0,1,Tampa Bay Barracuda,TBB,Tampa Bay,Tampa Bay,Barracuda,#0ad2d2,#f499c2,#ffffff,29,31,2,3,4,64,209,203,0.485
7,60,0,0,1,Baltimore Platoon,BAP,Baltimore,Baltimore,Platoon,#08102c,#6b1616,#ffffff,47,17,0,4,2,96,226,169,0.727
8,60,0,1,1,Calgary Dragons,CGY,Calgary,Calgary,Dragons,#a40000,#797979,#ffffff,38,21,2,0,5,83,235,173,0.629
9,60,0,1,1,Edmonton Blizzard,EDM,Edmonton,Edmonton,Blizzard,#091e40,#249cc4,#ffffff,34,26,2,3,4,74,229,219,0.561
10,60,0,1,0,Minnesota Monarchs,MIN,Minnesota,Minnesota,Monarchs,#0e3b1e,#322460,#ffffff,29,31,2,6,4,64,164,216,0.485
11,60,0,1,0,Winnipeg Aurora,WPG,Winnipeg,Winnipeg,Aurora,#0e2e2d,#2ef9b4,#ffffff,17,44,1,1,4,39,124,258,0.295
12,60,0,1,1,San Francisco Pride,SFP,San Francisco,San Francisco,Pride,#360854,#d4af37,#ffffff,20,41,5,3,0,45,146,255,0.341
13,60,0,1,1,Los Angeles Panthers,LAP,Los Angeles,Los Angeles,Panthers,#006a7a,#eb7d0b,#ffffff,39,24,1,2,2,81,255,210,0.614
14,60,0,1,0,New Orleans Specters,NOL,New Orleans,New Orleans,Specters,#860efd,#1a1a18,#ffffff,14,50,1,3,1,30,138,313,0.227
15,60,0,1,0,Texas Renegades,TEX,Texas,Texas,Renegades,#1a1a18,#606060,#ffffff,43,19,2,3,2,90,240,162,0.682
18,60,0,0,1,Atlanta Inferno,ATL,Atlanta,Atlanta,Inferno,#be1e2d,#f26522,#ffffff,34,27,2,5,3,73,208,186,0.553
19,60,0,1,1,Seattle Argonauts,SEA,Seattle,Seattle,Argonauts,#192e58,#c5942c,#ffffff,31,26,2,1,7,71,223,220,0.538
20,60,0,0,0,Montreal Patriotes,MTL,Montreal,Montreal,Patriotes,#773141,#ffb612,#ffffff,22,39,3,1,2,49,192,264,0.371
21,60,0,0,1,Philadelphia Forge,PHI,Philadelphia,Philadelphia,Forge,#e88900,#a00400,#ffffff,30,33,1,3,2,63,198,217,0.477
0,61,0,0,0,Buffalo Stampede,BUF,Buffalo,Buffalo,Stampede,#164833,#f6bf11,#ffffff,46,16,1,2,3,96,267,150,0.727
1,61,0,1,0,Chicago Syndicate,CHI,Chicago,Chicago,Syndicate,#1a1a18,#d9ad00,#ffffff,42,23,0,1,1,85,261,165,0.644
2,61,0,0,0,Hamilton Steelhawks,HAM,Hamilton,Hamilton,Steelhawks,#243b50,#bab9b9,#ffffff,57,8,1,3,0,115,315,141,0.871
3,61,0,0,0,Toronto North Stars,TOR,Toronto,Toronto,North Stars,#195aa5,#195aa5,#ffffff,33,29,1,2,3,70,209,197,0.530
4,61,0,0,1,Manhattan Rage,MAN,Manhattan,Manhattan,Rage,#97181b,#1a1a18,#ffffff,9,56,0,1,1,19,98,301,0.144
5,61,0,0,0,New England Wolfpack,NEW,New England,New England,Wolfpack,#008236,#6d6e72,#ffffff,36,24,2,1,4,78,231,193,0.591
6,61,0,0,1,Tampa Bay Barracuda,TBB,Tampa Bay,Tampa Bay,Barracuda,#0ad2d2,#f499c2,#ffffff,38,23,2,3,3,81,223,186,0.614
7,61,0,0,1,Baltimore Platoon,BAP,Baltimore,Baltimore,Platoon,#08102c,#6b1616,#ffffff,49,15,0,7,2,100,265,166,0.758
8,61,0,1,1,Calgary Dragons,CGY,Calgary,Calgary,Dragons,#a40000,#797979,#ffffff,34,26,2,5,4,74,206,201,0.561
9,61,0,1,1,Edmonton Blizzard,EDM,Edmonton,Edmonton,Blizzard,#091e40,#249cc4,#ffffff,36,28,1,3,1,74,210,222,0.561
10,61,0,1,0,Minnesota Monarchs,MIN,Minnesota,Minnesota,Monarchs,#0e3b1e,#322460,#ffffff,30,30,2,0,4,66,192,197,0.500
11,61,0,1,0,Winnipeg Aurora,WPG,Winnipeg,Winnipeg,Aurora,#0e2e2d,#2ef9b4,#ffffff,3,58,2,2,3,11,100,345,0.083
12,61,0,1,1,San Francisco Pride,SFP,San Francisco,San Francisco,Pride,#360854,#d4af37,#ffffff,28,31,3,1,4,63,197,196,0.477
13,61,0,1,1,Los Angeles Panthers,LAP,Los Angeles,Los Angeles,Panthers,#006a7a,#eb7d0b,#ffffff,31,29,5,2,1,68,202,236,0.515
14,61,0,1,0,New Orleans Specters,NOL,New Orleans,New Orleans,Specters,#860efd,#1a1a18,#ffffff,26,37,1,6,2,55,165,260,0.417
15,61,0,1,0,Texas Renegades,TEX,Texas,Texas,Renegades,#1a1a18,#606060,#ffffff,49,15,2,3,0,100,268,161,0.758
18,61,0,0,1,Atlanta Inferno,ATL,Atlanta,Atlanta,Inferno,#be1e2d,#f26522,#ffffff,32,30,2,3,2,68,198,214,0.515
19,61,0,1,1,Seattle Argonauts,SEA,Seattle,Seattle,Argonauts,#192e58,#c5942c,#ffffff,31,30,3,2,2,67,217,220,0.508
20,61,0,0,0,Montreal Patriotes,MTL,Montreal,Montreal,Patriotes,#773141,#ffb612,#ffffff,20,40,1,2,5,46,159,234,0.348
21,61,0,0,1,Philadelphia Forge,PHI,Philadelphia,Philadelphia,Forge,#e88900,#a00400,#ffffff,30,27,4,1,5,69,199,197,0.523
0,62,0,0,0,Buffalo Stampede,BUF,Buffalo,Buffalo,Stampede,#164833,#f6bf11,#ffffff,50,16,0,3,0,100,302,187,0.758
1,62,0,1,0,Chicago Syndicate,CHI,Chicago,Chicago,Syndicate,#1a1a18,#d9ad00,#ffffff,56,5,1,1,4,117,315,140,0.886
2,62,0,0,0,Hamilton Steelhawks,HAM,Hamilton,Hamilton,Steelhawks,#243b50,#bab9b9,#ffffff,46,13,2,0,5,99,294,155,0.750
3,62,0,0,0,Toronto North Stars,TOR,Toronto,Toronto,North Stars,#195aa5,#195aa5,#ffffff,32,29,3,4,2,69,195,177,0.523
4,62,0,0,1,Manhattan Rage,MAN,Manhattan,Manhattan,Rage,#97181b,#1a1a18,#ffffff,11,53,1,1,1,24,121,310,0.182
5,62,0,0,0,New England Wolfpack,NEW,New England,New England,Wolfpack,#008236,#6d6e72,#ffffff,36,25,1,3,4,77,252,198,0.583
6,62,0,0,1,Tampa Bay Barracuda,TBB,Tampa Bay,Tampa Bay,Barracuda,#0ad2d2,#f499c2,#ffffff,39,22,2,6,3,83,214,183,0.629
7,62,0,0,1,Baltimore Platoon,BAP,Baltimore,Baltimore,Platoon,#08102c,#6b1616,#ffffff,52,12,1,5,1,106,272,152,0.803
8,62,0,1,1,Calgary Dragons,CGY,Calgary,Calgary,Dragons,#a40000,#797979,#ffffff,36,23,3,6,4,79,219,216,0.598
9,62,0,1,1,Edmonton Blizzard,EDM,Edmonton,Edmonton,Blizzard,#091e40,#249cc4,#ffffff,24,37,1,1,4,53,209,253,0.402
10,62,0,1,0,Minnesota Monarchs,MIN,Minnesota,Minnesota,Monarchs,#0e3b1e,#322460,#ffffff,31,34,0,2,1,63,208,243,0.477
11,62,0,1,0,Winnipeg Aurora,WPG,Winnipeg,Winnipeg,Aurora,#0e2e2d,#2ef9b4,#ffffff,5,60,0,2,1,11,95,354,0.083
12,62,0,1,1,San Francisco Pride,SFP,San Francisco,San Francisco,Pride,#360854,#d4af37,#ffffff,30,32,0,1,4,64,202,223,0.485
13,62,0,1,1,Los Angeles Panthers,LAP,Los Angeles,Los Angeles,Panthers,#006a7a,#eb7d0b,#ffffff,42,22,1,5,1,86,243,189,0.652
14,62,0,1,0,New Orleans Specters,NOL,New Orleans,New Orleans,Specters,#860efd,#1a1a18,#ffffff,20,41,1,3,4,45,173,234,0.341
15,62,0,1,0,Texas Renegades,TEX,Texas,Texas,Renegades,#1a1a18,#606060,#ffffff,49,12,2,5,3,103,266,145,0.780
18,62,0,0,1,Atlanta Inferno,ATL,Atlanta,Atlanta,Inferno,#be1e2d,#f26522,#ffffff,28,28,2,7,8,66,198,235,0.500
19,62,0,1,1,Seattle Argonauts,SEA,Seattle,Seattle,Argonauts,#192e58,#c5942c,#ffffff,30,29,2,3,5,67,214,214,0.508
20,62,0,0,0,Montreal Patriotes,MTL,Montreal,Montreal,Patriotes,#773141,#ffb612,#ffffff,11,52,2,2,1,25,114,330,0.189
21,62,0,0,1,Philadelphia Forge,PHI,Philadelphia,Philadelphia,Forge,#e88900,#a00400,#ffffff,32,25,4,1,5,73,231,199,0.553
0,63,0,0,0,Buffalo Stampede,BUF,Buffalo,Buffalo,Stampede,#164833,#f6bf11,#ffffff,38,21,2,5,5,83,210,177,0.629
1,63,0,1,0,Chicago Syndicate,CHI,Chicago,Chicago,Syndicate,#1a1a18,#d9ad00,#ffffff,47,16,0,2,3,97,255,150,0.735
2,63,0,0,0,Hamilton Steelhawks,HAM,Hamilton,Hamilton,Steelhawks,#243b50,#bab9b9,#ffffff,50,13,1,1,2,103,275,140,0.780
3,63,0,0,0,Toronto North Stars,TOR,Toronto,Toronto,North Stars,#195aa5,#195aa5,#ffffff,36,22,2,4,6,80,204,183,0.606
4,63,0,0,1,Manhattan Rage,MAN,Manhattan,Manhattan,Rage,#97181b,#1a1a18,#ffffff,9,54,2,2,1,21,108,307,0.159
5,63,0,0,0,New England Wolfpack,NEW,New England,New England,Wolfpack,#008236,#6d6e72,#ffffff,20,42,0,4,4,44,159,263,0.333
6,63,0,0,1,Tampa Bay Barracuda,TBB,Tampa Bay,Tampa Bay,Barracuda,#0ad2d2,#f499c2,#ffffff,48,17,1,7,0,97,243,158,0.735
7,63,0,0,1,Baltimore Platoon,BAP,Baltimore,Baltimore,Platoon,#08102c,#6b1616,#ffffff,54,11,1,4,0,109,308,149,0.826
8,63,0,1,1,Calgary Dragons,CGY,Calgary,Calgary,Dragons,#a40000,#797979,#ffffff,25,37,0,5,4,54,155,212,0.409
9,63,0,1,1,Edmonton Blizzard,EDM,Edmonton,Edmonton,Blizzard,#091e40,#249cc4,#ffffff,21,37,1,1,7,50,186,224,0.379
10,63,0,1,0,Minnesota Monarchs,MIN,Minnesota,Minnesota,Monarchs,#0e3b1e,#322460,#ffffff,18,42,1,3,5,42,174,267,0.318
11,63,0,1,0,Winnipeg Aurora,WPG,Winnipeg,Winnipeg,Aurora,#0e2e2d,#2ef9b4,#ffffff,11,52,1,2,2,25,127,336,0.189
12,63,0,1,1,San Francisco Pride,SFP,San Francisco,San Francisco,Pride,#360854,#d4af37,#ffffff,40,21,3,1,2,85,252,186,0.644
13,63,0,1,1,Los Angeles Panthers,LAP,Los Angeles,Los Angeles,Panthers,#006a7a,#eb7d0b,#ffffff,36,24,2,4,4,78,227,202,0.591
14,63,0,1,0,New Orleans Specters,NOL,New Orleans,New Orleans,Specters,#860efd,#1a1a18,#ffffff,30,32,0,8,4,64,177,237,0.485
15,63,0,1,0,Texas Renegades,TEX,Texas,Texas,Renegades,#1a1a18,#606060,#ffffff,48,14,1,3,3,100,258,125,0.758
18,63,0,0,1,Atlanta Inferno,ATL,Atlanta,Atlanta,Inferno,#be1e2d,#f26522,#ffffff,38,22,2,4,4,82,255,201,0.621
19,63,0,1,1,Seattle Argonauts,SEA,Seattle,Seattle,Argonauts,#192e58,#c5942c,#ffffff,43,17,2,3,4,92,235,166,0.697
20,63,0,0,0,Montreal Patriotes,MTL,Montreal,Montreal,Patriotes,#773141,#ffb612,#ffffff,14,48,1,4,3,32,116,274,0.242
21,63,0,0,1,Philadelphia Forge,PHI,Philadelphia,Philadelphia,Forge,#e88900,#a00400,#ffffff,34,22,5,1,5,78,235,202,0.591
0,64,0,0,0,Buffalo Stampede,BUF,Buffalo,Buffalo,Stampede,#164833,#f6bf11,#ffffff,47,17,2,6,0,96,265,169,0.727
1,64,0,1,0,Chicago Syndicate,CHI,Chicago,Chicago,Syndicate,#1a1a18,#d9ad00,#ffffff,52,14,0,4,0,104,244,155,0.788
2,64,0,0,0,Hamilton Steelhawks,HAM,Hamilton,Hamilton,Steelhawks,#243b50,#bab9b9,#ffffff,37,22,4,3,3,81,261,221,0.614
3,64,0,0,0,Toronto North Stars,TOR,Toronto,Toronto,North Stars,#195aa5,#195aa5,#ffffff,19,43,0,2,4,42,191,272,0.318
4,64,0,0,1,Manhattan Rage,MAN,Manhattan,Manhattan,Rage,#97181b,#1a1a18,#ffffff,10,55,0,0,1,21,124,305,0.159
5,64,0,0,0,New England Wolfpack,NEW,New England,New England,Wolfpack,#008236,#6d6e72,#ffffff,12,49,2,4,3,29,128,283,0.220
6,64,0,0,1,Tampa Bay Barracuda,TBB,Tampa Bay,Tampa Bay,Barracuda,#0ad2d2,#f499c2,#ffffff,39,22,1,1,4,83,253,207,0.629
7,64,0,0,1,Baltimore Platoon,BAP,Baltimore,Baltimore,Platoon,#08102c,#6b1616,#ffffff,46,16,2,3,2,96,286,175,0.727
8,64,0,1,1,Calgary Dragons,CGY,Calgary,Calgary,Dragons,#a40000,#797979,#ffffff,23,39,2,2,2,50,177,252,0.379
9,64,0,1,1,Edmonton Blizzard,EDM,Edmonton,Edmonton,Blizzard,#091e40,#249cc4,#ffffff,28,34,2,3,2,60,200,226,0.455
10,64,0,1,0,Minnesota Monarchs,MIN,Minnesota,Minnesota,Monarchs,#0e3b1e,#322460,#ffffff,22,43,1,3,0,45,143,254,0.341
11,64,0,1,0,Winnipeg Aurora,WPG,Winnipeg,Winnipeg,Aurora,#0e2e2d,#2ef9b4,#ffffff,23,36,1,3,6,53,209,259,0.402
12,64,0,1,1,San Francisco Pride,SFP,San Francisco,San Francisco,Pride,#360854,#d4af37,#ffffff,38,23,0,3,5,81,221,193,0.614
13,64,0,1,1,Los Angeles Panthers,LAP,Los Angeles,Los Angeles,Panthers,#006a7a,#eb7d0b,#ffffff,44,14,4,2,4,96,264,175,0.727
14,64,0,1,0,New Orleans Specters,NOL,New Orleans,New Orleans,Specters,#860efd,#1a1a18,#ffffff,36,25,0,7,5,77,213,201,0.583
15,64,0,1,0,Texas Renegades,TEX,Texas,Texas,Renegades,#1a1a18,#606060,#ffffff,47,12,2,3,5,101,250,159,0.765
18,64,0,0,1,Atlanta Inferno,ATL,Atlanta,Atlanta,Inferno,#be1e2d,#f26522,#ffffff,41,22,1,3,2,85,275,199,0.644
19,64,0,1,1,Seattle Argonauts,SEA,Seattle,Seattle,Argonauts,#192e58,#c5942c,#ffffff,35,25,3,2,3,76,248,216,0.576
20,64,0,0,0,Montreal Patriotes,MTL,Montreal,Montreal,Patriotes,#773141,#ffb612,#ffffff,23,39,2,1,2,50,178,256,0.379
21,64,0,0,1,Philadelphia Forge,PHI,Philadelphia,Philadelphia,Forge,#e88900,#a00400,#ffffff,38,23,0,3,5,81,249,202,0.614
0,65,0,0,0,Buffalo Stampede,BUF,Buffalo,Buffalo,Stampede,#164833,#f6bf11,#ffffff,42,19,2,3,3,89,262,185,0.674
1,65,0,1,0,Chicago Syndicate,CHI,Chicago,Chicago,Syndicate,#1a1a18,#d9ad00,#ffffff,47,17,0,2,2,96,278,173,0.727
2,65,0,0,0,Hamilton Steelhawks,HAM,Hamilton,Hamilton,Steelhawks,#243b50,#bab9b9,#ffffff,37,27,1,3,1,76,216,193,0.576
3,65,0,0,0,Toronto North Stars,TOR,Toronto,Toronto,North Stars,#195aa5,#195aa5,#ffffff,38,23,0,1,5,81,224,213,0.614
4,65,0,0,1,Manhattan Rage,MAN,Manhattan,Manhattan,Rage,#97181b,#1a1a18,#ffffff,17,44,2,4,3,39,183,279,0.295
5,65,0,0,0,New England Wolfpack,NEW,New England,New England,Wolfpack,#008236,#6d6e72,#ffffff,12,51,3,1,0,27,143,310,0.205
6,65,0,0,1,Tampa Bay Barracuda,TBB,Tampa Bay,Tampa Bay,Barracuda,#0ad2d2,#f499c2,#ffffff,44,21,0,0,1,89,272,178,0.674
7,65,0,0,1,Baltimore Platoon,BAP,Baltimore,Baltimore,Platoon,#08102c,#6b1616,#ffffff,43,21,0,4,2,88,274,207,0.667
8,65,0,1,1,Calgary Dragons,CGY,Calgary,Calgary,Dragons,#a40000,#797979,#ffffff,17,44,3,1,2,39,154,286,0.295
9,65,0,1,1,Edmonton Blizzard,EDM,Edmonton,Edmonton,Blizzard,#091e40,#249cc4,#ffffff,28,32,4,4,2,62,215,251,0.470
10,65,0,1,0,Minnesota Monarchs,MIN,Minnesota,Minnesota,Monarchs,#0e3b1e,#322460,#ffffff,6,59,0,2,1,13,112,306,0.098
11,65,0,1,0,Winnipeg Aurora,WPG,Winnipeg,Winnipeg,Aurora,#0e2e2d,#2ef9b4,#ffffff,41,19,1,4,5,88,246,179,0.667
12,65,0,1,1,San Francisco Pride,SFP,San Francisco,San Francisco,Pride,#360854,#d4af37,#ffffff,45,18,2,6,1,93,244,178,0.705
13,65,0,1,1,Los Angeles Panthers,LAP,Los Angeles,Los Angeles,Panthers,#006a7a,#eb7d0b,#ffffff,50,14,1,5,1,102,263,175,0.773
14,65,0,1,0,New Orleans Specters,NOL,New Orleans,New Orleans,Specters,#860efd,#1a1a18,#ffffff,31,29,2,1,4,68,202,211,0.515
15,65,0,1,0,Texas Renegades,TEX,Texas,Texas,Renegades,#1a1a18,#606060,#ffffff,23,38,0,3,5,51,183,269,0.386
18,65,0,0,1,Atlanta Inferno,ATL,Atlanta,Atlanta,Inferno,#be1e2d,#f26522,#ffffff,41,20,2,1,3,87,291,192,0.659
19,65,0,1,1,Seattle Argonauts,SEA,Seattle,Seattle,Argonauts,#192e58,#c5942c,#ffffff,43,19,0,3,4,90,266,197,0.682
20,65,0,0,0,Montreal Patriotes,MTL,Montreal,Montreal,Patriotes,#773141,#ffb612,#ffffff,16,44,4,2,2,38,166,273,0.288
21,65,0,0,1,Philadelphia Forge,PHI,Philadelphia,Philadelphia,Forge,#e88900,#a00400,#ffffff,39,22,2,0,3,83,269,208,0.629
0,66,0,0,0,Buffalo Stampede,BUF,Buffalo,Buffalo,Stampede,#164833,#f6bf11,#ffffff,42,22,1,2,1,86,283,203,0.652
1,66,0,1,0,Chicago Syndicate,CHI,Chicago,Chicago,Syndicate,#1a1a18,#d9ad00,#ffffff,45,15,4,3,2,96,294,193,0.727
2,66,0,0,0,Hamilton Steelhawks,HAM,Hamilton,Hamilton,Steelhawks,#243b50,#bab9b9,#ffffff,25,36,1,2,4,55,256,300,0.417
3,66,0,0,0,Toronto North Stars,TOR,Toronto,Toronto,North Stars,#195aa5,#195aa5,#ffffff,38,26,0,2,2,78,260,229,0.591
4,66,0,0,1,Manhattan Rage,MAN,Manhattan,Manhattan,Rage,#97181b,#1a1a18,#ffffff,38,22,5,2,1,82,254,208,0.621
5,66,0,0,0,New England Wolfpack,NEW,New England,New England,Wolfpack,#008236,#6d6e72,#ffffff,22,41,3,2,0,47,199,293,0.356
6,66,0,0,1,Tampa Bay Barracuda,TBB,Tampa Bay,Tampa Bay,Barracuda,#0ad2d2,#f499c2,#ffffff,32,25,7,1,2,73,281,247,0.553
7,66,0,0,1,Baltimore Platoon,BAP,Baltimore,Baltimore,Platoon,#08102c,#6b1616,#ffffff,22,37,6,2,1,51,203,291,0.386
8,66,0,1,1,Calgary Dragons,CGY,Calgary,Calgary,Dragons,#a40000,#797979,#ffffff,31,32,2,2,1,65,224,247,0.492
9,66,0,1,1,Edmonton Blizzard,EDM,Edmonton,Edmonton,Blizzard,#091e40,#249cc4,#ffffff,5,59,2,0,0,12,161,481,0.091
10,66,0,1,0,Minnesota Monarchs,MIN,Minnesota,Minnesota,Monarchs,#0e3b1e,#322460,#ffffff,11,52,1,2,2,25,160,360,0.189
11,66,0,1,0,Winnipeg Aurora,WPG,Winnipeg,Winnipeg,Aurora,#0e2e2d,#2ef9b4,#ffffff,38,27,1,4,0,77,278,241,0.583
12,66,0,1,1,San Francisco Pride,SFP,San Francisco,San Francisco,Pride,#360854,#d4af37,#ffffff,43,18,2,3,3,91,306,204,0.689
13,66,0,1,1,Los Angeles Panthers,LAP,Los Angeles,Los Angeles,Panthers,#006a7a,#eb7d0b,#ffffff,45,17,1,1,3,94,321,197,0.712
14,66,0,1,0,New Orleans Specters,NOL,New Orleans,New Orleans,Specters,#860efd,#1a1a18,#ffffff,40,19,2,1,5,87,250,192,0.659
15,66,0,1,0,Texas Renegades,TEX,Texas,Texas,Renegades,#1a1a18,#606060,#ffffff,24,34,4,1,4,56,217,269,0.424
18,66,0,0,1,Atlanta Inferno,ATL,Atlanta,Atlanta,Inferno,#be1e2d,#f26522,#ffffff,50,14,0,2,2,102,296,163,0.773
19,66,0,1,1,Seattle Argonauts,SEA,Seattle,Seattle,Argonauts,#192e58,#c5942c,#ffffff,40,20,4,3,2,86,253,202,0.652
20,66,0,0,0,Montreal Patriotes,MTL,Montreal,Montreal,Patriotes,#773141,#ffb612,#ffffff,39,22,2,0,3,83,276,221,0.629
21,66,0,0,1,Philadelphia Forge,PHI,Philadelphia,Philadelphia,Forge,#e88900,#a00400,#ffffff,30,30,5,4,1,66,210,241,0.500
0,67,0,0,0,Buffalo Stampede,BUF,Buffalo,Buffalo,Stampede,#164833,#f6bf11,#ffffff,35,27,3,0,1,74,275,224,0.561
1,67,0,1,0,Chicago Syndicate,CHI,Chicago,Chicago,Syndicate,#1a1a18,#d9ad00,#ffffff,34,23,6,3,3,77,240,200,0.583
2,67,0,0,0,Hamilton Steelhawks,HAM,Hamilton,Hamilton,Steelhawks,#243b50,#bab9b9,#ffffff,10,51,3,1,2,25,149,410,0.189
3,67,0,0,0,Toronto North Stars,TOR,Toronto,Toronto,North Stars,#195aa5,#195aa5,#ffffff,47,16,1,1,2,97,320,186,0.735
4,67,0,0,1,Manhattan Rage,MAN,Manhattan,Manhattan,Rage,#97181b,#1a1a18,#ffffff,36,23,3,2,4,79,256,219,0.598
5,67,0,0,0,New England Wolfpack,NEW,New England,New England,Wolfpack,#008236,#6d6e72,#ffffff,30,35,0,3,1,61,201,255,0.462
6,67,0,0,1,Tampa Bay Barracuda,TBB,Tampa Bay,Tampa Bay,Barracuda,#0ad2d2,#f499c2,#ffffff,26,33,2,2,5,59,247,269,0.447
7,67,0,0,1,Baltimore Platoon,BAP,Baltimore,Baltimore,Platoon,#08102c,#6b1616,#ffffff,19,45,2,2,0,40,189,309,0.303
8,67,0,1,1,Calgary Dragons,CGY,Calgary,Calgary,Dragons,#a40000,#797979,#ffffff,42,17,3,4,4,91,286,218,0.689
9,67,0,1,1,Edmonton Blizzard,EDM,Edmonton,Edmonton,Blizzard,#091e40,#249cc4,#ffffff,19,38,4,2,5,47,176,276,0.356
10,67,0,1,0,Minnesota Monarchs,MIN,Minnesota,Minnesota,Monarchs,#0e3b1e,#322460,#ffffff,8,52,4,1,2,22,102,310,0.167
11,67,0,1,0,Winnipeg Aurora,WPG,Winnipeg,Winnipeg,Aurora,#0e2e2d,#2ef9b4,#ffffff,50,13,1,3,2,103,287,166,0.780
12,67,0,1,1,San Francisco Pride,SFP,San Francisco,San Francisco,Pride,#360854,#d4af37,#ffffff,41,23,1,3,1,84,260,211,0.636
13,67,0,1,1,Los Angeles Panthers,LAP,Los Angeles,Los Angeles,Panthers,#006a7a,#eb7d0b,#ffffff,38,26,0,6,2,78,253,240,0.591
14,67,0,1,0,New Orleans Specters,NOL,New Orleans,New Orleans,Specters,#860efd,#1a1a18,#ffffff,43,21,1,0,1,88,276,207,0.667
15,67,0,1,0,Texas Renegades,TEX,Texas,Texas,Renegades,#1a1a18,#606060,#ffffff,20,44,0,2,2,42,187,299,0.318
18,67,0,0,1,Atlanta Inferno,ATL,Atlanta,Atlanta,Inferno,#be1e2d,#f26522,#ffffff,48,17,1,3,0,97,296,181,0.735
19,67,0,1,1,Seattle Argonauts,SEA,Seattle,Seattle,Argonauts,#192e58,#c5942c,#ffffff,43,19,3,3,1,90,281,198,0.682
20,67,0,0,0,Montreal Patriotes,MTL,Montreal,Montreal,Patriotes,#773141,#ffb612,#ffffff,34,27,2,1,3,73,278,234,0.553
21,67,0,0,1,Philadelphia Forge,PHI,Philadelphia,Philadelphia,Forge,#e88900,#a00400,#ffffff,37,24,1,3,4,79,254,201,0.598
0,68,0,0,0,Buffalo Stampede,BUF,Buffalo,Buffalo,Stampede,#164833,#f6bf11,#ffffff,45,19,0,2,2,92,307,207,0.697
1,68,0,1,0,Chicago Syndicate,CHI,Chicago,Chicago,Syndicate,#1a1a18,#d9ad00,#ffffff,44,18,3,4,1,92,290,199,0.697
2,68,0,0,0,Hamilton Steelhawks,HAM,Hamilton,Hamilton,Steelhawks,#243b50,#bab9b9,#ffffff,14,50,0,2,2,30,176,373,0.227
3,68,0,0,0,Toronto North Stars,TOR,Toronto,Toronto,North Stars,#195aa5,#195aa5,#ffffff,46,16,3,6,1,96,342,238,0.727
4,68,0,0,1,Manhattan Rage,MAN,Manhattan,Manhattan,Rage,#97181b,#1a1a18,#ffffff,40,22,1,3,3,84,284,236,0.636
5,68,0,0,0,New England Wolfpack,NEW,New England,New England,Wolfpack,#008236,#6d6e72,#ffffff,30,28,5,1,3,68,263,248,0.515
6,68,0,0,1,Tampa Bay Barracuda,TBB,Tampa Bay,Tampa Bay,Barracuda,#0ad2d2,#f499c2,#ffffff,16,45,4,1,1,37,192,325,0.280
7,68,0,0,1,Baltimore Platoon,BAP,Baltimore,Baltimore,Platoon,#08102c,#6b1616,#ffffff,19,40,4,2,3,45,177,283,0.341
8,68,0,1,1,Calgary Dragons,CGY,Calgary,Calgary,Dragons,#a40000,#797979,#ffffff,37,21,5,3,3,82,259,210,0.621
9,68,0,1,1,Edmonton Blizzard,EDM,Edmonton,Edmonton,Blizzard,#091e40,#249cc4,#ffffff,30,31,3,2,2,65,192,226,0.492
10,68,0,1,0,Minnesota Monarchs,MIN,Minnesota,Minnesota,Monarchs,#0e3b1e,#322460,#ffffff,15,47,2,1,2,34,156,294,0.258
11,68,0,1,0,Winnipeg Aurora,WPG,Winnipeg,Winnipeg,Aurora,#0e2e2d,#2ef9b4,#ffffff,54,10,0,1,2,110,305,150,0.833
12,68,0,1,1,San Francisco Pride,SFP,San Francisco,San Francisco,Pride,#360854,#d4af37,#ffffff,15,47,1,3,3,34,177,343,0.258
13,68,0,1,1,Los Angeles Panthers,LAP,Los Angeles,Los Angeles,Panthers,#006a7a,#eb7d0b,#ffffff,16,44,2,1,4,38,195,282,0.288
14,68,0,1,0,New Orleans Specters,NOL,New Orleans,New Orleans,Specters,#860efd,#1a1a18,#ffffff,32,29,2,3,3,69,189,197,0.523
15,68,0,1,0,Texas Renegades,TEX,Texas,Texas,Renegades,#1a1a18,#606060,#ffffff,18,44,2,2,2,40,170,299,0.303
18,68,0,0,1,Atlanta Inferno,ATL,Atlanta,Atlanta,Inferno,#be1e2d,#f26522,#ffffff,51,13,0,1,2,104,274,159,0.788
19,68,0,1,1,Seattle Argonauts,SEA,Seattle,Seattle,Argonauts,#192e58,#c5942c,#ffffff,54,9,1,1,2,111,318,150,0.841
20,68,0,0,0,Montreal Patriotes,MTL,Montreal,Montreal,Patriotes,#773141,#ffb612,#ffffff,40,19,5,3,2,87,269,211,0.659
21,68,0,0,1,Philadelphia Forge,PHI,Philadelphia,Philadelphia,Forge,#e88900,#a00400,#ffffff,44,20,2,1,0,90,293,198,0.682
0,69,0,0,0,Buffalo Stampede,BUF,Buffalo,Buffalo,Stampede,#164833,#f6bf11,#ffffff,44,19,0,0,3,91,289,190,0.689
1,69,0,1,0,Chicago Syndicate,CHI,Chicago,Chicago,Syndicate,#1a1a18,#d9ad00,#ffffff,43,19,1,3,3,90,301,197,0.682
2,69,0,0,0,Hamilton Steelhawks,HAM,Hamilton,Hamilton,Steelhawks,#243b50,#bab9b9,#ffffff,15,48,3,0,0,33,172,329,0.250
3,69,0,0,0,Toronto North Stars,TOR,Toronto,Toronto,North Stars,#195aa5,#195aa5,#ffffff,13,50,0,2,3,29,127,319,0.220
4,69,0,0,1,Manhattan Rage,MAN,Manhattan,Manhattan,Rage,#97181b,#1a1a18,#ffffff,39,20,3,2,4,85,269,190,0.644
5,69,0,0,0,New England Wolfpack,NEW,New England,New England,Wolfpack,#008236,#6d6e72,#ffffff,45,17,2,1,2,94,283,178,0.712
6,69,0,0,1,Tampa Bay Barracuda,TBB,Tampa Bay,Tampa Bay,Barracuda,#0ad2d2,#f499c2,#ffffff,19,39,6,4,2,46,177,287,0.348
7,69,0,0,1,Baltimore Platoon,BAP,Baltimore,Baltimore,Platoon,#08102c,#6b1616,#ffffff,12,50,3,1,1,28,146,297,0.212
8,69,0,1,1,Calgary Dragons,CGY,Calgary,Calgary,Dragons,#a40000,#797979,#ffffff,43,19,3,2,1,90,264,198,0.682
9,69,0,1,1,Edmonton Blizzard,EDM,Edmonton,Edmonton,Blizzard,#091e40,#249cc4,#ffffff,32,27,4,1,3,71,240,227,0.538
10,69,0,1,0,Minnesota Monarchs,MIN,Minnesota,Minnesota,Monarchs,#0e3b1e,#322460,#ffffff,17,45,2,1,2,38,164,316,0.288
11,69,0,1,0,Winnipeg Aurora,WPG,Winnipeg,Winnipeg,Aurora,#0e2e2d,#2ef9b4,#ffffff,52,12,1,2,1,106,304,171,0.803
12,69,0,1,1,San Francisco Pride,SFP,San Francisco,San Francisco,Pride,#360854,#d4af37,#ffffff,13,48,3,0,2,31,196,356,0.235
13,69,0,1,1,Los Angeles Panthers,LAP,Los Angeles,Los Angeles,Panthers,#006a7a,#eb7d0b,#ffffff,17,48,1,2,0,35,158,266,0.265
14,69,0,1,0,New Orleans Specters,NOL,New Orleans,New Orleans,Specters,#860efd,#1a1a18,#ffffff,42,22,2,5,0,86,268,213,0.652
15,69,0,1,0,Texas Renegades,TEX,Texas,Texas,Renegades,#1a1a18,#606060,#ffffff,23,38,3,4,2,51,188,287,0.386
18,69,0,0,1,Atlanta Inferno,ATL,Atlanta,Atlanta,Inferno,#be1e2d,#f26522,#ffffff,46,16,2,0,2,96,292,203,0.727
19,69,0,1,1,Seattle Argonauts,SEA,Seattle,Seattle,Argonauts,#192e58,#c5942c,#ffffff,50,13,1,2,2,103,295,148,0.780
20,69,0,0,0,Montreal Patriotes,MTL,Montreal,Montreal,Patriotes,#773141,#ffb612,#ffffff,50,15,1,1,0,101,299,169,0.765
21,69,0,0,1,Philadelphia Forge,PHI,Philadelphia,Philadelphia,Forge,#e88900,#a00400,#ffffff,45,16,2,3,3,95,297,188,0.720
0,70,0,0,0,Buffalo Stampede,BUF,Buffalo,Buffalo,Stampede,#164833,#f6bf11,#ffffff,37,24,3,0,2,79,291,219,0.598
1,70,0,1,0,Chicago Syndicate,CHI,Chicago,Chicago,Syndicate,#1a1a18,#d9ad00,#ffffff,39,23,3,5,1,82,254,217,0.621
2,70,0,0,0,Hamilton Steelhawks,HAM,Hamilton,Hamilton,Steelhawks,#243b50,#bab9b9,#ffffff,26,35,3,1,2,57,237,311,0.432
3,70,0,0,0,Toronto North Stars,TOR,Toronto,Toronto,North Stars,#2c4ca4,#1c3168,#ffffff,6,57,2,0,1,15,148,384,0.114
4,70,0,0,1,Manhattan Rage,MAN,Manhattan,Manhattan,Rage,#97181b,#1a1a18,#ffffff,20,43,3,0,0,43,245,363,0.326
5,70,0,0,0,New England Wolfpack,NEW,New England,New England,Wolfpack,#008236,#6d6e72,#ffffff,41,19,3,2,3,88,306,229,0.667
6,70,0,0,1,Tampa Bay Barracuda,TBB,Tampa Bay,Tampa Bay,Barracuda,#0ad2d2,#f499c2,#ffffff,14,51,1,1,0,29,173,333,0.220
7,70,0,0,1,Baltimore Platoon,BAP,Baltimore,Baltimore,Platoon,#08102c,#6b1616,#ffffff,25,37,0,3,4,54,197,278,0.409
8,70,0,1,1,Calgary Dragons,CGY,Calgary,Calgary,Dragons,#a40000,#797979,#ffffff,41,23,2,1,0,84,268,203,0.636
9,70,0,1,1,Edmonton Blizzard,EDM,Edmonton,Edmonton,Blizzard,#091e40,#249cc4,#ffffff,36,28,2,2,0,74,281,243,0.561
10,70,0,1,0,Minnesota Monarchs,MIN,Minnesota,Minnesota,Monarchs,#0e3b1e,#322460,#ffffff,23,39,2,0,2,50,222,303,0.379
11,70,0,1,0,Winnipeg Aurora,WPG,Winnipeg,Winnipeg,Aurora,#0e2e2d,#2ef9b4,#ffffff,53,11,1,0,1,108,386,194,0.818
12,70,0,1,1,San Francisco Pride,SFP,San Francisco,San Francisco,Pride,#360854,#d4af37,#ffffff,21,45,0,2,0,42,195,297,0.318
13,70,0,1,1,Los Angeles Panthers,LAP,Los Angeles,Los Angeles,Panthers,#006a7a,#eb7d0b,#ffffff,17,41,5,0,3,42,204,334,0.318
14,70,0,1,0,New Orleans Specters,NOL,New Orleans,New Orleans,Specters,#860efd,#1a1a18,#ffffff,35,25,3,5,3,76,255,231,0.576
15,70,0,1,0,Texas Renegades,TEX,Texas,Texas,Renegades,#1a1a18,#606060,#ffffff,30,33,3,1,0,63,222,264,0.477
18,70,0,0,1,Atlanta Inferno,ATL,Atlanta,Atlanta,Inferno,#be1e2d,#f26522,#ffffff,47,19,0,1,0,94,336,199,0.712
19,70,0,1,1,Seattle Argonauts,SEA,Seattle,Seattle,Argonauts,#192e58,#c5942c,#ffffff,46,14,3,1,3,98,268,180,0.742
20,70,0,0,0,Montreal Patriotes,MTL,Montreal,Montreal,Patriotes,#773141,#ffb612,#ffffff,46,17,1,0,2,95,295,194,0.720
21,70,0,0,1,Philadelphia Forge,PHI,Philadelphia,Philadelphia,Forge,#e88900,#a00400,#ffffff,57,8,0,3,1,115,369,176,0.871
0,71,0,0,0,Buffalo Stampede,BUF,Buffalo,Buffalo,Stampede,#164833,#f6bf11,#ffffff,45,17,4,1,0,94,297,201,0.712
1,71,0,1,0,Chicago Syndicate,CHI,Chicago,Chicago,Syndicate,#1a1a18,#d9ad00,#ffffff,36,25,2,1,3,77,285,255,0.583
2,71,0,0,0,Hamilton Steelhawks,HAM,Hamilton,Hamilton,Steelhawks,#243b50,#bab9b9,#ffffff,33,31,1,2,1,68,269,294,0.515
3,71,0,0,0,Toronto North Stars,TOR,Toronto,Toronto,North Stars,#2c4ca4,#1c3168,#ffffff,10,56,0,1,0,20,151,384,0.152
4,71,0,0,1,Manhattan Rage,MAN,Manhattan,Manhattan,Rage,#97181b,#1a1a18,#ffffff,4,58,3,1,1,12,154,416,0.091
5,71,0,0,0,New England Wolfpack,NEW,New England,New England,Wolfpack,#008236,#6d6e72,#ffffff,50,13,1,0,2,103,339,179,0.780
6,71,0,0,1,Tampa Bay Barracuda,TBB,Tampa Bay,Tampa Bay,Barracuda,#0ad2d2,#f499c2,#ffffff,21,39,4,2,2,48,193,290,0.364
7,71,0,0,1,Baltimore Platoon,BAP,Baltimore,Baltimore,Platoon,#08102c,#6b1616,#ffffff,35,26,2,2,3,75,272,267,0.568
8,71,0,1,1,Calgary Dragons,CGY,Calgary,Calgary,Dragons,#a40000,#797979,#ffffff,20,43,2,4,1,43,207,301,0.326
9,71,0,1,1,Edmonton Blizzard,EDM,Edmonton,Edmonton,Blizzard,#091e40,#249cc4,#ffffff,44,19,3,0,0,91,326,205,0.689
10,71,0,1,0,Minnesota Monarchs,MIN,Minnesota,Minnesota,Monarchs,#0e3b1e,#322460,#ffffff,25,37,2,3,2,54,214,281,0.409
11,71,0,1,0,Winnipeg Aurora,WPG,Winnipeg,Winnipeg,Aurora,#0e2e2d,#2ef9b4,#ffffff,54,9,1,2,2,111,355,184,0.841
12,71,0,1,1,San Francisco Pride,SFP,San Francisco,San Francisco,Pride,#360854,#d4af37,#ffffff,23,34,5,2,4,55,234,277,0.417
13,71,0,1,1,Los Angeles Panthers,LAP,Los Angeles,Los Angeles,Panthers,#006a7a,#eb7d0b,#ffffff,30,33,0,2,3,63,222,280,0.477
14,71,0,1,0,New Orleans Specters,NOL,New Orleans,New Orleans,Specters,#860efd,#1a1a18,#ffffff,37,26,1,3,2,77,240,216,0.583
15,71,0,1,0,Texas Renegades,TEX,Texas,Texas,Renegades,#1a1a18,#606060,#ffffff,29,32,4,1,1,63,214,240,0.477
18,71,0,0,1,Atlanta Inferno,ATL,Atlanta,Atlanta,Inferno,#be1e2d,#f26522,#ffffff,41,22,0,3,3,85,269,217,0.644
19,71,0,1,1,Seattle Argonauts,SEA,Seattle,Seattle,Argonauts,#192e58,#c5942c,#ffffff,25,33,4,1,4,58,207,245,0.439
20,71,0,0,0,Montreal Patriotes,MTL,Montreal,Montreal,Patriotes,#773141,#ffb612,#ffffff,50,15,1,2,0,101,310,178,0.765
21,71,0,0,1,Philadelphia Forge,PHI,Philadelphia,Philadelphia,Forge,#e88900,#a00400,#ffffff,48,17,0,2,1,97,362,210,0.735
0,72,0,0,0,Buffalo Stampede,BUF,Buffalo,Buffalo,Stampede,#164833,#f6bf11,#ffffff,43,21,1,2,1,88,302,240,0.667
1,72,0,1,0,Chicago Syndicate,CHI,Chicago,Chicago,Syndicate,#1a1a18,#d9ad00,#ffffff,47,18,1,3,0,95,329,215,0.720
2,72,0,0,0,Hamilton Steelhawks,HAM,Hamilton,Hamilton,Steelhawks,#243b50,#bab9b9,#ffffff,31,31,2,2,2,66,296,306,0.500
3,72,0,0,0,Toronto North Stars,TOR,Toronto,Toronto,North Stars,#2c4ca4,#1c3168,#ffffff,14,48,1,2,3,32,189,358,0.242
4,72,0,0,1,Manhattan Rage,MAN,Manhattan,Manhattan,Rage,#97181b,#1a1a18,#ffffff,8,56,2,1,0,18,132,419,0.136
5,72,0,0,0,New England Wolfpack,NEW,New England,New England,Wolfpack,#008236,#6d6e72,#ffffff,51,15,0,0,0,102,364,216,0.773
6,72,0,0,1,Tampa Bay Barracuda,TBB,Tampa Bay,Tampa Bay,Barracuda,#0ad2d2,#f499c2,#ffffff,20,42,3,0,1,44,231,307,0.333
7,72,0,0,1,Baltimore Platoon,BAP,Baltimore,Baltimore,Platoon,#08102c,#6b1616,#ffffff,36,26,1,3,3,76,271,264,0.576
8,72,0,1,1,Calgary Dragons,CGY,Calgary,Calgary,Dragons,#a40000,#797979,#ffffff,20,39,5,0,2,47,200,306,0.356
9,72,0,1,1,Edmonton Blizzard,EDM,Edmonton,Edmonton,Blizzard,#091e40,#249cc4,#ffffff,46,18,2,1,0,94,340,215,0.712
10,72,0,1,0,Minnesota Monarchs,MIN,Minnesota,Minnesota,Monarchs,#0e3b1e,#322460,#ffffff,22,43,1,1,0,45,212,287,0.341
11,72,0,1,0,Winnipeg Aurora,WPG,Winnipeg,Winnipeg,Aurora,#0e2e2d,#2ef9b4,#ffffff,46,17,1,0,2,95,343,213,0.720
12,72,0,1,1,San Francisco Pride,SFP,San Francisco,San Francisco,Pride,#360854,#d4af37,#ffffff,24,36,5,0,1,54,263,313,0.409
13,72,0,1,1,Los Angeles Panthers,LAP,Los Angeles,Los Angeles,Panthers,#006a7a,#eb7d0b,#ffffff,35,29,0,1,2,72,249,249,0.545
14,72,0,1,0,New Orleans Specters,NOL,New Orleans,New Orleans,Specters,#860efd,#1a1a18,#ffffff,23,40,3,3,0,49,203,274,0.371
15,72,0,1,0,Texas Renegades,TEX,Texas,Texas,Renegades,#1a1a18,#606060,#ffffff,41,19,2,2,4,88,260,219,0.667
18,72,0,0,1,Atlanta Inferno,ATL,Atlanta,Atlanta,Inferno,#be1e2d,#f26522,#ffffff,39,23,2,1,2,82,279,201,0.621
19,72,0,1,1,Seattle Argonauts,SEA,Seattle,Seattle,Argonauts,#192e58,#c5942c,#ffffff,26,38,2,3,0,54,188,278,0.409
20,72,0,0,0,Montreal Patriotes,MTL,Montreal,Montreal,Patriotes,#773141,#ffb612,#ffffff,45,18,1,3,2,93,304,200,0.705
21,72,0,0,1,Philadelphia Forge,PHI,Philadelphia,Philadelphia,Forge,#e88900,#a00400,#ffffff,43,16,3,1,4,93,332,207,0.705
0,73,0,0,0,Buffalo Stampede,BUF,Buffalo,Buffalo,Stampede,#164833,#f6bf11,#ffffff,47,15,2,1,2,98,303,211,0.742
1,73,0,1,0,Chicago Syndicate,CHI,Chicago,Chicago,Syndicate,#1a1a18,#d9ad00,#ffffff,33,29,3,1,1,70,275,253,0.530
2,73,0,0,0,Hamilton Steelhawks,HAM,Hamilton,Hamilton,Steelhawks,#243b50,#bab9b9,#ffffff,37,26,3,1,0,77,320,273,0.583
3,73,0,0,0,Toronto North Stars,TOR,Toronto,Toronto,North Stars,#2c4ca4,#1c3168,#ffffff,22,39,3,2,2,49,222,332,0.371
4,73,0,0,1,Manhattan Rage,MAN,Manhattan,Manhattan,Rage,#97181b,#1a1a18,#ffffff,10,55,1,3,0,21,184,442,0.159
5,73,0,0,0,New England Wolfpack,NEW,New England,New England,Wolfpack,#008236,#6d6e72,#ffffff,53,11,1,2,1,108,377,173,0.818
6,73,0,0,1,Tampa Bay Barracuda,TBB,Tampa Bay,Tampa Bay,Barracuda,#0ad2d2,#f499c2,#ffffff,25,40,0,0,1,51,227,323,0.386
7,73,0,0,1,Baltimore Platoon,BAP,Baltimore,Baltimore,Platoon,#08102c,#6b1616,#ffffff,37,25,0,1,4,78,292,245,0.591
8,73,0,1,1,Calgary Dragons,CGY,Calgary,Calgary,Dragons,#a40000,#797979,#ffffff,22,41,0,1,3,47,203,334,0.356
9,73,0,1,1,Edmonton Blizzard,EDM,Edmonton,Edmonton,Blizzard,#091e40,#249cc4,#ffffff,50,15,1,0,0,101,395,188,0.765
10,73,0,1,0,Minnesota Monarchs,MIN,Minnesota,Minnesota,Monarchs,#0e3b1e,#322460,#ffffff,33,30,3,2,0,69,284,281,0.523
11,73,0,1,0,Winnipeg Aurora,WPG,Winnipeg,Winnipeg,Aurora,#0e2e2d,#2ef9b4,#ffffff,48,17,0,1,1,97,355,202,0.735
12,73,0,1,1,San Francisco Pride,SFP,San Francisco,San Francisco,Pride,#360854,#d4af37,#ffffff,24,37,4,1,1,53,246,343,0.402
13,73,0,1,1,Los Angeles Panthers,LAP,Los Angeles,Los Angeles,Panthers,#006a7a,#eb7d0b,#ffffff,36,28,1,2,1,74,283,251,0.561
14,73,0,1,0,New Orleans Specters,NOL,New Orleans,New Orleans,Specters,#860efd,#1a1a18,#ffffff,28,33,4,0,1,61,226,265,0.462
15,73,0,1,0,Texas Renegades,TEX,Texas,Texas,Renegades,#1a1a18,#606060,#ffffff,35,26,3,1,2,75,268,250,0.568
18,73,0,0,1,Atlanta Inferno,ATL,Atlanta,Atlanta,Inferno,#be1e2d,#f26522,#ffffff,45,21,0,0,0,90,341,227,0.682
19,73,0,1,1,Seattle Argonauts,SEA,Seattle,Seattle,Argonauts,#192e58,#c5942c,#ffffff,15,48,2,2,1,33,162,312,0.250
20,73,0,0,0,Montreal Patriotes,MTL,Montreal,Montreal,Patriotes,#773141,#ffb612,#ffffff,10,54,1,1,1,22,130,341,0.167
21,73,0,0,1,Philadelphia Forge,PHI,Philadelphia,Philadelphia,Forge,#e88900,#a00400,#ffffff,50,14,1,1,1,102,365,212,0.773
0,74,0,0,0,Buffalo Stampede,BUF,Buffalo,Buffalo,Stampede,#164833,#f6bf11,#ffffff,46,16,3,4,1,96,339,206,0.727
1,74,0,1,0,Chicago Syndicate,CHI,Chicago,Chicago,Syndicate,#1a1a18,#d9ad00,#ffffff,41,23,2,3,0,84,274,256,0.636
2,74,0,0,0,Hamilton Steelhawks,HAM,Hamilton,Hamilton,Steelhawks,#243b50,#bab9b9,#ffffff,32,28,4,1,2,70,310,294,0.530
3,74,0,0,0,Toronto North Stars,TOR,Toronto,Toronto,North Stars,#2c4ca4,#1c3168,#ffffff,30,33,2,1,1,63,283,341,0.477
4,74,0,0,1,Manhattan Rage,MAN,Manhattan,Manhattan,Rage,#97181b,#1a1a18,#ffffff,10,55,1,1,0,21,187,475,0.159
5,74,0,0,0,New England Wolfpack,NEW,New England,New England,Wolfpack,#008236,#6d6e72,#ffffff,40,22,2,2,2,84,314,243,0.636
6,74,0,0,1,Tampa Bay Barracuda,TBB,Tampa Bay,Tampa Bay,Barracuda,#0ad2d2,#f499c2,#ffffff,36,27,1,3,2,75,304,287,0.568
7,74,0,0,1,Baltimore Platoon,BAP,Baltimore,Baltimore,Platoon,#08102c,#6b1616,#ffffff,41,18,4,3,3,89,318,222,0.674
8,74,0,1,1,Calgary Dragons,CGY,Calgary,Calgary,Dragons,#a40000,#797979,#ffffff,24,40,1,1,1,50,225,328,0.379
9,74,0,1,1,Edmonton Blizzard,EDM,Edmonton,Edmonton,Blizzard,#091e40,#249cc4,#ffffff,52,13,1,1,0,105,381,188,0.795
10,74,0,1,0,Minnesota Monarchs,MIN,Minnesota,Minnesota,Monarchs,#0e3b1e,#322460,#ffffff,27,36,2,1,1,57,287,290,0.432
11,74,0,1,0,Winnipeg Aurora,WPG,Winnipeg,Winnipeg,Aurora,#0e2e2d,#2ef9b4,#ffffff,38,24,2,4,2,80,289,223,0.606
12,74,0,1,1,San Francisco Pride,SFP,San Francisco,San Francisco,Pride,#360854,#d4af37,#ffffff,31,30,3,1,2,67,286,262,0.508
13,74,0,1,1,Los Angeles Panthers,LAP,Los Angeles,Los Angeles,Panthers,#006a7a,#eb7d0b,#ffffff,40,22,1,2,3,84,330,253,0.636
14,74,0,1,0,New Orleans Specters,NOL,New Orleans,New Orleans,Specters,#860efd,#1a1a18,#ffffff,34,27,2,1,3,73,263,255,0.553
15,74,0,1,0,Texas Renegades,TEX,Texas,Texas,Renegades,#1a1a18,#606060,#ffffff,41,20,2,1,3,87,277,201,0.659
18,74,0,0,1,Atlanta Inferno,ATL,Atlanta,Atlanta,Inferno,#be1e2d,#f26522,#ffffff,42,19,5,1,0,89,334,237,0.674
19,74,0,1,1,Seattle Argonauts,SEA,Seattle,Seattle,Argonauts,#192e58,#c5942c,#ffffff,7,57,0,1,2,16,119,352,0.121
20,74,0,0,0,Montreal Patriotes,MTL,Montreal,Montreal,Patriotes,#773141,#ffb612,#ffffff,4,59,1,0,2,11,125,474,0.083
21,74,0,0,1,Philadelphia Forge,PHI,Philadelphia,Philadelphia,Forge,#e88900,#a00400,#ffffff,44,17,1,2,4,93,346,204,0.705
0,75,0,0,0,Buffalo Stampede,BUF,Buffalo,Buffalo,Stampede,#164833,#f6bf11,#ffffff,40,23,3,1,0,83,290,219,0.629
1,75,0,1,0,Chicago Syndicate,CHI,Chicago,Chicago,Syndicate,#1a1a18,#d9ad00,#ffffff,29,34,2,3,1,61,248,308,0.462
2,75,0,0,0,Hamilton Steelhawks,HAM,Hamilton,Hamilton,Steelhawks,#243b50,#bab9b9,#ffffff,39,22,3,1,2,83,328,262,0.629
3,75,0,0,0,Toronto North Stars,TOR,Toronto,Toronto,North Stars,#2c4ca4,#1c3168,#ffffff,25,40,0,0,1,51,244,292,0.386
4,75,0,0,1,Manhattan Rage,MAN,Manhattan,Manhattan,Rage,#97181b,#1a1a18,#ffffff,20,42,3,1,1,44,226,332,0.333
5,75,0,0,0,New England Wolfpack,NEW,New England,New England,Wolfpack,#008236,#6d6e72,#ffffff,42,22,1,1,1,86,339,252,0.652
6,75,0,0,1,Tampa Bay Barracuda,TBB,Tampa Bay,Tampa Bay,Barracuda,#0ad2d2,#f499c2,#ffffff,34,30,1,0,1,70,309,254,0.530
7,75,0,0,1,Baltimore Platoon,BAP,Baltimore,Baltimore,Platoon,#08102c,#6b1616,#ffffff,43,19,4,1,0,90,324,238,0.682
8,75,0,1,1,Calgary Dragons,CGY,Calgary,Calgary,Dragons,#a40000,#797979,#ffffff,25,39,0,1,2,52,201,276,0.394
9,75,0,1,1,Edmonton Blizzard,EDM,Edmonton,Edmonton,Blizzard,#091e40,#249cc4,#ffffff,49,16,0,2,1,99,357,201,0.750
10,75,0,1,0,Minnesota Monarchs,MIN,Minnesota,Minnesota,Monarchs,#0e3b1e,#322460,#ffffff,26,36,1,1,3,56,228,244,0.424
11,75,0,1,0,Winnipeg Aurora,WPG,Winnipeg,Winnipeg,Aurora,#0e2e2d,#2ef9b4,#ffffff,41,22,2,2,1,85,262,198,0.644
12,75,0,1,1,San Francisco Pride,SFP,San Francisco,San Francisco,Pride,#360854,#d4af37,#ffffff,34,29,3,2,0,71,267,247,0.538
13,75,0,1,1,Los Angeles Panthers,LAP,Los Angeles,Los Angeles,Panthers,#006a7a,#eb7d0b,#ffffff,46,18,2,0,0,94,332,247,0.712
14,75,0,1,0,New Orleans Specters,NOL,New Orleans,New Orleans,Specters,#860efd,#1a1a18,#ffffff,31,34,0,2,1,63,253,255,0.477
15,75,0,1,0,Texas Renegades,TEX,Texas,Texas,Renegades,#1a1a18,#606060,#ffffff,45,17,3,1,1,94,292,190,0.712
18,75,0,0,1,Atlanta Inferno,ATL,Atlanta,Atlanta,Inferno,#be1e2d,#f26522,#ffffff,38,24,3,0,1,80,298,251,0.606
19,75,0,1,1,Seattle Argonauts,SEA,Seattle,Seattle,Argonauts,#192e58,#c5942c,#ffffff,7,56,2,2,1,17,126,390,0.129
20,75,0,0,0,Montreal Patriotes,MTL,Montreal,Montreal,Patriotes,#773141,#ffb612,#ffffff,1,64,0,0,1,3,139,544,0.023
21,75,0,0,1,Philadelphia Forge,PHI,Philadelphia,Philadelphia,Forge,#e88900,#a00400,#ffffff,45,17,2,0,2,94,362,225,0.712
0,76,0,0,0,Buffalo Stampede,BUF,Buffalo,Buffalo,Stampede,#164833,#f6bf11,#ffffff,37,24,1,1,4,79,291,238,0.598
1,76,0,1,0,Chicago Syndicate,CHI,Chicago,Chicago,Syndicate,#1a1a18,#d9ad00,#ffffff,22,37,3,1,4,51,235,317,0.386
2,76,0,0,0,Hamilton Steelhawks,HAM,Hamilton,Hamilton,Steelhawks,#243b50,#bab9b9,#ffffff,31,29,2,2,4,68,285,281,0.515
3,76,0,0,0,Toronto North Stars,TOR,Toronto,Toronto,North Stars,#2c4ca4,#1c3168,#ffffff,29,31,4,4,2,64,264,305,0.485
4,76,0,0,1,Manhattan Rage,MAN,Manhattan,Manhattan,Rage,#97181b,#1a1a18,#ffffff,31,32,2,1,1,65,246,259,0.492
5,76,0,0,0,New England Wolfpack,NEW,New England,New England,Wolfpack,#008236,#6d6e72,#ffffff,32,29,4,1,1,69,287,260,0.523
6,76,0,0,1,Tampa Bay Barracuda,TBB,Tampa Bay,Tampa Bay,Barracuda,#0ad2d2,#f499c2,#ffffff,33,26,7,3,0,73,281,254,0.553
7,76,0,0,1,Baltimore Platoon,BAP,Baltimore,Baltimore,Platoon,#08102c,#6b1616,#ffffff,52,11,1,1,2,107,309,186,0.811
8,76,0,1,1,Calgary Dragons,CGY,Calgary,Calgary,Dragons,#a40000,#797979,#ffffff,27,35,1,4,3,58,242,315,0.439
9,76,0,1,1,Edmonton Blizzard,EDM,Edmonton,Edmonton,Blizzard,#091e40,#249cc4,#ffffff,17,44,1,1,4,39,236,347,0.295
10,76,0,1,0,Minnesota Monarchs,MIN,Minnesota,Minnesota,Monarchs,#0e3b1e,#322460,#ffffff,31,32,0,5,3,65,228,245,0.492
11,76,0,1,0,Winnipeg Aurora,WPG,Winnipeg,Winnipeg,Aurora,#0e2e2d,#2ef9b4,#ffffff,36,27,1,0,2,75,264,231,0.568
12,76,0,1,1,San Francisco Pride,SFP,San Francisco,San Francisco,Pride,#360854,#d4af37,#ffffff,50,12,1,4,3,104,351,206,0.788
13,76,0,1,1,Los Angeles Panthers,LAP,Los Angeles,Los Angeles,Panthers,#006a7a,#eb7d0b,#ffffff,50,14,1,4,1,102,343,195,0.773
14,76,0,1,0,New Orleans Specters,NOL,New Orleans,New Orleans,Specters,#860efd,#1a1a18,#ffffff,38,24,3,2,1,80,261,226,0.606
15,76,0,1,0,Texas Renegades,TEX,Texas,Texas,Renegades,#1a1a18,#606060,#ffffff,47,17,0,3,2,96,300,204,0.727
18,76,0,0,1,Atlanta Inferno,ATL,Atlanta,Atlanta,Inferno,#be1e2d,#f26522,#ffffff,31,33,1,0,1,64,249,254,0.485
19,76,0,1,1,Seattle Argonauts,SEA,Seattle,Seattle,Argonauts,#192e58,#c5942c,#ffffff,11,53,0,2,2,24,141,323,0.182
20,76,0,0,0,Montreal Patriotes,MTL,Montreal,Montreal,Patriotes,#773141,#ffb612,#ffffff,14,48,3,2,1,32,168,405,0.242
21,76,0,0,1,Philadelphia Forge,PHI,Philadelphia,Philadelphia,Forge,#e88900,#a00400,#ffffff,41,23,1,1,1,84,291,221,0.636
0,77,0,0,0,Buffalo Stampede,BUF,Buffalo,Buffalo,Stampede,#164833,#f6bf11,#ffffff,40,21,4,3,1,85,279,226,0.644
1,77,0,1,0,Chicago Syndicate,CHI,Chicago,Chicago,Syndicate,#1a1a18,#d9ad00,#ffffff,30,35,0,1,1,61,260,319,0.462
2,77,0,0,0,Hamilton Steelhawks,HAM,Hamilton,Hamilton,Steelhawks,#243b50,#bab9b9,#ffffff,27,37,2,4,0,56,230,301,0.424
3,77,0,0,0,Toronto North Stars,TOR,Toronto,Toronto,North Stars,#2c4ca4,#1c3168,#ffffff,30,34,0,2,2,62,252,273,0.470
4,77,0,0,1,Manhattan Rage,MAN,Manhattan,Manhattan,Rage,#97181b,#1a1a18,#ffffff,22,42,1,0,1,46,245,343,0.348
5,77,0,0,0,New England Wolfpack,NEW,New England,New England,Wolfpack,#008236,#6d6e72,#ffffff,40,24,1,2,1,82,324,238,0.621
6,77,0,0,1,Tampa Bay Barracuda,TBB,Tampa Bay,Tampa Bay,Barracuda,#0ad2d2,#f499c2,#ffffff,37,25,1,0,3,78,263,207,0.591
7,77,0,0,1,Baltimore Platoon,BAP,Baltimore,Baltimore,Platoon,#08102c,#6b1616,#ffffff,37,26,3,2,0,77,292,248,0.583
8,77,0,1,1,Calgary Dragons,CGY,Calgary,Calgary,Dragons,#a40000,#797979,#ffffff,20,40,5,1,1,46,210,315,0.348
9,77,0,1,1,Edmonton Blizzard,EDM,Edmonton,Edmonton,Blizzard,#091e40,#249cc4,#ffffff,12,52,1,2,1,26,196,368,0.197
10,77,0,1,0,Minnesota Monarchs,MIN,Minnesota,Minnesota,Monarchs,#0e3b1e,#322460,#ffffff,40,21,3,0,2,85,293,221,0.644
11,77,0,1,0,Winnipeg Aurora,WPG,Winnipeg,Winnipeg,Aurora,#0e2e2d,#2ef9b4,#ffffff,26,37,1,0,2,55,216,268,0.417
12,77,0,1,1,San Francisco Pride,SFP,San Francisco,San Francisco,Pride,#360854,#d4af37,#ffffff,50,16,0,3,0,100,338,203,0.758
13,77,0,1,1,Los Angeles Panthers,LAP,Los Angeles,Los Angeles,Panthers,#006a7a,#eb7d0b,#ffffff,43,22,0,1,1,87,289,203,0.659
14,77,0,1,0,New Orleans Specters,NOL,New Orleans,New Orleans,Specters,#860efd,#1a1a18,#ffffff,40,23,3,0,0,83,252,204,0.629
15,77,0,1,0,Texas Renegades,TEX,Texas,Texas,Renegades,#1a1a18,#606060,#ffffff,44,18,2,1,2,92,309,215,0.697
18,77,0,0,1,Atlanta Inferno,ATL,Atlanta,Atlanta,Inferno,#be1e2d,#f26522,#ffffff,44,20,1,2,1,90,287,235,0.682
19,77,0,1,1,Seattle Argonauts,SEA,Seattle,Seattle,Argonauts,#192e58,#c5942c,#ffffff,20,45,0,0,1,41,222,308,0.311
20,77,0,0,0,Montreal Patriotes,MTL,Montreal,Montreal,Patriotes,#773141,#ffb612,#ffffff,7,56,2,0,1,17,177,389,0.129
21,77,0,0,1,Philadelphia Forge,PHI,Philadelphia,Philadelphia,Forge,#e88900,#a00400,#ffffff,51,10,1,1,4,107,356,206,0.811
0,78,0,0,0,Buffalo Stampede,BUF,Buffalo,Buffalo,Stampede,#164833,#f6bf11,#ffffff,32,28,4,2,2,70,293,283,0.530
1,78,0,1,0,Chicago Syndicate,CHI,Chicago,Chicago,Syndicate,#1a1a18,#d9ad00,#ffffff,18,45,2,1,1,39,188,322,0.295
2,78,0,0,0,Hamilton Steelhawks,HAM,Hamilton,Hamilton,Steelhawks,#243b50,#bab9b9,#ffffff,25,34,5,2,2,57,258,301,0.432
3,78,0,0,0,Toronto North Stars,TOR,Toronto,Toronto,North Stars,#2c4ca4,#1c3168,#ffffff,38,25,1,3,2,79,250,251,0.598
4,78,0,0,1,Manhattan Rage,MAN,Manhattan,Manhattan,Rage,#97181b,#1a1a18,#ffffff,26,37,3,3,0,55,226,321,0.417
5,78,0,0,0,New England Wolfpack,NEW,New England,New England,Wolfpack,#008236,#6d6e72,#ffffff,39,23,4,4,0,82,298,249,0.621
6,78,0,0,1,Tampa Bay Barracuda,TBB,Tampa Bay,Tampa Bay,Barracuda,#0ad2d2,#f499c2,#ffffff,45,14,3,3,4,97,315,200,0.735
7,78,0,0,1,Baltimore Platoon,BAP,Baltimore,Baltimore,Platoon,#08102c,#6b1616,#ffffff,36,24,2,0,4,78,275,238,0.591
8,78,0,1,1,Calgary Dragons,CGY,Calgary,Calgary,Dragons,#a40000,#797979,#ffffff,36,24,5,1,1,78,255,231,0.591
9,78,0,1,1,Edmonton Blizzard,EDM,Edmonton,Edmonton,Blizzard,#091e40,#249cc4,#ffffff,12,50,2,0,2,28,173,343,0.212
10,78,0,1,0,Minnesota Monarchs,MIN,Minnesota,Minnesota,Monarchs,#0e3b1e,#322460,#ffffff,27,32,1,0,6,61,233,265,0.462
11,78,0,1,0,Winnipeg Aurora,WPG,Winnipeg,Winnipeg,Aurora,#0e2e2d,#2ef9b4,#ffffff,26,35,4,3,1,57,227,272,0.432
12,78,0,1,1,San Francisco Pride,SFP,San Francisco,San Francisco,Pride,#360854,#d4af37,#ffffff,48,15,1,2,2,99,353,213,0.750
13,78,0,1,1,Los Angeles Panthers,LAP,Los Angeles,Los Angeles,Panthers,#006a7a,#eb7d0b,#ffffff,49,12,2,0,3,103,332,204,0.780
14,78,0,1,0,New Orleans Specters,NOL,New Orleans,New Orleans,Specters,#860efd,#1a1a18,#ffffff,35,27,3,3,1,74,253,244,0.561
15,78,0,1,0,Texas Renegades,TEX,Texas,Texas,Renegades,#1a1a18,#606060,#ffffff,48,15,2,7,1,99,300,194,0.750
18,78,0,0,1,Atlanta Inferno,ATL,Atlanta,Atlanta,Inferno,#be1e2d,#f26522,#ffffff,38,22,3,2,3,82,284,245,0.621
19,78,0,1,1,Seattle Argonauts,SEA,Seattle,Seattle,Argonauts,#192e58,#c5942c,#ffffff,22,38,5,2,1,50,198,293,0.379
20,78,0,0,0,Montreal Patriotes,MTL,Montreal,Montreal,Patriotes,#773141,#ffb612,#ffffff,17,48,1,0,0,35,210,338,0.265
21,78,0,0,1,Philadelphia Forge,PHI,Philadelphia,Philadelphia,Forge,#e88900,#a00400,#ffffff,43,20,0,1,3,89,319,233,0.674
0,79,0,0,0,Buffalo Stampede,BUF,Buffalo,Buffalo,Stampede,#164833,#f6bf11,#ffffff,33,26,6,4,1,73,242,239,0.553
1,79,0,1,0,Chicago Syndicate,CHI,Chicago,Chicago,Syndicate,#1a1a18,#d9ad00,#ffffff,21,43,0,2,2,44,224,320,0.333
2,79,0,0,0,Hamilton Steelhawks,HAM,Hamilton,Hamilton,Steelhawks,#243b50,#bab9b9,#ffffff,21,42,1,4,2,45,231,340,0.341
3,79,0,0,0,Toronto North Stars,TOR,Toronto,Toronto,North Stars,#2c4ca4,#1c3168,#ffffff,39,23,2,1,2,82,264,216,0.621
4,79,0,0,1,Manhattan Rage,MAN,Manhattan,Manhattan,Rage,#97181b,#1a1a18,#ffffff,22,35,3,1,6,53,238,302,0.402
5,79,0,0,0,New England Wolfpack,NEW,New England,New England,Wolfpack,#008236,#6d6e72,#ffffff,39,20,3,4,4,85,299,259,0.644
6,79,0,0,1,Tampa Bay Barracuda,TBB,Tampa Bay,Tampa Bay,Barracuda,#0ad2d2,#f499c2,#ffffff,38,23,1,1,4,81,278,231,0.614
7,79,0,0,1,Baltimore Platoon,BAP,Baltimore,Baltimore,Platoon,#08102c,#6b1616,#ffffff,37,26,1,2,2,77,261,228,0.583
8,79,0,1,1,Calgary Dragons,CGY,Calgary,Calgary,Dragons,#a40000,#797979,#ffffff,41,21,2,6,2,86,270,244,0.652
9,79,0,1,1,Edmonton Blizzard,EDM,Edmonton,Edmonton,Blizzard,#091e40,#249cc4,#ffffff,17,45,3,1,1,38,239,361,0.288
10,79,0,1,0,Minnesota Monarchs,MIN,Minnesota,Minnesota,Monarchs,#0e3b1e,#322460,#ffffff,26,36,2,1,2,56,227,264,0.424
11,79,0,1,0,Winnipeg Aurora,WPG,Winnipeg,Winnipeg,Aurora,#0e2e2d,#2ef9b4,#ffffff,25,36,1,3,4,55,223,284,0.417
12,79,0,1,1,San Francisco Pride,SFP,San Francisco,San Francisco,Pride,#360854,#d4af37,#ffffff,49,15,2,1,0,100,346,203,0.758
13,79,0,1,1,Los Angeles Panthers,LAP,Los Angeles,Los Angeles,Panthers,#006a7a,#eb7d0b,#ffffff,48,17,1,0,0,97,309,221,0.735
14,79,0,1,0,New Orleans Specters,NOL,New Orleans,New Orleans,Specters,#860efd,#1a1a18,#ffffff,32,30,2,3,2,68,235,233,0.515
15,79,0,1,0,Texas Renegades,TEX,Texas,Texas,Renegades,#1a1a18,#606060,#ffffff,44,21,0,0,1,89,295,234,0.674
18,79,0,0,1,Atlanta Inferno,ATL,Atlanta,Atlanta,Inferno,#be1e2d,#f26522,#ffffff,34,26,3,1,3,74,287,248,0.561
19,79,0,1,1,Seattle Argonauts,SEA,Seattle,Seattle,Argonauts,#192e58,#c5942c,#ffffff,28,35,3,3,0,59,224,290,0.447
20,79,0,0,0,Montreal Patriotes,MTL,Montreal,Montreal,Patriotes,#773141,#ffb612,#ffffff,24,38,4,1,0,52,222,284,0.394
21,79,0,0,1,Philadelphia Forge,PHI,Philadelphia,Philadelphia,Forge,#e88900,#a00400,#ffffff,42,21,1,1,2,87,330,243,0.659
0,80,0,0,0,Buffalo Stampede,BUF,Buffalo,Buffalo,Stampede,#164833,#f6bf11,#ffffff,40,21,2,2,3,85,276,238,0.644
1,80,0,1,0,Chicago Syndicate,CHI,Chicago,Chicago,Syndicate,#1a1a18,#d9ad00,#ffffff,23,36,5,4,2,53,203,279,0.402
2,80,0,0,0,Hamilton Steelhawks,HAM,Hamilton,Hamilton,Steelhawks,#243b50,#bab9b9,#ffffff,25,38,2,1,1,53,258,311,0.402
3,80,0,0,0,Toronto North Stars,TOR,Toronto,Toronto,North Stars,#2c4ca4,#1c3168,#ffffff,23,35,6,2,2,54,220,287,0.409
4,80,0,0,1,Manhattan Rage,MAN,Manhattan,Manhattan,Rage,#97181b,#1a1a18,#ffffff,38,24,4,3,0,80,265,245,0.606
5,80,0,0,0,New England Wolfpack,NEW,New England,New England,Wolfpack,#008236,#6d6e72,#ffffff,28,34,2,0,2,60,258,302,0.455
6,80,0,0,1,Tampa Bay Barracuda,TBB,Tampa Bay,Tampa Bay,Barracuda,#0ad2d2,#f499c2,#ffffff,43,19,2,0,2,90,318,229,0.682
7,80,0,0,1,Baltimore Platoon,BAP,Baltimore,Baltimore,Platoon,#08102c,#6b1616,#ffffff,32,30,2,1,2,68,253,265,0.515
8,80,0,1,1,Calgary Dragons,CGY,Calgary,Calgary,Dragons,#a40000,#797979,#ffffff,36,25,2,2,3,77,261,243,0.583
9,80,0,1,1,Edmonton Blizzard,EDM,Edmonton,Edmonton,Blizzard,#091e40,#249cc4,#ffffff,18,46,1,0,1,38,187,329,0.288
10,80,0,1,0,Minnesota Monarchs,MIN,Minnesota,Minnesota,Monarchs,#0e3b1e,#322460,#ffffff,19,46,1,2,0,39,180,326,0.295
11,80,0,1,0,Winnipeg Aurora,WPG,Winnipeg,Winnipeg,Aurora,#0e2e2d,#2ef9b4,#ffffff,23,39,4,2,0,50,225,305,0.379
12,80,0,1,1,San Francisco Pride,SFP,San Francisco,San Francisco,Pride,#360854,#d4af37,#ffffff,46,14,2,1,4,98,329,191,0.742
13,80,0,1,1,Los Angeles Panthers,LAP,Los Angeles,Los Angeles,Panthers,#006a7a,#eb7d0b,#ffffff,35,27,3,2,1,74,275,243,0.561
14,80,0,1,0,New Orleans Specters,NOL,New Orleans,New Orleans,Specters,#860efd,#1a1a18,#ffffff,39,23,4,2,0,82,265,212,0.621
15,80,0,1,0,Texas Renegades,TEX,Texas,Texas,Renegades,#1a1a18,#606060,#ffffff,38,24,1,1,3,80,277,239,0.606
18,80,0,0,1,Atlanta Inferno,ATL,Atlanta,Atlanta,Inferno,#be1e2d,#f26522,#ffffff,54,10,2,2,0,110,355,200,0.833
19,80,0,1,1,Seattle Argonauts,SEA,Seattle,Seattle,Argonauts,#192e58,#c5942c,#ffffff,39,20,4,3,3,85,284,253,0.644
20,80,0,0,0,Montreal Patriotes,MTL,Montreal,Montreal,Patriotes,#773141,#ffb612,#ffffff,23,40,2,2,1,49,226,287,0.371
21,80,0,0,1,Philadelphia Forge,PHI,Philadelphia,Philadelphia,Forge,#e88900,#a00400,#ffffff,38,25,1,0,2,79,315,246,0.598
0,81,0,0,0,Buffalo Stampede,BUF,Buffalo,Buffalo,Stampede,#164833,#f6bf11,#ffffff,31,30,3,1,2,67,264,247,0.508
1,81,0,1,0,Chicago Syndicate,CHI,Chicago,Chicago,Syndicate,#1a1a18,#d9ad00,#ffffff,36,26,3,1,1,76,278,254,0.576
2,81,0,0,0,Hamilton Steelhawks,HAM,Hamilton,Hamilton,Steelhawks,#243b50,#bab9b9,#ffffff,17,46,2,3,1,37,240,372,0.280
3,81,0,0,0,Toronto North Stars,TOR,Toronto,Toronto,North Stars,#2c4ca4,#1c3168,#ffffff,27,35,1,2,3,58,237,275,0.439
4,81,0,0,1,Manhattan Rage,MAN,Manhattan,Manhattan,Rage,#97181b,#1a1a18,#ffffff,26,36,1,3,3,56,225,281,0.424
5,81,0,0,0,New England Wolfpack,NEW,New England,New England,Wolfpack,#008236,#6d6e72,#ffffff,36,25,4,2,1,77,270,247,0.583
6,81,0,0,1,Tampa Bay Barracuda,TBB,Tampa Bay,Tampa Bay,Barracuda,#0ad2d2,#f499c2,#ffffff,36,29,1,1,0,73,270,247,0.553
7,81,0,0,1,Baltimore Platoon,BAP,Baltimore,Baltimore,Platoon,#08102c,#6b1616,#ffffff,32,30,2,2,2,68,246,259,0.515
8,81,0,1,1,Calgary Dragons,CGY,Calgary,Calgary,Dragons,#a40000,#797979,#ffffff,35,27,3,0,1,74,275,259,0.561
9,81,0,1,1,Edmonton Blizzard,EDM,Edmonton,Edmonton,Blizzard,#091e40,#249cc4,#ffffff,24,36,6,2,0,54,214,303,0.409
10,81,0,1,0,Minnesota Monarchs,MIN,Minnesota,Minnesota,Monarchs,#0e3b1e,#322460,#ffffff,9,54,1,2,2,21,155,416,0.159
11,81,0,1,0,Winnipeg Aurora,WPG,Winnipeg,Winnipeg,Aurora,#0e2e2d,#2ef9b4,#ffffff,27,32,4,2,3,61,219,251,0.462
12,81,0,1,1,San Francisco Pride,SFP,San Francisco,San Francisco,Pride,#360854,#d4af37,#ffffff,47,16,2,1,1,97,331,185,0.735
13,81,0,1,1,Los Angeles Panthers,LAP,Los Angeles,Los Angeles,Panthers,#006a7a,#eb7d0b,#ffffff,33,26,5,1,2,73,278,244,0.553
14,81,0,1,0,New Orleans Specters,NOL,New Orleans,New Orleans,Specters,#860efd,#1a1a18,#ffffff,38,24,1,2,3,80,258,222,0.606
15,81,0,1,0,Texas Renegades,TEX,Texas,Texas,Renegades,#1a1a18,#606060,#ffffff,42,21,3,3,0,87,299,241,0.659
18,81,0,0,1,Atlanta Inferno,ATL,Atlanta,Atlanta,Inferno,#be1e2d,#f26522,#ffffff,45,16,2,1,3,95,293,190,0.720
19,81,0,1,1,Seattle Argonauts,SEA,Seattle,Seattle,Argonauts,#192e58,#c5942c,#ffffff,40,25,1,1,0,81,277,239,0.614
20,81,0,0,0,Montreal Patriotes,MTL,Montreal,Montreal,Patriotes,#773141,#ffb612,#ffffff,38,26,1,1,1,78,280,223,0.591
21,81,0,0,1,Philadelphia Forge,PHI,Philadelphia,Philadelphia,Forge,#e88900,#a00400,#ffffff,41,20,2,1,3,87,300,254,0.659
0,82,0,0,0,Buffalo Stampede,BUF,Buffalo,Buffalo,Stampede,#164833,#f6bf11,#ffffff,24,34,5,0,3,56,197,249,0.424
1,82,0,1,0,Chicago Syndicate,CHI,Chicago,Chicago,Syndicate,#1a1a18,#d9ad00,#ffffff,31,29,4,0,2,68,274,256,0.515
2,82,0,0,0,Hamilton Steelhawks,HAM,Hamilton,Hamilton,Steelhawks,#243b50,#bab9b9,#ffffff,29,33,1,1,3,62,239,287,0.470
3,82,0,0,0,Toronto North Stars,TOR,Toronto,Toronto,North Stars,#2c4ca4,#1c3168,#ffffff,21,42,1,3,2,45,223,329,0.341
4,82,0,0,1,Manhattan Rage,MAN,Manhattan,Manhattan,Rage,#97181b,#1a1a18,#ffffff,30,33,1,1,2,63,254,272,0.477
5,82,0,0,0,New England Wolfpack,NEW,New England,New England,Wolfpack,#008236,#6d6e72,#ffffff,39,24,2,2,1,81,297,245,0.614
6,82,0,0,1,Tampa Bay Barracuda,TBB,Tampa Bay,Tampa Bay,Barracuda,#0ad2d2,#f499c2,#ffffff,46,15,2,1,3,97,311,193,0.735
7,82,0,0,1,Baltimore Platoon,BAP,Baltimore,Baltimore,Platoon,#08102c,#6b1616,#ffffff,25,36,3,2,2,55,219,271,0.417
8,82,0,1,1,Calgary Dragons,CGY,Calgary,Calgary,Dragons,#a40000,#797979,#ffffff,48,15,2,4,1,99,296,186,0.750
9,82,0,1,1,Edmonton Blizzard,EDM,Edmonton,Edmonton,Blizzard,#091e40,#249cc4,#ffffff,39,22,3,0,2,83,304,232,0.629
10,82,0,1,0,Minnesota Monarchs,MIN,Minnesota,Minnesota,Monarchs,#0e3b1e,#322460,#ffffff,16,46,3,2,1,36,220,376,0.273
11,82,0,1,0,Winnipeg Aurora,WPG,Winnipeg,Winnipeg,Aurora,#0e2e2d,#2ef9b4,#ffffff,31,30,4,0,1,67,257,274,0.508
12,82,0,1,1,San Francisco Pride,SFP,San Francisco,San Francisco,Pride,#360854,#d4af37,#ffffff,21,42,2,2,1,45,195,299,0.341
13,82,0,1,1,Los Angeles Panthers,LAP,Los Angeles,Los Angeles,Panthers,#006a7a,#eb7d0b,#ffffff,35,23,4,4,4,78,290,250,0.591
14,82,0,1,0,New Orleans Specters,NOL,New Orleans,New Orleans,Specters,#860efd,#1a1a18,#ffffff,33,28,2,2,3,71,267,270,0.538
15,82,0,1,0,Texas Renegades,TEX,Texas,Texas,Renegades,#1a1a18,#606060,#ffffff,32,30,2,2,2,68,227,261,0.515
18,82,0,0,1,Atlanta Inferno,ATL,Atlanta,Atlanta,Inferno,#be1e2d,#f26522,#ffffff,47,15,3,6,1,98,292,198,0.742
19,82,0,1,1,Seattle Argonauts,SEA,Seattle,Seattle,Argonauts,#192e58,#c5942c,#ffffff,41,21,2,0,2,86,293,227,0.652
20,82,0,0,0,Montreal Patriotes,MTL,Montreal,Montreal,Patriotes,#773141,#ffb612,#ffffff,38,26,2,2,0,78,236,218,0.591
21,82,0,0,1,Philadelphia Forge,PHI,Philadelphia,Philadelphia,Forge,#e88900,#a00400,#ffffff,34,29,2,3,1,71,263,261,0.538
0,83,0,0,NA,Buffalo Stampede,BUF,Buffalo,Buffalo,Stampede,#164833,#f6bf11,#ffffff,28,35,2,2,1,59,211,244,0.447
1,83,0,1,NA,Chicago Syndicate,CHI,Chicago,Chicago,Syndicate,#1a1a18,#d9ad00,#ffffff,49,15,2,1,0,100,318,212,0.758
2,83,0,0,NA,Hamilton Steelhawks,HAM,Hamilton,Hamilton,Steelhawks,#243b50,#bab9b9,#ffffff,33,30,2,1,1,69,245,243,0.523
3,83,0,0,NA,Toronto North Stars,TOR,Toronto,Toronto,North Stars,#2c4ca4,#1c3168,#ffffff,20,43,2,1,1,43,209,338,0.326
4,83,0,0,NA,Manhattan Rage,MAN,Manhattan,Manhattan,Rage,#97181b,#1a1a18,#ffffff,42,22,2,1,0,86,296,250,0.652
5,83,0,0,NA,New England Wolfpack,NEW,New England,New England,Wolfpack,#008236,#6d6e72,#ffffff,45,16,3,2,2,95,332,199,0.720
6,83,0,0,NA,Tampa Bay Barracuda,TBB,Tampa Bay,Tampa Bay,Barracuda,#0ad2d2,#f499c2,#ffffff,40,23,1,2,2,83,329,238,0.629
7,83,0,0,NA,Baltimore Platoon,BAP,Baltimore,Baltimore,Platoon,#08102c,#6b1616,#ffffff,30,32,3,0,1,64,261,272,0.485
8,83,0,1,NA,Calgary Dragons,CGY,Calgary,Calgary,Dragons,#a40000,#797979,#ffffff,18,45,1,2,2,39,217,358,0.295
9,83,0,1,NA,Edmonton Blizzard,EDM,Edmonton,Edmonton,Blizzard,#091e40,#249cc4,#ffffff,52,14,0,0,0,104,412,219,0.788
10,83,0,1,NA,Minnesota Monarchs,MIN,Minnesota,Minnesota,Monarchs,#0e3b1e,#322460,#ffffff,7,57,1,1,1,16,138,357,0.121
11,83,0,1,NA,Winnipeg Aurora,WPG,Winnipeg,Winnipeg,Aurora,#0e2e2d,#2ef9b4,#ffffff,37,26,2,1,1,77,254,238,0.583
12,83,0,1,NA,San Francisco Pride,SFP,San Francisco,San Francisco,Pride,#360854,#d4af37,#ffffff,13,48,2,0,3,31,198,326,0.235
13,83,0,1,NA,Los Angeles Panthers,LAP,Los Angeles,Los Angeles,Panthers,#006a7a,#eb7d0b,#ffffff,12,51,1,2,2,27,160,399,0.205
14,83,0,1,NA,New Orleans Specters,NOL,New Orleans,New Orleans,Specters,#860efd,#1a1a18,#ffffff,42,21,2,0,1,87,305,222,0.659
15,83,0,1,NA,Texas Renegades,TEX,Texas,Texas,Renegades,#1a1a18,#606060,#ffffff,26,37,0,0,3,55,211,243,0.417
18,83,0,0,NA,Atlanta Inferno,ATL,Atlanta,Atlanta,Inferno,#be1e2d,#f26522,#ffffff,50,14,1,0,1,102,342,195,0.773
19,83,0,1,NA,Seattle Argonauts,SEA,Seattle,Seattle,Argonauts,#192e58,#c5942c,#ffffff,48,14,2,1,2,100,347,202,0.758
20,83,0,0,NA,Montreal Patriotes,MTL,Montreal,Montreal,Patriotes,#773141,#ffb612,#ffffff,33,30,2,1,1,69,260,249,0.523
21,83,0,0,NA,Philadelphia Forge,PHI,Philadelphia,Philadelphia,Forge,#e88900,#a00400,#ffffff,44,16,4,3,2,94,279,199,0.712
22,83,0,0,NA,Cincinnati Six,CIN,Cincinnati,Cincinnati,Six,#dedede,#c70f2e,#86bde0,33,32,0,3,1,67,242,252,0.508
23,83,0,0,NA,Nashville Sound,NSH,Nashville,Nashville,Sound,#062133,#c32922,#ecdcc5,31,33,1,3,1,64,253,271,0.485
24,83,0,1,NA,Denver Glacier Guardians,DEN,Denver,Denver,Glacier Guardians,#5a0c1e,#f3a238,#91d0ef,39,26,1,2,0,79,306,285,0.598
25,83,0,1,NA,Madison Valkyries,MAD,Madison,Madison,Valkyries,#4b014b,#008b8b,#c0c0c0,20,43,1,2,2,43,160,274,0.326
0,84,0,0,NA,Buffalo Stampede,BUF,Buffalo,Buffalo,Stampede,#164833,#f6bf11,#ffffff,30,32,1,3,3,64,223,281,0.485
1,84,0,1,NA,Chicago Syndicate,CHI,Chicago,Chicago,Syndicate,#1a1a18,#d9ad00,#ffffff,54,10,1,1,1,110,342,169,0.833
2,84,0,0,NA,Hamilton Steelhawks,HAM,Hamilton,Hamilton,Steelhawks,#243b50,#bab9b9,#ffffff,35,27,1,3,3,74,272,259,0.561
3,84,0,0,NA,Toronto North Stars,TOR,Toronto,Toronto,North Stars,#2c4ca4,#1c3168,#ffffff,16,48,2,3,0,34,195,353,0.258
4,84,0,0,NA,Manhattan Rage,MAN,Manhattan,Manhattan,Rage,#97181b,#1a1a18,#ffffff,45,16,4,0,1,95,357,225,0.720
5,84,0,0,NA,New England Wolfpack,NEW,New England,New England,Wolfpack,#008236,#6d6e72,#ffffff,42,19,2,2,3,89,328,227,0.674
6,84,0,0,NA,Tampa Bay Barracuda,TBB,Tampa Bay,Tampa Bay,Barracuda,#0ad2d2,#f499c2,#ffffff,36,25,2,3,3,77,300,254,0.583
7,84,0,0,NA,Baltimore Platoon,BAP,Baltimore,Baltimore,Platoon,#08102c,#6b1616,#ffffff,37,25,2,3,2,78,278,260,0.591
8,84,0,1,NA,Calgary Dragons,CGY,Calgary,Calgary,Dragons,#a40000,#797979,#ffffff,24,37,3,3,2,53,243,358,0.402
9,84,0,1,NA,Edmonton Blizzard,EDM,Edmonton,Edmonton,Blizzard,#091e40,#249cc4,#ffffff,57,8,1,0,0,115,464,210,0.871
10,84,0,1,NA,Minnesota Monarchs,MIN,Minnesota,Minnesota,Monarchs,#0e3b1e,#322460,#ffffff,17,46,3,0,0,37,205,327,0.280
11,84,0,1,NA,Winnipeg Aurora,WPG,Winnipeg,Winnipeg,Aurora,#0e2e2d,#2ef9b4,#ffffff,27,35,1,1,3,58,235,272,0.439
12,84,0,1,NA,San Francisco Pride,SFP,San Francisco,San Francisco,Pride,#360854,#d4af37,#ffffff,12,48,2,1,4,30,188,394,0.227
13,84,0,1,NA,Los Angeles Panthers,LAP,Los Angeles,Los Angeles,Panthers,#006a7a,#eb7d0b,#ffffff,25,37,3,2,1,54,283,351,0.409
14,84,0,1,NA,New Orleans Specters,NOL,New Orleans,New Orleans,Specters,#860efd,#1a1a18,#ffffff,36,28,1,3,1,74,261,264,0.561
15,84,0,1,NA,Texas Renegades,TEX,Texas,Texas,Renegades,#1a1a18,#606060,#ffffff,16,46,3,1,1,36,201,318,0.273
18,84,0,0,NA,Atlanta Inferno,ATL,Atlanta,Atlanta,Inferno,#be1e2d,#f26522,#ffffff,50,12,2,3,2,104,342,238,0.788
19,84,0,1,NA,Seattle Argonauts,SEA,Seattle,Seattle,Argonauts,#192e58,#c5942c,#ffffff,50,12,4,3,0,104,360,187,0.788
20,84,0,0,NA,Montreal Patriotes,MTL,Montreal,Montreal,Patriotes,#773141,#ffb612,#ffffff,35,28,2,1,1,73,268,254,0.553
21,84,0,0,NA,Philadelphia Forge,PHI,Philadelphia,Philadelphia,Forge,#e88900,#a00400,#ffffff,35,22,5,1,4,79,272,232,0.598
22,84,0,0,NA,Cincinnati Six,CIN,Cincinnati,Cincinnati,Six,#dedede,#c70f2e,#86bde0,26,34,3,3,3,58,274,324,0.439
23,84,0,0,NA,Nashville Sound,NSH,Nashville,Nashville,Sound,#062133,#c32922,#ecdcc5,26,36,4,1,0,56,264,317,0.424
24,84,0,1,NA,Denver Glacier Guardians,DEN,Denver,Denver,Glacier Guardians,#5a0c1e,#f3a238,#91d0ef,34,28,1,0,3,72,264,274,0.545
25,84,0,1,NA,Madison Valkyries,MAD,Madison,Madison,Valkyries,#4b014b,#008b8b,#c0c0c0,27,33,5,1,1,60,229,300,0.455
